user_id;user_name;user_email;user_phone
5bf95eec9ad3c0000f1b;Carlos Willian Santos;carlos_willian.santos@hotmail.com;49988182401
5af8b79f12f926000fe7;Gabrieli Zambiasi;gzambiasi99@gmail.com;49988660368
5ca807bc76c7bb00116f;Tyerry Nunes Gehlen;nunestyerry@gmail.com;49988039947
5a7636ef8cb7fe0015e8;Marcieli Bazanella;marcielibazanelaa@gmail.com;49991440161
5a8443ee7a4e9d000fd2;Rhuan Allen Quadro;rhuanallen@hotmail.com;49988126862
5a8443ee7a4e9d000fd2;Rhuan Allen Quadro;rhuanallen@hotmail.com;49998045254
5c5df9de5fb9550011fc;Vinícius Vidor Aderros;vini_vidor@hotmail.com;49988379011
5b8ef4f811d7a9000fa0;Nicole Picoli;nicolepicoli@gmail.com;49985031717
5b79f31420a518000fc6;Maria Laura Duarte;maria.laura.duarte@hotmail.com;49991715472
5c43b3907b1601001197;Daiana Dariff;daia_euo@hotmail.com;49984328532
5c73289b9b52580011b5;Mônica Schmitt;monica.schh@hotmail.com;49988479600
5d61d63a0cb123001295;Daniel Senter;danielsenter@hotmail.com;49988194051
5d755de5a7f7db00180a;Júlia Assenheimer Cardoso;juliaac1999@gmail.com;49991343737
5ca6ba08b13c3c0011c1;Dionata Paludo;dionatanpaludo@hotmail.com;49999570933
5caaa5ffbb359e00113b;Maico Costa;decorehomeservicos@gmail.com;49988242774
5a6bbfb810854f0015ce;Roberto Maccari;robertomaccari@unochapeco.edu.br;49988672222
5db48d1c68a55d001269;Fernanda Wathier;fernandawathier1@gmail.com;49999197120
5c72fd2c9b52580011b5;Marcela Paludo Chaise;marcelachaise@hotmail.com;49999720070
5db4c6532e6daa001380;Sol Machado;solangebossanova@gmail.com;49984231750
5cf5abe0488e0200128f;Anadrielly Andreatto;anadrielly@unochapeco.edu.br;49988957236
5d869f9900df28001219;Raissa romanoski;raissa_romanoski@unochapeco.edu.br;49991346464
5bd8cc8fc3533e000fb2;Natalia Boch;nataliaboch@unochapeco.edu.br;49988382948
5b413973b96c48000fcf;Indianara Palu;indianara.palu@hotmail.com;49988225059
5c858c8e8690f20011ff;João Vitor Assmann Fontana;joaofontana@unochapeco.edu.br;49984359245
5d76efb90b5b1c0012b6;Kamila Tais Basso;kamilataisbasso@hotmail.com;49998154240
5db629214a25900018ed;Kaio Martins;caiojmartins13@hotmail.com;49984071487
5d3da41de01fdc00125b;Rafael Schwengber;rafael_schwengber@hotmail.com;49999196614
5b8ffb339e5c27000fd8;Lucas Dall agnol;lucaspinhalz8@hotmail.com;49999056968
5c8ae5dbe008af001172;Suélen Ritter;suelenritter7@gmail.com;49991796396
5ce1dbc5efdfa9001100;Lucas Gava Barp;luks.barp@hotmail.com;49999698346
5d41afc34e27900012f7;Anne Renise Guinami;annyy_smo@hotmail.com;49991820971
5d6862b55146640012cc;Junior Gonçalves;jrjunior2@live.com;49999469488
5c42005fbc81c800119e;Alex jr;djichapeco@gmail.com;49998206906
5cb11633766fa400110b;Camila Ribeiro;camila-smo@hotmail.com;49991813491
5b4fb678b9a4be000f30;Anderson Menegotto;anderson.menegotto@gmail.com;49991574654
5c82d5b1a5111900116a;Ana Von Borstel;anavonborstel@yahoo.com.br;49985039573
5c05a135a37491000f91;Gabriel Nagel;gabrielnagel@gmail.com;49999988222
5c69e28b04423f0018de;Nathana Reichert;nathanareichert@hotmail.com;49991058454
5d19315683d78700127f;Fabiano Herbert;fabianooherbert@gmail.com;49999175243
5b4536b856f39d000f6a;Daniel Viecelli Dalla Betha;danielvdbetha@gmail.com;49999185223
5c9e9f152f4c0b001183;Alisson Pompeo;alissonpompeo@hotmail.com;49999326252
5d87e214092c9e00187e;Maurício Andre Giusti;giusti-@hotmail.com;49988354911
5cfd8a5657940b001238;Bárbara Eloiza Chiesa;barbaraeloizachiesa01@gmail.com;43988423915
5d45c128c8fc3700117c;Vanessa Dalsotto;wanessadalsotto@gmail.com;49991555949
5b894e1056b5f2000f71;Lidy Uliana;lidyuliana_sc@hotmail.com;49988116269
5bb9182eb01a36000f3c;Ricardo Lima;ricardo.richer.lima@gmail.com;49991137369
5d57372b1c863e001294;Pietra Moliner;pietramlr@gmail.com;49984374342
5a0b4a5d548149000f6d;Jonas Orso;jonasorso5@gmail.com;49999103170
5d4b3c6d44f84e0012e6;Dainara Andres;daai.andres@hotmail.com;49991551502
5dc5fdb91fcd890011d5;Gabriel Valente;gabrielmotorhead@hotmail.com;49988795211
5bbd2113b01a36000f3c;Paola de Sordi;paoladesordi@gmail.com;49988661846
5d64662883899d0013b9;Priscila Fusieger;pri.mega@gmail.com;49984278527
5b4132adb96c48000fcf;Jennifer Vitali Lopes;jennifer_smo@outlook.com;49985012215
5ca291d2471e790011bf;Glaydistone Silva;glaydistonedotimao@hotmail.com;49998294390
5c81cadc48cffc0011cc;Maikel Andrade;maikel.andrade@ymail.com;49998178866
5acaba9978ed2a000f4d;Luiz Alberguini;luizzz09@gmail.com;49988284029
5d72d8aa7ab12e001876;Igor Luiz Nichetti;igor-nichetti@hotmail.com;49988026875
5da8cc1c55d87a00126d;Taís;taais.bianca@hotmail.com;49991774310
5dc09fbf3e3cfc0012ad;Jhonatan Rafael madalosso;madalossojhonatan@gmail.com;49988920630
5ca7ef7eb509ae0011f1;Geovane Sigolin;geeovaneaht@hotmail.com;49999781304
5d72e99ea7f7db001809;Andrieli Giron;andrieliapgiron@gmail.com;49991061510
5c4b2a24f506900011b6;Rafael Farias;rafael_cco1801@hotmail.com;49999497221
5d1036a7048e77001284;Yandala Coutinho;yandalacoutinhos15@gmail.com;48988299755
5dcdd918707a2a0011ba;Aline Specht;alinespecht60@gmail.com;49991074923
5c92b581d348450011a1;Eduardo Franzen;edufranzen@hotmail.com;49991572599
5adfb83478ed2a000f4d;Mauri Pietro;mauri.biasi@gmail.com;49999637418
5cec83d12de713001136;Murilo Linck;linckmurilo@gmail.com;49991771997
5dcef9dcb990d50011e9;Ana Paula Siemer;ana_siemer@hotmail.com;49991350272
5ce479c40c8152001184;Silvana Vitali;silvanavitalismo@gmail.com;49999469210
5a73776b8cb7fe0015e8;João Felipe Balena;joaofelipebalena@unochapeco.edu.br;49998155555
5bc90fe5b01a36000f3d;Matheus Dos Reis;dosreismatheus12@gmail.com;49999465328
5ab6d1de12a8f9000f1b;Patrícia Wommer;patty_wommer@hotmail.com;49999204015
5d227205416f7d00125a;Katlen Sehn;katlen_100@hotmail.com;49999941794
5d73087b092c9e00187b;Francieli Puntel;fpuntel05@hotmail.com;49991835047
5c0557a91a23fd000f0f;Cristian Souto;cristianluan@gmail.com;49999070888
5dd48bb9b36b5a0018e3;Ivan Rodrigo Bandeira Seibert;ivanseibert@yahoo.com.br;49988680388
5dd55141114871001122;Leonardo Silva;leonardoluissilva0@gmail.com;49991524516
5b9a6c407b6d16000f2e;Júnior Beluzzo;junior22088@gmail.com;49988329135
59ff89da286711000f14;Ana Carolina Giongo;annah_smo@hotmail.com;49999981105
5d28f28ac7c9f2001270;Luiz Siega;luizsiegaeng@gmail.com;49988828590
5ddb035e43e3f10011ee;Eduardo Bonafé;edubona88@gmail.com;49988645161
5cf994cae01db80012c3;Yuri Fridres;yurifridres@hotmail.com;49999659555
5a9de48bfaed670015bc;Elias Spat;eliasrspat@gmail.com;49991446867
5d0e6973052d25001299;Cristiam Fulber;filbanwp@gmail.com;48998583228
5ddde76e8bd97900115c;Luiza Bertussi;luiza_92@hotmail.com;49999283649
5c7176bea88b41001134;Eduardo Rowedder;eduardorowedder@hotmail.com;49991947233
5cad18adce444f0011c4;Maria Luciana Idalgo Fagundes;lucifag@hotmail.com;49991602830
5de08778784e4d0012d2;Letícia Marafon;le.marafon@hotmail.com;49988271727
5c60aba8821d24001165;Nandyne Londero;nandynelondero@gmail.com;49998314277
5da649731789ed0012c1;Evelin Souza;evelimsouza@hotmail.com;49988755561
5d057ecdebd0a1001279;Luiz Gustavo Damian;damianluiz@hotmail.com;49984224246
5d4a0e8725f8440012fd;Rodrigo Alceu Benedet;ka.rodrigo@gmail.com;49984011705
5de7db4cbcc152001217;Maicon Soares Antunes;maiconantunes.smo@hotmail.com;49999198512
5ba6ca9db01a36000f3b;Fernando Ternus;fernandoternus@live.com;49991016214
5c05a7691a23fd000f0f;Luiz Andre de Almeida;luizandrepit@hotmail.com;49991127404
5d3b9062a37e2900123a;Felipe Zanatta;felipe_zanatta2905@hotmail.com;49991296253
5bbaa009b01a36000f3c;Bruna Berghahn;berghahn73@gmail.com;49984057118
5ba159fa1cdf6f000f72;patrícia poltronieri;patri_pto@hotmail.com;49988233520
5ceefdbe0412aa00118d;Felipe Gross;felipeg_smo@hotmail.com;55981018224
5df2b46e66c49f0018cc;Alyana Ranzan;alyana_ranzan@hotmail.com;49998200310
5df2d1c8417563001159;Abimael G. Alves;abimaelgalves@gmail.com;49988577373
5d5c813c0b5b1c0012b2;Joao Paulo Eger;joaopauloeger4@gmail.com;49984018719
5d8feaa13f775a0018ef;Ângela Daltoé Tregnago;angela_dt@hotmail.com;49991150590
5c94335f66344600112a;Claudia Cofferi;claudia.cofferi@hotmail.com;49999073030
5df6c9b1d2a5f0001238;Eduardo Weschenfelder;eduardowes@gmail.com;49988442498
5df6cb3fa63f210011aa;Eduarda Rissi;eduardarissi375@gmail.com;49998359357
5c0aefed1a23fd000f0f;Janaina Goerck;janainagoerck@gmail.com;55981389254
5dcdd7cf3a6ced001286;Rosangelo Neves;jvlimpezas@gmail.com;(49) 98812-4242
5dfc00cbab8602001134;Guilherme Bonavigo;gui_bonavigo@hotmail.com;49988409595
5d46084be0f013001246;Eduarda Cristina Black;eduarda_dudablack@hotmail.com;49999066577
5d7ed8cc3f775a0018ec;João Wesley Fagundes;fagundesjoaowesley@gmail.com;49991932794
5df6dd4e462e9b00115f;Andrey Evangelista;andrey.evangelista@unochapeco.edu.br;49998300539
5d338f5cf917dd001266;Luana de Marchi;luanna_demarchi@hotmail.com;49991332180
5d8562b054a938001860;Ricardo Hendges;ricardohe04@gmail.com;49988476877
5d26904a3b73c8001253;Valmir da Silva;valmirdasilva1506@gmail.com;49991813349
5df8246143c94a0011a2;Cristina Padilha;santaleao4@gmail.com;49999040038
5b550a72b9a4be000f30;Ellen Borghetti;ellen.raissa15@gmail.com;49988728081
5e0684cb42d9e6001125;Ismael Figueiró;ismael_keeper@hotmail.com;49999246993
5ce014451ebe99001153;Julian Carlos;julian.ce@granmestri.com.br;49984326326
5d8f73d354a938001861;Isis Burtet Jankus;isisjankus@hotmail.com;49984163444
5b92ff1b7b6d16000f2e;Cassiane Regina Hanauer;hanauer060294@gmail.com;49998049111
5de3098a29b7bb0018ed;Paloma Machado;palomamachadosantana@hotmail.com;49991663005
5e0e8fe80692e4001193;Marcelo Rubin;marcelo-rubin@hotmail.com;49991061394
5e0fd390c8a4c3001883;Simone Schaefer;simoneschaefersjo@hotmail.com;49999834070
5e0fe6606a30ef00114a;Cristiaano Maicon;unapologetic1996@gmail.com;49991025525
5d36326be390070012fa;Mari Manfé;marihsmo@hotmail.com;49991754995
5e13ace890e1d9001876;Gian Oliveira;giano0248@gmail.com;49988178526
5e13b4b56a30ef00114b;Vilson Junior;vilson321@hotmail.com;49988044412
5d8cbbbe7ab12e00187a;Gustavo Henrique Bazi;gustavobazi14@gmail.com;49998259474
5e151a4790e1d9001877;Vanessa Soares;vanessasoares31@gmail.com;49998169680
5d59bcef83899d0013b7;Rodrigo Andreis;digoandreis@yahoo.com.br;49988441026
5e1a869a22b7f60018be;Elizandro Portella;elizandroxxt007@gmail.com;49998117731
5e1cecd0f84f17001845;Jeferson Albani;jefersonalbani75@gmail.com;49989100628
5e1e3da6bcccb6001882;Adriane Macedo;adriane.macedo@globo.com;49984036966
5c3ced3104b116001137;Gilcelli Guedes Dorneles;gilcellisc@gmail.com;49991557749
5e20e21922b7f60018bf;Luis Groth;grothluis@bol.com.br;49988758208
5bb43a2fbb594d000fe7;Vinicius Fusieger;vinicius_smo@hotmail.com;49998114243
5e24e55c2c717100192b;Leonice Suzana Freier;suzanafreier@hotmail.com;49999306182
5d4f4b10d8b56000119f;Dionathan Dill;dionathandill@gmail.com;49999284046
5d5742ab5146640012ca;diego Dalsotto;diegodalsotto@hotmail.com;49991165951
5e2cca7d35b00300187e;Delsio Trevizol;trevizol@gmail.com;49991479675
5e33524c6c725a0018d6;Diego Turmina;diegoturmina@gmail.com;49999228627
5e2e15e13fd34f0018d3;Rafael Vinícius da Silva;atualrafael@hotmail.com;49991567744
5e03f151a5fa7b001105;Mateus Luciano;mateus_itapira@hotmail.com;49998047476
5e331b16f9bea0001848;Ticiana Reis;ticianareis.ipo10@gmail.com;49991792786
5e361ebd3fd34f0018d4;Nelise Fátima Vacarin;nelisefvsmo@gmail.com;49999160467
5b258bd3dad81f000f4f;Leonardo Oenning;leeoenning@hotmail.com;49999976778
5e3ecb9f4b6e07001423;Keli Raquel secchi;kelisecchi@unochapeco.edu.br;49988425887
5c8d811689b89c0011e7;Gabriel H. Wagner;gabbi-wagner@hotmail.com;49991696661
5db0f51ac2c2490012b3;Laura Mazzutti;lauramazzutti@hotmail.com;49988286129
5c5758868b40f9001196;Carolina Eduarda Eich;carolina_eich@hotmail.com;49998194263
5e43173096d9fc001873;Lucas Schaker;lucas.schaker@hotmail.com;49999457748
5ca7e1bab509ae0011f1;Geisy Regina Moro Paulus;geisyunik@hotmail.com;49999472777
5e481c9ed2304c001875;Angela Somavilla Cocco;ange_cocco@hotmail.com;49999003853
5e252bf927277b0019a0;Luani Padilha;padilhaluani54@gmail.com;49991077567
5e252bf927277b0019a0;Luani Padilha;padilhaluani54@gmail.com;49988028439
5e48774e96d9fc001873;Mariana Daltoé;nanadaltoe@gmail.com;49991916703
5bffea349ad3c0000f1b;Fernanda Bugnotto;ferbugnotto@hotmail.com;49988079708
5e528e09945fe30012de;charles lunardi;charlesl.smo@gmail.com;49984098046
5c71e307090d96001151;Luiz Felipe Segalin;luizsegalin@hotmail.com;49991678585
5a7237f08cb7fe0015e8;Jones R. Balen;fracaorepresentacoes@hotmail.com;49999490033
5e56eef7bab9f0001186;Taiany Miranda;taiany.miranda@hotmail.com;54999820147
5e528ce2bab9f0001185;Tais Rodrigues;thaysrodrigues2009@hotmail.com;49985018087
5de2e8a38bd97900115c;Tatiana Lima Dos Santos;tatyyysantos17@gmail.com;49984240865
5e513ce1f1a2ba0018ce;Vinícius Wendling;vini96_smo@hotmail.com;49999090360
5e507d7cbab9f0001185;Juliana Signori;juliana.sziani@hotmail.com;49988173312
5af4d1a2a231e2000f72;Natan Scapin;natan.scapin@unochapeco.edu.br;49991430366
5e643a6e2f3a0b001843;Hugo Rafael Mossini;hugorafaelmossimi@gmail.com;49999607912
5e656976e45b9d001202;Cleusa Todescatto;ctodescatto@hotmail.com;49999901121
5d59b062bff8e900127f;Ana Luisa Streck;analuisacco@gmail.com;49984026285
5e48670ed2304c001875;Luiz Perin;luizhenrique_gremista@hotmail.com;49988920409
5c79d4bd96839f0011a1;Vanessa Thaís Wagner;vanessawagner@unochapeco.edu.br;49991394443
5e30cdb9ca3481001c50;Diogo Rafael Rupolo;diogorupolo60@gmail.com;49991218358
5c5b30865fb9550011fc;Julio Fernandes;fjulio429@gmail.com;49999972343
5e7549299ce59a001c3e;Claudia Bellan;claudiabellan@gmail.com;49991273251
5c9fe24d46f61300119b;Bruna Provensi Bonamigo;bruna_bonamigo@hotmail.com;49991783424
5e7e631830192c0018f2;Gleison Somensi;gleisonsomensi6@gmail.com;49988452923
5c8c02146f8f6d0011f5;Gustavo Schaurich;gus.schaurich@gmail.com;49988235051
5e7d197bba1dc10018ab;Angela Simone Kuntz;angellasimonee@hotmail.com;49991255002
5e7fd941bbade9001114;Nathalia Mara;felipe.r.santos10@gmail.com;49998277537
5e826c970917790011d0;Cris Baldin;crisiane.garcia@yahoo.com.br;49991380307
5e83c3570b22170012d8;Manoela Birck;manoela_birck@hotmail.com;51998979648
5c81c65faa7b730011ed;Eduardo Maciel;edu405m@gmail.com;49999789879
5d41a38344f84e0012e5;Gabriela Soder Bisolo;gabrielabisolo@hotmail.com;49991828287
5e92293d2217c1001361;Pedro Grigolo;pedrosgrigolo@hotmail.com;49991257292
5e9245ee39c2a50011fb;Guilherme Cavalheiro;guihcavalheiro15@hotmail.com;49988240348
5e3583eb7c5d220019d7;Alexandre Ferreira da Cruz;alexandrecruz@unochapeco.edu.br;49989004456
5e96505f8c27340018ec;Nathan Augusto Schenatto de Moraes;nathanschenatto2805@gmail.com;49999665078
5e9a62fb57fec2001811;Andressa Vichinieski;andressa892011@gmail.com;49984049733
5e9b574dcb79a2001105;André Ricardo Signor Malfatti;malfatti.com@gmail.com;49988010000
5e9cc5d74f4544001161;Victória Beatriz Galiazzi;vb.galiazzi@gmail.com;49988492444
5e9dbcef79bdb7001b6e;Marcelo Vergani;vergani.smo@hotmail.com;49999841808
5ea214414f4544001162;Camille Stülp;myla.st77@gmail.com;49998166041
5b314addc7865b000f13;Patricia;patithais_m@hotmail.com;49991910414
5ea8c17176dea30018b3;Suu Zanoni;suelinzanoni@gmail.com;51982452880
5ec05c59b0d6ef00135f;paula signori;paula.signori0110@gmail.com;49999120691
5eaddc206a67bf00136c;Renan Calderolli;renanlukas@hotmail.com;49999788201
5ec999b72974fe0012e3;Patricia da Silva;pathy_cds@hotmail.com;49988781365
5ee183a77f62f6001491;Camila Cemin Hillesheim;camila_hillesheim@estudante.sc.senai.br;49991026300
5ee2a819c37e98001210;Vanessa Felisbino;vanessafelisbino2124@gmail.com;49988816796
5ee95aebc7e3c1001308;Ricardo T. Menegotto Balbinot;ricardo_menegotto@yahoo.com.br;49991171989
5eebd63d3493d4001239;rafael veridiano;rafaelviniciusveridiano@gmail.com;47997849517
5eed01a7d4e2940012b6;Scheila Hoff;scheilahoff@hotmail.com;49999985165
5ce9b84b5d1989001110;George Rock;george.rock@hotmail.com;49999690100
5eefec195bf0e4001530;ana laura franca;analaurafranca19@gmail.com;49984170155
5ef2781d1a21110012a4;Willian Matheus Marchiori;willianmatheusmarchiori@gmail.com;49999636466
5eefc23213905d001296;hachi sushi;hachi.sushi08@hotmail.com;49989200760
5baaa406b01a36000f3b;Anderson Roden;anderson.roden97@gmail.com;49984154588
5c8d9d1489b89c0011e7;Otávio Dal Moro;otaviodall38@gmail.com;49989235995
5f05db3c8d39a2001295;Letícia Yumi Satake;leticiasatake@live.com;41999980436
5f07792b93e54900132d;Fabricio Kasper;fabriciokasper28@gmail.com;49988491468
5f0a567dda1df6001672;Bruno Dal Moro;brunocsdm15@gmail.com;49988856402
5f0e464b5428fd0014bd;Lilian Pacassa;lilianpacassa1@hotmail.com;49988300360
5f04f5168d39a2001295;Jéssica Soteli;jessicasoteli2@gmail.com;49988730084
5f04f5168d39a2001295;Jéssica Soteli;jessicasoteli98@gmail.com;49988510220
5f18c7305268ba001932;Matheus Staub;matheustaub@hotmail.com;49991713467
5d36329cb808ab0012f8;Afonso Rizzo;afonso__21@hotmail.com;49991395990
5eefe02513905d001296;Douglas Frighetto;d.frighetto@unochapeco.edu.br;49991292105
5f1a41a8f885ea00132a;Anderson Eidt;anderson@esel.com.br;49991166346
5f090db43cd7150013cb;Gabriely Kroth;krothgabriely@hotmail.com;49999534410
5f1caa25e4043900121a;Fabio Sans;sansproducer@gmail.com;55996804591
5ab5970812a8f9000f1b;Airton Lara Junior;juniortussilara@hotmail.com;49999747219
5f2184393c06cc001206;Jhony Lecardeli;jhoni.lecardeli@gmail.com;49984005169
5f25f6a10ff2290012a2;Leila P;leilalpires.lp@gmail.com;49988699754
5efe988c11797b0012fd;Julia Moretto;juliamoretto2810@gmail.com;49988559229
5d0ea5c367e121001288;Cálita Sales;calitasales123@gmail.com;49999529527
5f18c6fe32f54000120b;Veridiane Corassa;vendas01@higimixsc.com.br;49984238308
5ce48354976dd2001189;Danieli Tumelero;danieli.a.tumelero@hotmail.com;49999936702
5f24b9db9943d600124d;Adilson Juceli Ferreira;adison16a@hotmail.com;49988195014
5c9a3b2866344600112b;Bruna Naue Mota;bruniinha.bruh14@hotmail.com;49988677992
5d6a8990a1b8f10012dc;Edinara Legramante;edinara.legramante@unochapeco.edu.br;49999347996
5f39b04d7946d0001276;Kely Gregory;kelygregory@gmail.com;49984354077
5f4140f796b467001353;João Virgilio Martins;joaovirgiliomartins@hotmail.com;49999314790
5f419caf30c9740014da;Luana Jardim;luanajardim893@gmail.com;49984111790
5f4979d79936a500130d;Cassano Maloz;cmaloz_@hotmail.com;54981203557
5f42f3c190d2180013b1;Gabriel Andreatta;andreatta.gabriel@hotmail.com;49985039191
5c65c46e24d1f600189e;Sabrina Lucion;sabrina_lucion@hotmail.com;49988530050
5f4d7ffe632f310012ba;Claudio Zilu;luizclaudiocolora@gmail.com;49998021185
5f53ff83dbf9bb0013d2;Alceu Gonçalves;alceugon29@gmail.com;49999706114
5f010862d78d930014eb;Mauricio Kich;mureexx@hotmail.com;49999980982
5e41e902e28fd2001828;Gabrielle Heinz;heinzsousarangel@hotmail.com;55981206265
5e41e902e28fd2001828;Gabrielle Heinz;heinzsousarangel@hotmail.com;49991951879
5f6a8636725b410013cd;Andressa Petter;andressaerica17@gmail.com;49998166511
5f6bcf9369015300124f;Giovanni Pichetti;giovanni_martino@estudante.sc.senai.br;51998979648
5f73a177e9dbb0001330;Louise Gabrielle;louisegabriellee97@icloud.com;49999000917
5e9cc8ba4273050011d7;Tayná Christina Zappani;tayna_z@hotmail.com;49991969654
5f5a3a8c0c637900138b;Matheus kilian;matheuskilliandepaula@gmail.com;49998101305
5f7f91424eaca80013a1;Daniele Moraes;ianaelhammes98@gmail.com;49991721728
5d9910763014870012f3;Angela Coletto;ange_coletto@hotmail.com;49991512825
5f537690dbf9bb0013d2;Amanda Saraiva;amanda.saraiva1234@gmail.com;49999769138
5f8db1acecc46e001975;Flavieli Cristina Siqueira;flavieli91@gmail.com;49999918724
5f90cdef72b69b001255;Júlia Gabriela Lauxen;julia.lauxen@unochapeco.edu.br;49991977770
5c6968fbd91e840018cf;janaine canton;janaine.canton.89@gmail.com;49984132717
5f949f2fff3b250012cc;Karine Franceschi;karine_smo@hotmail.com;49984067993
5f88dd702013d8001664;Juliana Eunice Balestro;je.balestro@gmail.com;54996538409
5f96e44a9219c9001216;Josiel Golin Signor;josielsg@hotmail.com;49988014127
5f9a8b61b2a3910013de;Douglas Bueno;douglasferreirabueno@hotmail.com;54984390134
5fa096c321394d0013f0;Tatiana Massarollo;massarollo693@hotmail.com;49991900008
5fa6b244b25329001398;Maria Eduarda Lucion;mariaeduardalucion@gmail.com;49999690993
5cf83ab3371892001206;Michele Schneiders;schneidersmichele@gmail.com;49999150585
5fa46365c45bd60014f3;Ana Carolina;anaslavierocarolina@gmail.com;49991264058
5faf153d52c15d001244;Mara Rossi;rossi.mara@gmail.com;49991103065
5faf1b1055d57e001349;Paulo Ricardo Redin;paulo-redin@hotmail.com;49999120812
5fb2f1f563db240014af;Delaine Rufato;delaine.rufato@hotmail.com;49998115994
5f3b2c7e6ad60f00142c;Andressa Bueno;andressasantos5858@gmail.com;49988518388
5fb992e44ed013001243;Iraê Ervin Gruber;irae.gruber@hotmail.com;49991286013
5fc17ac1a9160b001209;Adriela Ribeiro;adrielaribeiroo@hotmail.com;45988008555
5fc184889ce913001310;Robson Poncio;roobsonponcio@gmail.com;49985028589
5ca15f112f4c0b001184;Herick Lucas;hericklucas@hotmail.com;49991550273
5e46fdc8ddc7570012a0;Leticia amaral;leticiaamaralsc@gmail.com;49999569405
5fcac34f9fd20c001261;Marco Antônio;marco.antonio.leite72@gmail.com;49988906862
5fcd4a86b1463a0016cc;Maria Teles;mariatelesfaqui@gmail.com;49991730937
5fcd4c5e121c6a0013e6;Matheus Faqui Dresch;matheus.faqui.dresch@gmail.com;49991769917
5fcfd0d5ffb374001314;Cassiana da veiga;cassi00veiga@gmail.com;46991185737
5cedde0d8d36f0001101;Fernanda Trentin;fernandatrentin@hotmail.com;49988325945
5db8c7b831f866001246;André Leonardo Bort Vieira;andrepzo@live.com;49988596430
5fd00a62d73c10001235;Renan Goz;renanw_11@hotmail.com;49988492767
5fd00ec3ffb374001314;Gabriel Picolotto;gabi_pico@hotmail.com;49988386032
5fd0ec96922deb0016f9;Sabrina Zanatta;sabrina.zanatta@outlook.com;49998213952
5fd69b2971532b001a84;Michel Gustavo Lauermann;michelpzo@hotmail.com;49988043606
5fcee3f3f682c4001399;Saionara Spada;saionaraspada@gmail.com;49999088052
5fcfc76ef682c4001399;Eduarda Anselmini;dudaanselmini00@gmail.com;49991984984
5fdbec748015e1001273;Cristina Toillier;cristina_sjo@hotmail.com;49991975405
5fde8bff0a65ef00128f;Sidiane Baldo;sidoca@hotmail.com;49988635606
5fdfe7be904d350012f1;Jeferson Pilar;jeferson-pilar@hotmail.com;49999828786
5bfddc0f1a23fd000f0e;Guilherme Marcom;guim.smo@gmail.com;49984344599
5fe3d5a0f4f2a30012e5;Alexandre Schwengber;aleciprianivet@hotmail.com;49991265112
5fe3ee9ccd5b1400126f;Alanderson koch;alandersonluizkoch@gmail.com;49999578369
5fe51032bdf4590013b8;Fernando Stringhini;i7q4j9mymq@privaterelay.appleid.com;49999053970
5fe7adaf8af4500012a3;Edina Koelzer;edinakoelzer@hotmail.com;49988594555
5fe7bd0e8af4500012a3;Gerson Albrecht;gerson_alb@hotmail.com;49991496588
5fe7766dd8c4b70012df;Herique Tonsack;heriquetonsack@gmail.com;49991071637
5fe7c3a60beb66001206;Daniele Raffaelli;daniele_smo@hotmail.com;49999080187
5fe7cbe66b928c00122d;Alan da Silva;alaaansilvaa@gmail.com;54984137637
5fe91c8770fd26001244;leomar Deprá;leomardepra@yahoo.com.br;49991571865
5fef5852c337eb0012f4;Rafael Nak;rafa.nak2020@gmail.com;54996348974
5fefa96b9b4114001343;Nilson Aires;vendaspacnilson@gmail.com;54991874371
5fed209a0f8c3d00127b;Luísa Gabriela Fernandes;luisa01_fernandes@hotmail.com;47999546862
5ff669ffa17aef00129d;Charles Petrus;charles.petrus.o@hotmail.com;14997583026
5fe92b4b0beb66001206;Cristian Darcis Frasnelli;frasnelli73@gmail.com;49998327763
5fd2b744246c040012d2;Bea Steffens;renibeatrizkonradsteffens@gmail.com;49988139476
5ffa5643bc6dea0012aa;Cristhian Kaic;cristhian_outlook@hotmail.com;49999054904
5fc1a83875b0c50013b3;André Vaz;andrevazxxe@gmail.com;49998022914
6000cdb095bdda0012f0;Roberta Ellen;betaellen@hotmail.com;49988592471
6001abb9aa9d23001361;Tiago Fontana;energy39@live.com;49984359244
60037cfee50e4d0013bf;Claudia Denise;claudiadenioliveira@gmail.com;49998146700
600ade3ede7f20001298;Andressa Buzatto;andressabuzatto7@gmail.com;49988346252
5da26d071789ed0012c1;Leonardo Daltoé;leodaltoe@yahoo.com.br;49991454390
5fcbfda49b72e70012ea;Liliana Queiroz;lilianadematosqueiroz@gmail.com;92994218704
600dd98c4f1a7100120e;Lucas Fior;fiorlucas78@gmail.com;49991797975
60103adab7977000148d;Silvana Trindade;siltrindade2015@gmail.com;49984229631
600ea4700621c3001230;Janaína Xavier;janasdsmap@gmail.com;49988726046
6008b3656a7262001222;Natália Rhoden Barp;nataliarbarp@gmail.com;49984024862
600aff2da31f7c001228;Deivid Junior Seibel;deividjrseibel@gmail.com;49991294855
600f4f34624b09001704;Mariléia Zamiani;marizamiani@hotmail.com;49999902587
60084cb95907de0012c4;Kamila Ignes Martins;kamila1308@gmail.com;49999579730
600ef0aace5c3200127b;Giuvani Filipini;giuvanifilipini@hotmail.com;49998269555
600c1187fd8bde0012cb;Ilisa Cristina Diesel;ilisadiesel27@hotmail.com;49991828688
60107755b7977000148d;Adriele Dill;adrieledill15@gmail.com;49991910090
600ad7d47b892f001359;Samoel Dewes;dwssamuca@gmail.com;49999590386
60088adef76e430012ed;Anderson Cremonte;andersonco91@gmail.com;55981505400
600c867f2cfc8d001394;João Gabriel De Abreu;joaoabreugabriel@gmail.com;49999275866
601081e040bb46001472;Joabe Ribeiro;rjoabe519@gmail.com;49984357778
6008445ad173480012d1;Cleidivane Brandt;cleidivane.brandt@hotmail.com;49999766412
601021ad40bb46001472;Natanael R. Narciso;natanaelnarciso16@gmail.com;49984192768
600b332ace4f270012f3;Yuri Ferreira;yuri.yf.ferreira.yf@gmail.com;49991063914
600c221b5d7642001384;Geisy Regina Moro Paulus;geisyedinei@gmail.com;49999472777
60096d265907de0012c4;Patrícia Hahn Lissak;adv.hahn@gmail.com;49999829111
6008b97af76e430012ed;Eduardo Oliveira;eduardogabi13.eg@gmail.com;49984220516
600ee7a2bf9e1a0012a6;Karine Bedin Cechini;karine.bedin@sc.senac.br;49991688373
600f4f7c624b09001704;Kauana Maielly Mazzocuoo Cardozo;kauana.faturamento@gmail.com;49988627272
60101f8440bb46001472;Débora Halmenschlager;debora29dh@gmail.com;49999091902
6008dc376a7262001222;Felipe Panazzolo;felipe.panazzolo2@gmail.com;49991252567
600834ea2d33b3001299;Karol Nunes;karolinemarianunes@icloud.com;49988502323
600a9a81ce4f270012f3;Bianca Kessler;biancadenevee@hotmail.com;49988051261
601041788b525a00123c;Ana Paula;paulinhabernardi97@gmail.com;49999407060
601081f58b525a00123c;Larissa Gambatto;lari0904@hotmail.com;49988582640
601084e240bb46001472;Nadi Peloso;claudete.peloso@hotmail.com;49991787575
600c2ebed5409c00130a;Alexandre Gustavo;aleropke@hotmail.com;49989219598
5c5a014cb0a028001115;Alica Dutra;alicadutra@hotmail.com;49991147965
600ab77cce4f270012f3;Déborah de Bem;deebo.rah@hotmail.com;49998052055
60084fdcf76e430012ed;Roh Spiecker;rospiecker@hotmail.com.br;49991773352
6008870dd173480012d2;Luis Henrique Justino;luis.justin@hotmail.com;49984022080
5fac97c8a82f3f0012ef;Débora;debora-bertochi@hotmail.com;49991475502
601047e12d807500125d;Larissa Schenatto;larissaschenatto@icloud.com;49999346005
5c6c434d24d1f60018a0;Guilherme Demoliner;guillherme.demoliner@gmail.com;49991584919
600f3b01dd85ce0012bc;Simone Konflanz;syesum@hotmail.com;49991842808
601086432d807500125d;Rafael Henrique Klein;rafahenriqueklein@gmail.com;49984379218
60100e9c40bb46001472;Ede Colli;ednesio.colli@gmail.com;49988369338
600d79be1bf0560012bb;Maira Andrade Pacovska;mairapacovska@yahoo.com.br;49991090142
600f32a3a5c3620013be;Jucimara Linhares;jucimarasmo@gmail.com;49991423846
6008260b48acdf001320;Isabela De Lima;isalima7@hotmail.com;49999718194
600953eb6b8b92001440;Solange Castro;evaniowronski@gmail.com;49998332768
6010324140bb46001472;Adrielli Eloisa Ciquelero;adriellieloisa@hotmail.com;49985053808
600865d6f76e430012ed;Daniela Caron;daniela.caron@hotmail.com;49991432900
600b4cd820323a001337;Deize Isabel Nonenmacher;deizeisabell@gmail.com;49998153059
60106a5d1e0063001304;Neia Ribeiro;luna.ribeiro300@hotmail.com;49991912193
601028c08b525a00123c;Luana Casagranda;luanacasagranda1@outlook.com;49991488456
60096cd65907de0012c4;Viviane Bonatto;vibonatto@hotmail.com;49984337433
6009dac2f0e2230012a7;Thiago Fior Sehn;thiagosehn@unochapeco.edu.br;49999561127
6010877103fb8c0013a9;Camila Scariot;camilascariot@hotmail.com;49998032576
600a341dcb39d900126d;Junior Messias;jrmessias@gmail.com;49988198409
6008b36b6a7262001222;Maria Clecy Gomes Borsatto;mariaclecy@hotmail.com;49988183621
600ed762bf9e1a0012a6;Érica Brunelli;erica30brunelli@hotmail.com;49991659235
600a028bf0e2230012a7;Maria Aline Andrin;mariaalineeandrin@gmail.com;49991537930
6008907ad173480012d2;Lethielle Vanessa Goulart;lethi.goulart@gmail.com;49988979710
60097e7073f87c001264;Dilci Hettwer;dilcylopes@gmail.com;49991842776
6008a5322d33b3001299;Marina Dambros;marinadambros06@outlook.com;49991842444
60103947b7977000148d;Kevin Mateus Ledur;kevinmateusbmh@gmail.com;49991834206
60103aa00621c3001230;Alana Gugel;gugelalana@hotmail.com;49988168790
60076fdef76e430012ed;Vanessa Capellari;vanessadossantos.ipo@hotmail.com;49991947178
600ffad540bb46001472;Eduardo Dreifke De Oliveira;eduardo.dreifke@gmail.com;49991451192
601022e003fb8c0013a9;Matheus Pierezan;matheus.pierezandasilva@gmail.com;49988381406
60106f46ee2f4e001244;Patricia Fiorini Bard;patriciafiorini@hotmail.com.br;49988184312
600f59600621c3001230;Scheila Gava;scheilagava@hotmail.com;49988266781
601086f70621c3001230;Jéssica Funes;jessicaandreiafunes@hotmail.com;49991888296
60108a9a40bb46001472;Caroline Rasche;carolinerasche.arq@gmail.com;49988611919
6009652e8d9e81001351;Karine Lazarotto;karinelazarotto@hotmail.com;49988337484
600ad18e20323a001336;Kelvyn Rodrigues;kelvynrk@live.com;49988656782
60101ebe2d807500125d;Juliane Lapazini;juliane.lapazini@gmail.com;49991051416
600ec7af624b09001704;Ana Ander Rossi;rossis716@hotmail.com;49991967926
600ae63da31f7c001228;Silvia Tays Pavani Rocha;silviataysrocha@gmail.com;49984134743
600db1f0fd8bde0012cc;Tais Cecchin Nunzio;taisnunzio13@hotmail.com;49988322999
6010892b40bb46001472;Everson Roque Dos Santos;eversonsmo@gmail.com;49920002035
6009d669cb39d900126d;Maiky r;maiky.ramon@gmail.com;49999425570
6009d669cb39d900126d;Maiky Ramon;maiky.ramon@gmail.com;49999425570
60072274e50007001262;Cristina Hajduk;tinahajduk906@gmail.com;49999597510
600dc7f94f1a7100120e;Davi Kochhann;dk2759@gmail.com;49991853601
60108b15b7977000148d;Everaldo Martins Pinto;eveveca@gmail.com;49984106303
600a06a8ad16070012dc;Luiz Coppini;coppiniluizcoppini@gmail.com;49984079494
601047c02d807500125d;Leridiana Raatz;leridiana.raatz@hotmail.com;49988122546
600e270d30518a001289;Mateus Zardo;mmateuszardo@gmail.com;49998417582
601072f31e0063001304;Daline Daiane Rasch;daline2309@gmail.com;49999361379
600f5a94ce5c3200127b;Maikon Ramon;maikon.ramon93@gmail.com;49999004630
60083d6bf76e430012ed;Síntia Talisa;sintia01talisa@gmail.com;49985030293
6007605ff46828001453;Repórter - Cristian Lösch;loschcristian@gmail.com;49991966240
601034338b525a00123c;Diana Monaretto;dianamonaretto@gmail.com;49991527971
600ff7cc40bb46001472;Manoel Dutra;manoeldutra93@gmail.com;49988003155
6010260b03fb8c0013a9;Wesley Paliano;wesleysmo77@outlook.com;49991761093
601034868b525a00123c;Cristiane Patricia Bedin;krizsmo@yahoo.com.br;49984280046
6008a1e748acdf001320;Gabriely Maryna Paulus;gabriely.maryna@gmail.com;49988613547
600c0169c623c1001251;Lucas Ventura Griebeler;lucasgriebeler@hotmail.com;46999034174
600b5561fd8bde0012cb;André Luiz Lui;andrelui485@gmail.com;49991979316
60108ded8b525a00123c;Anderson Tiago Bortolotti;anderson@nomaze.design;49988304559
60104d9a8b525a00123c;Ana Paula Floss Souza;hazm2he8ww@privaterelay.appleid.com;49992005935
6009c829ad16070012dc;Vitor lignon;vitorsomavillalignon@hotmail.com;49991110044
6008a89448acdf001320;Michel Gonsales;michel.gonsales@gmail.com;49991426752
6010891d03fb8c0013a9;Gabrieli Lancini;lancinigabrieli@gmail.com;49991969937
600f43cd0621c3001230;Francielle Hammes;franciellehammes@hotmail.com;49991522828
600838da48acdf001320;Stefani Camargo;camargosteffany53@gmail.com;49991097719
60108e1003fb8c0013a9;Ana Paula Pazzini;greguimt@hotmail.com;49984220176
600a00ec4a77a10012d6;Ana Paula;anna19paulla@hotmail.com;49991631548
600f41970b3f09001280;Adriana Oliveira;adrianaoliveirajunior0030@gmail.com;49998155080
600f3ce60621c3001230;Kaio Wagner;kaiowagner97445207@gmail.com;49984136474
601091292d807500125d;Gabriela Klaus;gabrielaklaus494@gmail.com;49999704948
600859792d33b3001299;Jordana Richter;jordanacarolinar@gmail.com;49999018880
600966a65907de0012c4;Tatiane Staub;tatiane10staub@gmail.com;49991933983
601091acb7977000148d;Jhenifer Constancio;jhenivalladao@gmail.com;49920018575
601079f940bb46001472;Rogerio Giongo;rogeriogiongo@yahoo.com;49988009274
60085e1bd173480012d1;Camila Ana De Lima;camilinhaana@me.com;49991637369
6010926d8b525a00123c;Maicon Antonio da silva;maicon9-smo@hotmail.com;49988848395
60087cbe2d33b3001299;Jacqueline Roecker Tolaine;jacquert01@gmail.com;49998081275
6010340f1e0063001304;Larissa Carla Bernardi;larissa.bernardi1@gmail.com;49991940440
600863505861ae00126b;Juliana Longhi;julianalonghi@outlook.com.br;49984389368
6010946d1e0063001305;Lipe Zanin;lipehzanin@hotmail.com;49998001141
60106e0b40bb46001472;João Paulo Roza Gomes;joaogomesroza@yahoo.com.br;49984275832
60105b4e0621c3001230;Joyce Annoni;jooyceannoni@hotmail.com;49991128061
60085aa448acdf001320;Kleiton Fernandes;kleitonaugustinhofernandes@gmail.com;49999018880
60107c29ee2f4e001244;Camila Kunz;camila.e.kunz@gmail.com;49991099411
600c83e9c623c1001251;Sonimara Cieplak;sonimaracieplak@gmail.com;49988174283
600b3699a31f7c001228;Omar Moises Figueroa Freites;figueroaomar288@gmail.com;49984065585
600b3699a31f7c001228;Omar Moises Figueroa Freites;figueroaomar288@gmail.com;49999592942
601093f540bb46001472;Eloisa Fernanda Dutra De Campos;gilberto1595@hotmail.com;49991523530
600ddf11bf9e1a0012a6;Julian Ariel Castaman;julian@castaman.com.br;49988044698
600e2d610621c3001230;Diogo Kogler;diogokogler@hotmail.com;55996649824
6010968f8b525a00123c;Bernardo Cardoso;bernardoluib@gmail.com;49991376862
601035c68b525a00123c;Daniela Da Rocha;danielarobson9@gmail.com;49991346838
601090dd1e0063001305;Camila Marina Orso;camilamarinaorso@gmail.com;49999017252
600f4d8c0621c3001230;Nubia Fabiana S Merces;nubia@outlook.com.br;49998214417
601054ef0621c3001230;Rejane Vincenzi Martini;rejanemartini973@gmail.com;49999465475
6008482e48acdf001320;Cristiane Nunes;cristianenunes474@gmail.com;49999545128
6007697048acdf001320;Vanessa Spinelli;vanessaspinelli98@hotmail.com;49991104762
600f50400621c3001230;Ana Groth;annaflach03@gmail.com;49991523178
60104edcb7977000148d;Paula Regina Stoll;stolltatiana87@gmail.com;49991616983
600763c0f76e430012ed;Taylor Antônio Baptita;taylor.dido@gmail.com;49988442825
60109a8d0621c3001230;Juliana Birck Lucion;juliana.lucion15@gmail.com;49991750891
601020200621c3001230;Maria Eduarda Faccio Hammes;dudahammes@hotmail.com;49991504705
5e9f91f590fe1a001800;Samira Przylepa;samira_przylepa_@hotmail.com;49999605392
60109bb20621c3001230;Jaqueline Bamberg;jaquebbamberg@gmail.com;49998012229
60109d5d40bb46001472;Jackeline Gabriely Corá;jackecora99@gmail.com;49991285809
600edf2e624b09001704;Igor Antônio Zardo;iigor.zardo@gmail.com;49991559191
6008a0f75861ae00126b;Gabriela Busnello;gabrielabusnello18@gmail.com;49991656978
600b15ee20323a001336;Tayze de Carli;tayzeandressa@gmail.com;49988171982
600833375907de0012c4;Gabriela Cunha;gabryela.cunha@hotmail.com;49991158241
60104d57b7977000148d;Ericky Sírtoli;erickysir@gmail.com;49988009866
601073c2b7977000148d;Diana Paula Ceconi;ceconipaula@gmail.com;49999312468
6010860440bb46001472;Cláudia Hanauer;aceletrica@yahoo.com.br;49999587818
600f4626624b09001704;Adriane Wissmann;dzj5z8d4ua@privaterelay.appleid.com;49984197062
600cb12805e8fd001275;Victor Eduardo Lorenzon;velorenzon@gmail.com;49991930775
600c5dcad5409c00130a;Enzo Antônio Dal Magro;enzoantonio@hotmail.com;49999235566
601098860621c3001230;Marcia Kaiser Kamp;marciakaiserkamp@gmail.com;49991164447
600d832f4f1a7100120e;Elis Regina Mulinari;elis.zanin@unoesc.edu.br;49991592719
600c28d35d7642001384;Jessica Aline;carvalhjessica1990@gmail.com;47996658560
6009722d8d9e81001351;Cristian Zanatta;piadovani2010@hotmail.com;49998174099
600b42b8ce4f270012f3;Dhyenifer da Silveira Spielmann;dhyeniferspielmann@gmail.com;49999789467
6009d8597b892f001358;Joel Welter;joel.welter@hotmail.com;49991364165
60109de240bb46001472;Guilherme Marcon;gui.smo@hotmail.com;49998018880
600f38cebf9e1a0012a6;Mariana Aparecida Ramos;mariramos11@hotmail.com;49991519231
600b72a720323a001337;Mari Angela Massinhani;mari.massinhani@gmail.com;49999704083
6010a1a540bb46001472;Victor Eduardo Wathier Rodrigues;elisandrotania@gmail.com;49999080871
600ca12b5d7642001385;Jhonatan De Bona;jhojhodebona@gmail.com;49998417538
6010617240bb46001472;Deisi  Cristina;deisicristina55@gmail.com;49999358213
5e3a1fa362ea8700118f;Rogerio Amaral;rogerioamaral.sh@gmail.com;49991160032
601071b81e0063001304;Leonardo Gallina;leonardo.v.gallina@gmail.com;49991066820
600a2b18f0e2230012a7;Valquíria Rodrigues;vaalquiria9115@gmail.com;49991497796
600c389605e8fd001275;Caroline Kreuz;ckreuz0197@gmail.com;49999535356
601022bc03fb8c0013a9;Thais Aires;thaisaires56@gmail.com;49998193726
600958055907de0012c4;Cristiane Pandolfo Giordani;cristiane.milenio@gmail.com;49999783470
60109c9b1e0063001305;pedro henrique almeida soares;pedroalmeida3@icloud.com;67992205260
600f3435dd85ce0012bc;Marcia Vescovi;marciav.fofa@gmail.com;49991757152
600dc4fbd22cb000126f;Michele Tainara;michele-14@hotmail.com;49991918784
601083bdb7977000148d;Douglas Zatti;douglaszatti@yahoo.com.br;49991433952
6010a9c5ee2f4e001244;Angélica Siqueira;angiesiqueira@gmail.com;49991651435
60077951a520d6001351;Andreia Bach Dos Santos;absantos@sc.senac.br;49988521777
60102e5d8b525a00123c;Tiago Naidk;tuago.an@aluno.ifsc.edu.br;49991516923
600d5a56fd8bde0012cc;Larissa Mitrus;larrissalovatto@gmail.com;49988784681
600f68970b3f09001280;Mychel Alexandre De Almeida;dealmeidamychel@gmail.com;49991010420
6010aeb9b7977000148d;Guilherme Felicetti Brusco;criticalxd8@gmail.com;49999038533
600af72d6491f7001325;Maria Eloísa Couto ????;maehcouto7@gmail.com;49984039125
60105cfb2d807500125d;Andressa Capellari;andry.capellari6@gmail.com;49984360897
6010358cb7977000148d;Ademir José Zimmermann Junior;zimmermannjunior@hotmail.com;49991941093
601079ff8b525a00123c;Chéuri Simonetti;cheuri.simonetti@unoesc.edu.br;49991132689
6010b2a740bb46001473;Françoá Cavalli;francoa.cavalli@hotmail.com;49991422497
600ca3bf2cfc8d001394;Silva Júnior;silvajrlocutorfm@hotmail.com;46988074772
601059a38b525a00123c;Samanta Sanata;samanta.sanata@gmail.com;49984088520
600b279f6491f7001325;Suellen Guaragni;suellen.guaragnii@gmail.com;49991967710
600ca2e32cfc8d001394;Mitzrael Klaus;mitzraelklaus@gmail.com;49991589775
6010b65740bb46001473;May Schmitt;maiquelisoares615@gmail.com;49991915338
600b1b497b892f001359;Duda Zanetti;dudazanett@icloud.com;49991187315
6010b8cfee2f4e001244;Daniel Felipe Dill;daniel-dill@hotmail.com;49988313645
600873b448acdf001320;Monica Esper;moniicaesper@gmail.com;51998850315
6010c5b81e0063001305;Gabriel Santos Ribeiro;gabrieldsrg123@gmail.com;49988774998
6009a4d2f0e2230012a7;Maikon Luan de Zanetti;maikondezanetti@gmail.com;49991504411
600b530ffd8bde0012cb;Ana Paula Lolato;paulalolatosmo@gmail.com;49991670050
60085b172d33b3001299;Gabriele Rossetto;gabirossetto.gr@gmail.com;49991897793
601171c70621c3001230;Diane Aline Da Silva Rossini;dianealinesilva@gmail.com;49985039124
5d25db33ccb0310012dd;Karen Werlang;karenwerlang@yahoo.com.br;49999346571
600f5032fe59df0012a6;Maicon Zanin;maicozanin85@gmail.com;49999983773
60084e7d5861ae00126b;Gabriela de Moraes;moraesgabriela653@gmail.com;49991839780
600b57f45d7642001384;Alissa Fiametti;alissabfiametti@gmail.com;49999256748
600d83eabf9e1a0012a6;Mayara Pavi;mayarapavi@gmail.com;49998126299
6008bea1d173480012d2;Pavila Ferreira;pavilamateus@gmail.com;49991678999
600dededd22cb000126f;Leonardo Wadenphul;leonardowadenphul@icloud.com;49991914190
6008a2815861ae00126b;Bárbara Mallmann;barbaralidiane16@yahoo.com.br;49984374799
6010bbe40621c3001230;Bruna  Staudt;85tw4dbsx6@privaterelay.appleid.com;49999446995
6011a85c9134d10012a5;Roselaine Brito;roselaineb389@gmail.com;49991661923
6011b4725c5fb30017d2;emily bertotti;emilybertotti6@gmail.com;49984057884
600f2109a5c3620013be;Deise Mara Rech;deisirech2018@gmail.com;49991672764
60107569ee2f4e001244;Gabriel Antoceff;gabrielff1238@gmail.com;69999197639
600878812d33b3001299;Gabriel  De Lima;gabriel46281@gmail.com;49988414603
60082e3dd173480012d1;Keli Gozdzinki;keligozdzinki@gmail.com;49998357214
600966b06b8b92001440;Karina Beal;karinabeal@yahoo.com.br;49988284583
6010bac2ee2f4e001244;Gabriel Alencar Vicentini;gbvgamer@gmail.com;49984006226
6011d6df0621c3001230;Karina Alessandra Schneider;kah.ale.schneider@gmail.com;49991381128
6011d90680f2b0001263;Julia Staudt;staudtjuliagabriela@gmail.com;49988617663
6011d8a99134d10012a5;Joiciane Tressoldi;joicetressoldi@hotmail.com;49998029081
600f23c1a5c3620013be;Henrique Stringhini;henrismo@hotmail.com;49988521112
6011d9a73ad1fe0012dd;Adriano Kaiser;adrianokaiser@bol.com.br;49991149847
600c764bc623c1001251;Eduardo José Frantz;edujfrantz@gmail.com;49988901728
6011d91580f2b0001263;Cris Souza;cristianesouzamahl@gmail.com;55997290232
6011d91580f2b0001263;Cris Souza;cristianesouzamahl@gmail.com;49991522153
600897ebd173480012d2;Gabrieli Westphal;gabrieliwestphal@outlook.com;49991852540
601187d30621c3001230;Luciane Herber;lucianeherbersmo@gmail.com;49988198595
600377282dccea001225;Matheus Fritzen;matheusfritzen@outlook.com;49991914399
60114ebc0621c3001230;Bruna Letícia Albring Weiss;brunaleticiaalbringweiss@hotmail.com;55999097351
600dfc2230518a001289;Mario Cesar Brasil;mariocesarbrasil.mcb@gmail.com;49991568045
60105d202d807500125d;Gisele Annoni;gisele-12@live.com;49991950713
600ae09a7b892f001359;Gian Bueno;gianbueno072887@gmail.com;49991346553
6011d4c9f27a390013da;Marcelo Kunst;celolutz@gmail.com;49984114102
601187dc69ea78001250;Drakiélin Deres;drakielin@hotmail.com;49999382697
6010aa1a03fb8c0013a9;Raquel Trevisan;araqueltrevisan@gmail.com;49991871906
60082b0cd173480012d1;Marcieli Forgiarini;marcieliforgiarini@hotmail.com;49991236252
6011dcf65c5fb30017d2;Jacqueline I Black;jblack9295@yahoo.com.br;49991257570
6011de3680f2b0001263;Margarete Dal Piva;marga.dalpiva@hotmail.com;49991561559
600898396a7262001222;Tayná Schaurich;taaynaschaurich@gmail.com;49991022962
6011813080f2b0001263;Amanda Ertel;amanda.ertel@gmail.com;49988491260
6011e0e069ea78001250;Julia Eduarda;juliaeduardak.l@outlook.com;49988261254
600f96a0dd85ce0012bc;Bruna Tainah Warken;brunatainahwarken@gmail.com;49999269330
60108d062d807500125d;Marta Rodrigues Da Silva;marttarodrigues12@outlook.com;49991106036
600b23d9fd8bde0012cb;Marcelo Luiz Funez;funezmarcelo@gmail.com;49988920267
60117723b7977000148d;Simone Zancanaro;simone.zancanaro@hotmail.com;49988142496
60117723b7977000148d;Stefhani Zancanaro;simone.zancanaro@hotmail.com;49988142496
60104db18b525a00123c;Keuryn Rech;keuryn.rech@hotmail.com;49988924033
6009b49bd766e200121e;Natalia Hoffmann;nataliiahoffmann@hotmail.com;49991924724
6011db7f69ea78001250;JOSILENE Aparecida Winter;winterjosy@gmail.com;43984364246
600d7f9cd22cb000126f;Milton Francisco Perozzo;miltonf.perozzo@gmail.com;49984195111
60079177f46828001453;Deize Lenz;deize.lenz98@gmail.com;49988080637
600a03124a77a10012d6;Eliane Giombelli;cosmeticobiju@hotmail.com;49999771246
6011cc179134d10012a5;Carla Micheli Dill Narciso;carladill@yahoo.com.br;49991064307
6009efbbd766e200121e;Lucas Emanuel;lucas91099430@gmail.com;49999206084
60102d6a03fb8c0013a9;Eduardo Augusto Pilla;pilla.eduardo@gmail.com;49991683299
6011e724f27a390013da;Diego Zanin;diegozanin5@hotmail.com;49999729392
6011e6d9b7977000148d;Jean Bruno Dos Santos;jeanbruno.dossantos@yahoo.com;49991604849
6010bee240bb46001473;Caciana Olinski;caciolinski@gmail.com;49991700908
6008edde48acdf001320;João Victor Almeida Ibanhes;ibanhesjv@gmail.com;48985080696
5f9f5b2c26410100120e;Adri Corá;adri_smo22@hotmail.com;49991350461
6011d0833ad1fe0012dc;Andrée Goetz;andre.goetz19@gmail.com;49991953314
601010608b525a00123c;Maxwell Martins;maxwellvmartins@gmail.com;49999090306
60108e882d807500125d;Cleiton Chittó;cleitonsmo7@hotmail.com;49991957721
60099165ad16070012dc;Natalia Klagenberg;nataliamariaklg@gmail.com;49988362795
600e0d671bf0560012bb;Felipe Luiz Toniazzo;toniazzofelipe9@gmail.com;49984285988
6010680503fb8c0013a9;Lucas Miguel Faliguski;pecas@mmsperandio.com.br;49991193556
60082e8fd173480012d1;Janaine Fatima De Paula Klafke;janaineklafke100@yahoo.com.br;49991412797
6011eb4580f2b0001263;Jéssica Herbert;jerrherbert@icloud.com;49991863867
600860695861ae00126b;Jéssica Rodrigues da Silva;jeehxd.smo@gmail.com;49999531448
6011e97a0621c3001230;Daniele Herdmann;daniherdmann61@gmail.com;49984024424
6010b4c603fb8c0013a9;Fábio Lúcio Dorneles;fabio.dorneles99@hotmail.com;49991886628
600f5836dd85ce0012bc;Angelica Giordani;angelica9giordani@gmail.com;49991280584
6011e9dbb7977000148d;Rosani Drehmer;rosanidrehmer@hotmail.com;49992026742
6009c04251ef480012f6;Maicon J Lissak;maiconlissak@hotmail.com;49991783301
6011ed78f27a390013da;Giovani Luiz;giovaniluiz156@gmail.com;49991487144
6010319403fb8c0013a9;Nelson Ramos Rodrigues;nelson123rr@gmail.com;49988027764
6010ac8f1e0063001305;Ana Luiza Siebel;analuizad97@gmail.com;49991433540
600a2b5551ef480012f6;Daiane Alves;daiakiara2019@gmail.com;49991139089
6011ed063ad1fe0012dd;Thais Rodrigues;thaisr12@hotmail.com;49988353032
600f0bbb624b09001704;Micheli  Trentin;michelibeninca@yahoo.com.br;49988908302
6011a8403ad1fe0012dc;Taísa Karen Berté;taysakaren882@gmail.com;49991237064
600954766b8b92001440;Ana Carolina Alves Dos Santos;anaalvees12@gmail.com;49991246916
6010c591ee2f4e001244;Jediael De Andrade Carvalho Chies;jcmeprestadoradeservicos@gmail.com;49984194081
600ee437624b09001704;Marciélly Thiago;maarcimh@gmail.com;49998110845
6010589dee2f4e001244;Celia Maria Mezzomo;celia.mezzomo@hotmail.com;49988069314
6011f2ecb7977000148d;Esther Fragoso;estherfragosoo@gmail.com;49991864401
6011f298b7977000148d;Claudete Barp;claudetebarp@yahoo.com.br;49988701849
6011b72480f2b0001263;Daniel Felipe Bueno;dfbueno89@gmail.com;49999244102
601005a40621c3001230;Suzana Busnelo;suzana.busnelo@hotmail.com;49998072626
6008391e4c00880013e5;Karina Colibaba Bulin;kaarinacolibaba@gmail.com;49988640854
6011f5b780f2b0001263;Alex Goulart;gouartedigital@hotmail.com;49999231299
6011f4af80f2b0001263;Ana Luiza Pichetti Alves;analuizapichetti@hotmail.com;49999899335
6008edfdbe40060012c4;Talia Furlan;comercialtalia@hotmail.com;49999336568
600f12130b3f09001280;Karine  Balbinot;kari.balbinot@outlook.com;49999944696
600851094c00880013e5;Caroline Arcari;arcaric03@gmail.com;49991639542
60119cc380f2b0001263;Lauren Kasper Gava;laurenrkasper@icloud.com;49999973996
600b24fc20323a001336;Eliakin Wegher;eliakinleonardo@hotmail.com;49991046112
6011f5cf3ad1fe0012dd;Adrieli Kunzler Da Silva;adrikds22@gmail.com;49991881164
6010bfba03fb8c0013a9;Jezon Henrique Anverça;jezonh@gmail.com;49920008265
601001cd40bb46001472;Charles Machado Dorneles;charlesdornelesmachado@gmail.com;49991928911
6011f7995c5fb30017d2;Cristian Fenner;fennerfenner4@gmail.com;49999603548
5db8a8834a3750001245;Marcos Vinicius Perin;marcos_viniperin@hotmail.com;49999353008
600a0954d766e200121e;Carine Scariot;carinescariot94@gmail.com;49920006041
60085a0ed173480012d1;Beatriz Festner Erlo;bea.festner239@gmail.com;49991360475
6010287e0621c3001230;Gabriel Isaac Bellini;gabriel71564@hotmail.com;49988270507
601188c65c5fb30017d2;Lucas De Oliveira;lucasdeoliveira02214@gmail.com;55999097351
6011fa80b7977000148d;Débora Alana Flach;marcoosperin@gmail.com;49991251140
60101c7c1e0063001304;Liliane Vidori;lilianeevidori@gmail.com;49999272156
6011f912b7977000148d;Michele Beal;advmichelebeal@hotmail.com;49991981206
6011da5eb7977000148d;Tiago Marcelo Zortéa;tiagomarcelo79@gmail.com;49984056884
60118baaf27a390013da;Amanda Gabriela Sarzi;sarziamanda@gmail.com;49991507380
60102b12ee2f4e001244;Júlia Favero Schmidt;favero2702@gmail.com;49991688659
6011fb3af27a390013da;Andressa Cristina jesiorski;dessahealeeh@gmail.com;49991160090
600b461c20323a001337;Josias Da Silveira;josiassilveira2018@hotmail.com;49984065314
600a06277b892f001359;Indianara Korb Rosa;indianara.korb@gmail.com;49988052479
601037d48b525a00123c;Jaqueline Romio;jaquelineromio@gmail.com;49988572193
600b52a6a31f7c001228;Jaque Amaral;jaqueamaral2356@gmail.com;49999386689
6010aefc2d807500125d;Fabiana Fátima Castanho;castanhofabiana@yahoo.com.br;49991476061
6011fdb969ea78001250;Felipe Folmer;felipefolmer10@gmail.com;47992914640
600d867ad22cb000126f;Janice Marchi;janicemarchi@gmail.com;49991442622
601098a240bb46001472;Guiler Hammes;agenciahamcom02@gmail.com;49988542252
600cc886b01fc8001290;Fabiano Moreira;secretaria@peperi.com.br;49988349469
6008a0ea5861ae00126b;Jacson Andrei Davila;jacsondavila994@gmail.com;49991159899
600b1aeb20323a001336;Douglas Juliano Roldo;douglasroldo@gmail.com;49999408061
6011cfc25c5fb30017d2;Vitor Lasaroto;lasarotovitor@gmail.com;49999226624
601205d43ad1fe0012dd;Fernanda Da Silva;fernandadasilvafjj@gmail.com;49984091065
600867145907de0012c4;Pablo Conrado Prestes de Oliveira;gathio@gmail.com;49999410017
601208ccb7977000148d;ODACIR SCOPEL;odacirscopel@gmail.com;49988727880
6011effdb7977000148d;Eduardo Wadenphul;wadenphule@gmail.com;48991116991
6011effdb7977000148d;Eduardo Wadenphul;wadenphule@gmail.com;49991852212
60103fc91e0063001304;Bibiane Tedesco;bibianesmo@hotmail.com;49991625325
6008d560d173480012d2;Cássia Adiers;cassiaadiers2017@gmail.com;49991982965
600f3d730621c3001230;Ivan Menegais;ivansmosc@gmail.com;49991651488
60120f113ad1fe0012dd;Naiana Nalin;naianamatiello01@gmail.com;49991913088
6011d220f27a390013da;Kelvin Soster;kelvin.soster@hotmail.com;49984313661
601067f82d807500125d;Carolina Gomes;7carolinagomez@gmail.com;49998342459
600be5acde7f20001298;Igoor Duartte;hygor.bokinha.hd@gmail.com;55997193418
601200683ad1fe0012dd;Andressa Raquel Rother;renedk1@hotmail.com;54991428753
6012a26f9134d10012a5;Gabriel Rodrigues;ggabizinho944@gmail.com;49991076435
600eaf48bf9e1a0012a6;Taiana Korbes;taiakorbes94@gmail.com;49988334824
6011fc2db7977000148d;Giseli Cristina Scapin;giselicleyton1@gmail.com;49984135770
601224239134d10012a5;Ivair Ludwig;ivairludwig1987@hotmail.com;49984031046
6012d3313ad1fe0012dd;Aline Silva;alineedasilva45@gmail.com;49999563843
60115b1669ea78001250;Isabel Cristina;tina.smo@hotmail.com;49984062444
60121ff2b7977000148d;Patricia Marchi Accadrolli;patymsmo@hotmail.com;49991381158
60098e7d51ef480012f6;Jaimur Gasperin Pellegrini;jaimursmo@hotmail.com;49988887664
60105b722d807500125d;Natália Balbinot;nataliabalbinot@hotmail.com;49991510514
6011c4cd9134d10012a5;Jucineia Marostica;jucyneia25@gmail.com;49998038270
600f3db9624b09001704;Marcos De Lima;marcosdelima.comunicador@gmail.com;49991988263
601313d69134d10012a5;leonardo zambiasi;leeozambiasi@gmail.com;49999825519
6013151d86bfb0001231;Arizandro Bresolin;arizandro@hotmail.com;49988067588
60108dea8b525a00123c;Maiza Todescatto;maizasmotodescatto@gmail.com;49999860280
6010bcc9b7977000148d;Ronald Sampaio;ronaldsampa22@gmail.com;49999518619
6012b0ff8a54080012ce;Arimar Schmeier;shimia1988@hotmail.com;49988167197
600f4b79dd85ce0012bc;Daniele Mantovani;jhe-rovedder@hotmail.com;49991958477
6010a3ee2d807500125d;Ana Carolina Gauer;anacarolinagauer@gmail.com;49984338623
6012c1f89134d10012a5;Djeisson Zangalli;djeissonkzangalli@gmail.com;49991165878
6013271b165ae70012ad;Gabriel Tomazelli;gabriel.smo@icloud.com;49991661601
601022b81e0063001304;Marcelo Trampusch Cardoso;marcelo.tmpcdo@gmail.com;49991417449
6010741a2d807500125d;Diogo Jakson Lohmann;lohmannpneuserodas@hotmail.com;49988294491
600c3367c623c1001251;Isabel Dias;issabel.dias@gmail.com;49999902773
6010a3e22d807500125d;Alex De Bortoli;alexddebortoli@gmail.com;49989242467
6010a3e22d807500125d;Alex De Bortoli;flavinhodz7@gmail.com;49989242467
601323f63ad1fe0012dd;Lucas Centenaro;centenar0@hotmail.com;49988521052
600b762f5d7642001384;Cristiane Colle;cris26colle@gmail.com;49988163935
6011936c0621c3001230;Daiara Wieczorek;daiarawk@hotmail.com;49999980499
60109bf62d807500125d;Louise Caroline Kummer Mallmann;louisemallmann@gmail.com;49984128781
6008670a4c00880013e5;Ana Carolina Parmeggiani;anacarolinaparmeggiani1@gmail.com;49991456078
600f0c09ce5c3200127b;Franciele Vesentin;jornalismofranci@hotmail.com;49988137973
6009f0e4ad16070012dc;Ademar Dilly;dillyademar@gmail.com;49991439053
6010c3b48b525a00123c;Kauan Cestari;kauancestarigol@gmail.com;49991364165
6010c3b48b525a00123c;Kauan Cestari;kauancestarigol@gmail.com;49999107369
601057dbb7977000148d;Adriana de Siqueira;adrianadesiqueira@hotmail.com;49991476579
600ebf64fe59df0012a5;Carla Esmerico;carlaesmerico@gmail.com;51996175562
601333fb3ad1fe0012dd;Juli Sansigolo;mariaodetepuntelmuniz7@gmail.com;49991016141
6011896a69ea78001250;Claudetelanhe Lanhe;claudetelanhe@outlook.com;49984330252
6013343c3ad1fe0012dd;Gean Pires;piresgean47@gmail.com;49984094278
600eedf9dd85ce0012bc;Andriely Paula Von Dentz;andrielypaula-smo@hotmail.com;49988876566
601083671e0063001305;Giovani Reck;giovanirech11@outlook.com;49988660321
601332fa3ad1fe0012dd;Valéria Baldo Wosniak;valeria.vbw@gmail.com;49991061635
600cc980d5409c00130a;Marcos Cesar Zanatta;mczanatta@yahoo.com.br;49999175441
6008ce4a5907de0012c4;Alexssandro Battiston;smo.alex@gmail.com;49999797591
60133876165ae70012ad;Mariana Willembring;marianaw2009@hotmail.com;49991445007
601338673ad1fe0012dd;Rogério Luiz Sasso;rogeriosasso07@outlook.com;49991019221
6010c7f91e0063001305;João Vitor Colibaba;colibaba03.joao@gmail.com;49984095630
60133b2921c5b80012d1;Luana Garces;luanagarces63@gmail.com;49991708421
601338e34cf956001370;Fábio Lúcio;fabiolucio1978@gmail.com;44997284697
60133b4a86bfb0001232;Alexandre Buttner;alexandrebuttner2015@gmail.com;49991237353
600b4f1cfd8bde0012cb;Francieli Ramos Costacurta;franciramos29@hotmail.com;49991390961
600f55f4dd85ce0012bc;Monica Echer;monicamariana5624@gmail.com;49999204800
6009886dcb39d900126d;Vinícius Coppini de Lima;viniciuscoppinidelima.smo@gmail.com;49998035557
6011ec670621c3001230;Luise Teloeken;luiseteloeken@hotmail.com;49998034713
6010a8f70621c3001230;Tai Spada;spadatainara@gmail.com;49999705966
6010a8f70621c3001230;Tai Spada;spadatainara@gmail.com;49999976738
60133d1e21c5b80012d1;Karin Kettlin Furlan;amazonasmo@gmail.com;49991370324
600c3ae3b01fc8001290;Tania Pilatti;tanyapilatti@hotmail.com;49991473880
60133c7e4cf956001370;Kelvin Scheffler;kjscheffler27@outlook.com;49999029741
600ca3b0fd8bde0012cb;Heriklyss Belusso;didibelusso@yahoo.com.br;49991601816
600d87710621c300122f;Tiago Gallina;gallinatiago@gmail.com;49999488309
60133f7f8a54080012ce;Nayara Sponton;nayarasponton@hotmail.com;49999213164
600f2282bf9e1a0012a6;Suzete Freitas;suzi-freitas@hotmail.com;49988032703
60106cbe1e0063001304;Natana Giordani;natana.milenio@gmail.com;49991585553
60134272165ae70012ad;Thais De Moura;thaissilvam28@gmail.com;49988867901
601342b0165ae70012ad;Luiz Ropke;luizropke@yahoo.com.br;49991153988
60103de08b525a00123c;Juliano Fortes;julianofortes1@hotmail.com;49991363143
5d48bedede276e0012b0;Michely Berti;michelycristinaberti@gmail.com;49991192224
60122d835c5fb30017d2;Katiusce Ribeiro;katiusceribeiro4@gmail.com;55996122706
601305f2c4fd03001494;Michelli Geller;marinogeller@hotmail.com;49988582601
6013387b86bfb0001232;Ede Serafini;edeserafini32@gmail.com;49991435881
601082bc03fb8c0013a9;Gabriela Schacker;gabischacker@gmail.com;41999875244
601075bcee2f4e001244;Suelen Motta;suelen.motta95@gmail.com;49991529020
600b5a076491f7001325;Kassya Paula Vidor;kassyavidor@hotmail.com;49984050981
60107f7b8b525a00123c;Vania Riffel;vaniariffel2010@hotmail.com;49984047251
60132bc59134d10012a5;Vinícius Camberto;vinicamberto20@gmail.com;49999686545
601348e03ad1fe0012dd;Marina Santos;adv.marinasantos@gmail.com;49988144809
6011728169ea78001250;Karine Acorsi;karinea@extracredi.com.br;49991894580
601205f23ad1fe0012dd;Pyetro Gozdzinki;aferreiraduw@hotmail.com;49999824812
6011ff2d5c5fb30017d2;Gracieli Dias kumm;igh5fe5dac@privaterelay.appleid.com;49991511101
6011dd69f27a390013da;Guilherme Sassi;guigsassi@gmail.com;49985015963
60101bd08b525a00123c;Ana Julia Pavoni;ana.j.pavoni@gmail.com;49988627447
6010af2d40bb46001473;Laiana Romio Bageti;laianna006@gmail.com;49988689001
600e40e51bf0560012bb;Fernando Almeida;fernandoprsbr@gmail.com;49984380310
60133dd53ad1fe0012dd;Kalena Monique Beckert;kalenambeckert@gmail.com;49988818621
601352e9165ae70012ad;Nicolas Schaedler;nicschaedler@gmail.com;49999038684
601352ce21c5b80012d1;Luana Guarnieri;luanaguarnieri2002@gmail.com;49991172717
6011dd4c3ad1fe0012dd;Josiane Pires;josianepiresdasilva@yahoo.com.br;49991445443
601352a24cf956001370;Ian Felipe Sabedott;iansabedott@hotmail.com;49984197514
60134e509134d10012a5;Angélica Maiara;angelicakleinert9@gmail.com;49989131389
6009100f5861ae00126b;Lismarí Adriane Silveira Bruch;lisadri@gmail.com;49991063465
6010576dee2f4e001244;Jessica koehler;jessica.koehler47@gmail.com;49988629836
601356f99134d10012a5;Juh Wagner;juhgreici@gmail.com;49984193582
600c40ccad400f00130e;Suzana Zilli;suzanazilli232@gmail.com;49984120144
6008a3f4f76e430012ed;Carlos Henrique;carlosanderle@gmail.com;49991072673
600d37befd8bde0012cc;Danuze Mairi Ribeiro Zuppa;danuze2015@outlook.com.br;49984090611
60133a933ad1fe0012dd;MARISTELA DALMORO;maristeladalmoro2308@gmail.com;49999914372
60136346c4fd03001494;Aline Mara Mileski Roani;alinemileski@yahoo.com.br;49988339569
60136483165ae70012ad;Jeni Yong;jenifer.euzebio@outlook.com;49991048074
60140bef78743a0012c2;Andressa Granella;andressagranella9503@gmail.com;49999369676
600f6e910b3f09001280;Cris Lunardi;lunardicris0@gmail.com;49991116824
60140fb6518acd00125e;Iva Corbari;iva-smo@hotmail.com;49999131650
601419566cb432001312;Kemeli Lima;kemeli2005@gmail.com;49991232941
600f2991fe59df0012a6;Joao Treviso;joao.trevisojoao@gmail.com;49991585370
6010388840bb46001472;Luana Sonalio;sonalio07@outlook.com;49991442648
6011b28e5c5fb30017d2;Djonatan Alves Pereira;djonatanalves@yahoo.com;49991895948
601098931e0063001305;Erick Ricardo Grosbelli;erick.grosbelli@gmail.com;49989224100
601306558a54080012ce;Ricardo Camila;carroscampinassc@hotmail.com;49992012120
600d67a4bf9e1a0012a6;Jeferson De Souza Tavares Nunes;jefmed2006@gmail.com;41987665009
6010af48ee2f4e001244;Thyana Andressa;thyana.kaisekamp@gmail.com;49991556664
601045550621c3001230;Natih Souza;nathaliabarrosodesouza@gmail.com;49991826559
600c4963ad400f00130e;Bianca Olmos;beealeiteninho@gmail.com;49991203164
600f573b0621c3001230;Willian Fritzen;willianfritzen@yahoo.com.br;49991286681
60146b0a94e99a001250;Luan Bertollo;luanbertollo@gmail.com;49991864995
60146ac06cb432001312;Brenda Reckziegel;brendareck@hotmail.com;49988034766
600a385af0e2230012a7;Idiane Fagundes;idianefagundes740@gmail.com;49991469545
600c3b54d5409c00130a;Fabio Shius;fabioshius@gmail.com;49999181790
600ee8cdfe59df0012a5;Borges Patrícia;borgespatricia492@gmail.com;49999516909
600ee8cdfe59df0012a5;Patrícia Garcia;borgespatricia492@gmail.com;49999516909
6011cfd49134d10012a5;CLAUDIONOR Correia Da Silva Neto;netogn49@gmail.com;49991480571
60146de8157c380012be;Mauricio Bairos;bairos206@hotmail.com;49991556806
60117623f27a390013da;Deyse Maria Potrich;dmpotrich@yahoo.com.br;49991496857
600b7d4e7b892f001359;Diego De Campos;diegognovatto1996@gmail.com;49984162914
60107cda03fb8c0013a9;Daiane Lichack;daianelichack31@gmail.com;49999910387
60146fe694e99a001250;Bete Nunzio;elizabetenunzio@hotmail.com;49988421722
6013278986bfb0001232;Juliana Pazini;julianapazini4yuri@gmail.com;49991852685
6008624c5861ae00126b;Anderson L. Azzolini;azzolini03@gmail.com;49991498252
601475bd6cb432001312;Adilson Andretta;aandretta49@gmail.com;49991166612
600f6bd4624b09001704;Veronice Astrizzi;veronyce25@gmail.com;49984072571
60103626ee2f4e001244;Luis Felipe Prestes Brandão;luisfelipesmo@hotmail.com;49991893506
601478c02a605d0019b6;Jéssica Neumann;jn692066@gmail.com;49998277687
6013eb0b8a54080012ce;Matheus Machado;matheus39591@gmail.com;49999360372
60147a6eb17e70001272;Gustavo Tonial Probst;gus0071@hotmail.com;49984180486
60147b411cdc64001222;Ângelo Miguel Gobbi Neto;angelo943@gmail.com;51981600053
601077fe2d807500125d;Sheures Blopes;serestbl@gmail.com;49991950155
6011967a80f2b0001263;Marcia Paula Borelli;marciapaula.decastro@gmail.com;49991418432
600c72dfc623c1001251;Matheus Lucietto;matheuslucietto12@gmail.com;49984238539
600c1e8bc623c1001251;Elian Elias Haack;elian.haack@gmail.com;49999167633
600ee2ca0b3f09001280;Evandro Lucas Bedin;bedin.el@hotmail.com;49999153575
600a87657b892f001359;Jefferson Furlanetto;jeffefurlanetto@gmail.com;49999099541
60147c10518acd00125e;Daniel Jean Kummer;daniel.jeank123@gmail.com;49999412501
60105da203fb8c0013a9;João C. Paliano;joaopaliano98@gmail.com;49992016163
600ad5637b892f001359;Ana Paula Da Costa;anapaula85016@gmail.com;49991198492
600f552ece5c3200127b;Carlise Vanelli;carlisevanelli@gmail.com;49988173744
600f2e40624b09001704;Guilherme Boff Finatto;gbofffinatto@gmail.com;49988608338
601098b003fb8c0013a9;jozane Batd;jozane.depaula@yahoo.com.br;49999559589
6008d4c14c00880013e6;Danielle Zambarda Carniel;53j3ah4rm8@privaterelay.appleid.com;49999988569
600af7e76491f7001325;Elaine Farias;martinsmoacir950@gmail.com;49989238688
601004ff1e0063001304;Milena Dutra De Campos;milenadutradecampos@gmail.com;49991179034
600ecf5ece5c3200127b;Adriano Faccio Giongo;adrianofaciljunior@hotmail.com;49999008249
600f476ebf9e1a0012a6;Jéssica Dill Tonet;jessicadilltonet@gmail.com;49998152361
60101a7b03fb8c0013a9;Luiz Henrique Borges;borges.br.publico@gmail.com;49991848010
600894bb5907de0012c4;Thacila Pavan;thacilapavan@hotmail.com;49988236169
6014843994e99a001250;Suelin Pasquali;suelinpasquali@hotmail.com;49998191761
6011bc893ad1fe0012dc;Sabrina F. Pedrassani Frantz;sabrinapfrantz@gmail.com;49984164777
601201a10621c3001230;Taís Cristina Dos Santos;tec.taissantos@gmail.com;49991659121
60118af20621c3001230;Gabriel Mazzutti Cambraia;gabriel.m.c03@gmail.com;49999015768
600898434c00880013e5;Isabel Revers;isabelrevers@yahoo.com.br;49991385525
6010277903fb8c0013a9;Suelen Rodrigues;suuh-smo@hotmail.com;49991280643
60099694d766e200121e;Maisa Dall acqua;maisadallacqua02@gmail.com;49991764865
60133d7d3ad1fe0012dd;Dieicon Moreira Steffens;dieiconsmo@gmail.com;49991793723
60108d1a2d807500125d;Maria Luisa;marialuisamallmann@hotmail.com;49988334982
601486672a605d0019b6;Luiz Claudio Carpes;luizclaudioaraujocarpes@gmail.com;49984050578
601095e50621c3001230;Cauana Valcaringui;cauanasvalcaringui@gmail.com;49991481651
6010a21e40bb46001472;Eduardo Cappellari;duducappellari@hotmail.com;49992023834
6014114d157c380012be;Priscila Moreira;ptyla11@hotmail.com;49988191989
60102a3f2d807500125d;Gabriel Schmitz;gabriel.smo@live.com;49984190905
601019f71e0063001304;Amanda Caroline de Oliveira;amandakarol6@hotmail.com;49991573435
600855136a7262001222;Josiliane Herbert;jocomerciosc@hotmail.com;49991635137
601175a83ad1fe0012dc;Diogo Scariot;diogo-scariot@hotmail.com;49991334252
60146f981cdc64001222;André Haboski;andre.haboski@hotmail.com;49920004149
600f4e07fe59df0012a6;Andressa Carolina Degani;andressadegani19@gmail.com;49991147313
60101fcc1e0063001304;Marciéli Fransozi;marcielifransozi@hotmail.com;49991861149
60100ea38b525a00123c;Elizama Da Rosa Escher;elizama.darosa@outlook.com;49989106832
600a0195d766e200121e;Emanuelly de Oliveira;emanuelly20cris@gmail.com;49991226119
6013536e3ad1fe0012dd;Jully De Villa;jully.14smo@gmail.com;49991093798
601076f10621c3001230;Marcus Vinícius Mallmann;marcusmallmann@hotmail.com;49988038013
60148d5694e99a001250;Andressa Milani;milaniandressa820@gmail.com;49984299754
600ecd000621c3001230;Amauri gazzola;amaurigazzola@hotmail.com;49991318420
6013365386bfb0001232;Wiviane Slaviero;wivianeslaviero@gmail.com;49991740802
60148c1b7bb735001655;Patricia Bolsi;patriciafbolsi@gmail.com;49999211557
600c6723d5409c00130a;Raquel Prunsel Boscatto;nefronsmo@hotmail.com;49985011945
6011d2645c5fb30017d2;Cassiane Santos;cassi28isabella@gmail.com;49992026276
60148ed5518acd00125e;João Pedro C. Fonini;financeiro@piccoluniformes.com.br;49988333064
60099b0cf0e2230012a7;Ivete Gabineski;ivetegabineski@hotmail.com;49988480798
600c3f0e5d7642001384;Israel F. Naiara Calzza;naiaracalzza74@gmail.com;49989226605
60148ecd6cb432001312;Erica Berti;ericaberti071@gmail.com;49991921568
60148d2b157c380012be;Acir Barp;acirbarp@hotmail.com;49991452217
60104559b7977000148d;Marianee Rafael;eumarismo@gmail.com;49988040925
600efc120621c3001230;Gabriela alban;gabriela.alban2017@gmail.com;49988120249
600eeb93624b09001704;Mauricio Flach;mauricio.p.f@hotmail.com;49991905832
601074c60621c3001230;Wallas Gomes;wallasfgomes@gmail.com;49991546600
601075970621c3001230;Rutielly Manzke;rutiellymanzke@gmail.com;42999373334
60149040157c380012be;Carla Sampaio Ribeiro;carlasampaioribeiro@outlook.com;49991905696
600951e86b8b92001440;Eduarda Paganini;eduardatpaganini@gmail.com;49991276960
601089252d807500125d;Anderson Flach;lolzinhodelei@gmail.com;49998052751
600b26ed7b892f001359;Ruth Regina De Mello Pereira;ruthreginademellopereira@gmail.com;49991787509
600c96cd2cfc8d001394;Dalvana defaveri Paini;painidalva13@gmail.com;49991924915
600ca18305e8fd001275;Adriana Carla Kollet;kollet.adri@gmail.com;49988152858
600eaf860621c3001230;Helem Carla Hennicka;helencarla13@icloud.com;49991055015
600b49bc20323a001337;Jean M. Werlang;werlangjean@gmail.com;49991799897
60117dab3ad1fe0012dc;Matheus Liz;matheusoo@yahoo.com.br;49984338352
601490aa7bb735001655;Tatiana Oliveira;tatiana.deoliveirasmo@gmail.com;49985056675
600db928d22cb000126f;Thiago Kempa;thiagomonstrosmo@gmail.com;49988266757
60149351518acd00125e;Alice Holdefer;aliceholdefer13@yahoo.com;11986213253
6008828e2d33b3001299;Moisés Becker;moises.becker.86@gmail.com;49984185824
600db3164f1a7100120e;Fabio Junior Lorenço;fabiojuniorlorenco@gmail.com;49988280327
6011760e0621c3001230;Ana Debarba;adebarba77@gmail.com;49998310250
60149589518acd00125e;Michele Camargo;michelecamargo2009@gmail.com;49984140280
601204e29134d10012a5;Alexandre Wolschick Ruppenthal;alexandrwr04@gmail.com;49991468628
601493161cdc64001222;Luciane Frota;lucianefrotarsb@gmail.com;49988848782
601495b82a605d0019b6;Ellen Meissner;ellen.santoss1230@gmail.com;49991077036
6012c03a165ae70012ad;Eduarda Thomas;eduarda15thomas@gmail.com;49991718464
601031d10621c3001230;Everton Sesca;evertonsesca@hotmail.com;49988047412
60149669518acd00125e;Juliana Cristina De Bona Bertol;jcdb@bol.com.br;49999983162
6009f33b51ef480012f6;Rafael Mocellin;rafaelmocellin1@hotmail.com;49991260697
600ae9c17b892f001359;Franciele Mulinari;francielimulinari5@gmail.com;49991068317
601497446cb432001312;Maristela De Bona;maristeladebona@hotmail.com;49988475222
6014975f1cdc64001222;Natan Scherer;natan.scherer@mail.ru;49991462743
601468a6157c380012be;Volnei Tolledo;volnei.tolledo@gmail.com;49988545095
6012c83521c5b80012d0;Gabriel Pereira;gabrielmpereira@hotmail.com;49988076995
6014954694e99a001250;Leonardo Eidt;leonardozattieidt@gmail.com;49991866865
6014979394e99a001250;Franciel Oliveira;darentartifon@gmail.com;49991638755
6008d01af76e430012ed;Carin Paloschi;carinpaloschi19@gmail.com;49991442378
601497a6b17e70001272;Kelly  Marques da rosa;colccismo@outlook.com;49991079102
6012efdbc4fd03001494;Karin Carvalho;karinlaiscar@gmail.com;49998344893
600eea9d0b3f09001280;Lucivana Da Silva;lucivanadasilva@hotmail.com;49984144002
600dff7b36e7820012ec;João Vitor Felicetti;joao.javip2003@hotmail.com;49991075324
6010017c0621c3001230;Wolmir Krzyzanowski;wolmirpiti@gmail.com;49991179154
601162f869ea78001250;Pedro Vinícius;pedrovini2002@gmail.com;49999235599
6011ec98f27a390013da;Maiara Padilha;maiarapadilha2205@gmail.com;49991578447
6011ec98f27a390013da;Maiara Padilha;maiarapadilha2205@gmail.com;49991037531
60149a1b2a605d0019b6;Arielly Bacin Perondi;ariellybp@gmail.com;49984008160
600828bbf76e430012ed;Julia Garcia;julia.garcia@unoesc.edu.br;49998144857
601033a38b525a00123c;Denise Fiametti;elton.orbid@gmail.com;49988444781
6011b7be80f2b0001263;Cassiano Oliveira;cassiano21oliveiraa@gmail.com;49984057884
6014960d7bb735001655;Gustavo Gerevini;gustavo1gerevini23@gmail.com;49988925587
5f553b6a69556f00126c;Wyllyan Barp;wyllyansmo2019@gmail.com;49991673569
601498eb7bb735001655;Eduarda Vitória Dutra;eduarda.dutra2404@gmail.com;49991957487
601497b37bb735001655;Ana Paula Benatti;anabenatti@hotmail.com.br;49999198321
60149abd157c380012be;Franciele Brunismann;francielechaiane51015@gmail.com;49991415141
601476462a605d0019b6;Lucas Gastring;lucasgastring@gmail.com;49991918543
600ae1a0ce4f270012f3;Ana Flávia de Ramos;anaflaviaderamos@gmail.com;49991558532
60149bcab17e70001272;Aline Herbert;alineherbert385@gmail.com;49999303110
6014936094e99a001250;Gilmara Braun;gil.braun@hotmail.com;49991146111
600a436e7b892f001359;Mariany Guerra;marianyguerra1@gmail.com;49991161311
60149b92b17e70001272;Daiane Signor;daiasignor@yahoo.com.br;49991334770
60149bee2a605d0019b6;KAIANE BERGMNN;kaianebergmann@gmail.com;49991782077
60149ba394e99a001250;Flavio Maziero;flaviomaziero14@gmail.com;49991156864
60149bc494e99a001250;Andreia Mariani;deiamoresco@gmail.com;49984160115
601213fe5c5fb30017d2;Naiane Patrícia Faust De Oliveira;naianefaust@hotmail.com;49991075267
60149db41cdc64001222;Rosicler Soster Bolfe;rosisoster@bol.com.br;49991158713
60149da76cb432001312;Denise Mariano Schmidt;denisemarianosouza@gmail.com;49991173515
600c1344c623c1001251;Lucas Marques;lucasmarquesmo@gmail.com;49998120738
60085d7ef76e430012ed;Gabriela Zangrande;gabizangrande@outlook.com;49989063804
5c672859a446f100182a;Cibele Boeri;cibeleboeri@unochapeco.edu.br;49991536417
60149d876cb432001312;Tânia Weber;taaniaw.smo@hotmail.com;49991444878
6008c86ad173480012d2;Silmara Ochoa;silmaraochoa2015@gmail.com;49991057924
60149be3157c380012be;Rodrigo Oliveira;rpo12345rpo@hotmail.com;49991114158
60149ea7b17e70001272;Elisandra Arnosti Monlin;eli.asmonlin@gmail.com;49984071625
60149493157c380012be;Daiana Voos;daia.voos0770@gmail.com;49999474286
60149f0f94e99a001250;Alana Tomazi Dalmagro;alana.tomazi@hotmail.com;49991887761
60149ca3b17e70001272;Ivana Vanzella;ivana.smo@hotmail.com;49991197404
60149f67518acd00125e;Vanessa Zimmermann;vanessa.cristina.zimmermann@gmail.com;49988621419
6014a056518acd00125e;Everton Luiz Renostro;evertonrenostro@gmail.com;49988421436
6011fdb8f27a390013da;Diógines Almeida Fernandes;diogines2001@hotmail.com;49989230606
60133c039134d10012a5;Leonardo Guedes;leonardo.gds22@gmail.com;49991124919
6014a34794e99a001250;Natan Vidori;natanvidorismo@hotmail.com;49991466601
600846655861ae00126b;Sabrina Ten Caten;sabrinatencaten@outlook.com;51996536224
6013400f9134d10012a5;Anderson Klein;riffelvania@gmail.com;49988263224
6008b2435861ae00126b;Camila Baiocco Marca;camila.baiocco@gmail.com;49991597297
600a1971f0e2230012a7;Renan Keil;paulokeilrenan@gmail.com;49988445000
6014a4e394e99a001250;Edivan Souza;edismo07@gmail.com;49991794221
60130a8f21c5b80012d0;Renan Rehbein;renan.vinicios@hotmail.com;49998270429
60133b4186bfb0001232;Richard Machado;sgtrichard15@gmail.com;55996833465
6014a72cb17e70001272;Arieli Pacheco;arielipacheco20@hotmail.com;49991636591
600a1e53ad16070012dc;Eduarda Nitiele Macedo;eduarda.nitiele@gmail.com;49991749504
60089aa02d33b3001299;Jean Carlos Fraportti;jcfraportti@outlook.com;49991435999
60130b4921c5b80012d0;Iago Graciolla Simão;iagogsimao@gmail.com;49991013191
6014a8ae7bb735001655;Jéssica Borges de Oliveira;jessicaborgesdeoliveira30@gmail.com;49991919959
60106952b7977000148d;Sabrina Tosin;sabrina.tosin@hotmail.com;49991596058
6014abf6518acd00125e;Marcelo Luis Testolin;marcelopisto@hotmail.com;49988927429
6008e13e4c00880013e6;Silvane de Oliveira;silvaneoliveira54@gmail.com;49991460089
6014a9da1cdc64001222;Amanda Linhares;amanda.cris.2000@gmail.com;49988190599
6014ad072a605d0019b6;Evair Denner Batista Da Silva;niraka1991@gmail.com;49984042822
601375f43ad1fe0012dd;Ana Paula;anapaulascariot97@gmail.com;49998152047
600f319f0b3f09001280;Kaue Felipe Marchetti;kauefelipemarchetti@gmail.com;49991734914
6014aee694e99a001250;Júlia Rodrigues;juliarodrigues99746@gmail.com;49991374898
600e09601bf0560012bb;Sinara Lassen;sinaralassensoares@gmail.com;49991490446
601447346cb432001312;Tiago Rex;tiagorekk@gmail.com;49991528570
6014b4fa518acd00125e;Camili Machado Lohmann;dsalanfelipe1@gmail.com;49991730765
6014a9217bb735001655;Marciana Tres;tresmarciana@gmail.com;49991688715
6014b64494e99a001250;Paola Meneghel;apollacaroline@outlook.com;49984082544
6014b69e157c380012be;Leandro Gonçalves Castilhos;lec156@hotmail.com;49999454624
6014b6e3157c380012be;Lidiane Kramer;lidianefrantz27888@gmail.com;55997073091
6014b73d1cdc64001222;Chaiane Domerasky Porfirio;chayanedomeraski@gmail.com;49984189390
6014b4c2b17e70001272;Ana Barbosa;anabarbosa987654321@gmail.com;49999292370
6014c1d17bb735001655;Patrik Hetwer;hetwerpatrik@hotmail.com;49984229107
6010b1b22d807500125d;Camila Souza Wille;kmilaswille@gmail.com;47988513351
6012b1533ad1fe0012dd;Mathias Soares;mathiasmillena96@gmail.com;49991311341
601414fdb17e70001271;Jhonatan De Azevedo;jhonatanazevedo01@gmail.com;49991929390
601556fa28e8ed001283;Scheila Schneiders Anschau;anschauscheila@gmail.com;49999797455
6009c41fad16070012dc;Júlia Zocolotto;juliazocolotto02@gmail.com;49991712702
6012c5504cf956001370;Bruno Lorenski;brunoolorenski@gmail.com;49991528521
6014105978743a0012c2;Alex Sandro da Silva;alexsandrodasilvasilva91@gmail.com;49988357678
60156898eab1a80013e8;Anna Gabriela;ninhagabriela@gmail.com;49984075009
601085d01e0063001305;Luiza Andrade Pacovska;luizapacovska@gmail.com;49991528919
6010b511ee2f4e001244;Lais Caroline Camberto;laaiscamberto@hotmail.com;49991932224
60156d05cb778f00127a;Juliana Concheski;concheski@outlook.com;49991807270
600f2f15ce5c3200127b;Letícia Isfran;leticiaisfran3@gmail.com;49991271299
600ae12da31f7c001228;Daiana Carine Kaschak;daianakaschak2011@hotmail.com;49988142612
601591ed28e8ed001283;Gabriel Weiland de Athayde;gabrielcabra2011@hotmail.com;49992015441
6013e88078743a0012c2;Cleber Vanessa;clebermarconatto@hotmail.com;49991473416
6008d4d748acdf001320;Thainá Dos Santos;tainazinha.ribeiroo@gmail.com;49984115232
60159faa9f5f700012e4;Adrieli Liberalesso;adrieliliberalesso@outlook.com;49988949135
60133dae86bfb0001232;Adriana Gosler;adrianagossler@gmail.com;49991162833
6010a65cee2f4e001244;Eduan Alencar Serafini;eduanserafini@gmail.com;49999907528
6015b1c151d451001367;Patricia Schwarz Gorges;patricia.smo85@hotmail.com;49991731054
6015b2ad28e8ed001283;Évelyn Perondi Filimberti;evelynperondi55@gmail.com;49991102913
6015af92518acd00125e;Carlos Alexandre Escobar;carlos.alexandre.escobar@gmail.com;49999647158
6015b39828e8ed001283;Alexandre Ludwig;alexandreldw@gmail.com;49991573926
600bf8e7c623c1001251;Fernanda Paula Formentao;nandynha.paula@gmail.com;47988326112
6015b9b0518acd00125e;Ana Margarete Balardim Bassani;bassaniana65@gmail.com;49999151347
6010b4fd8b525a00123c;Matheus Bernardes Gaboardi;matheusgaboardi2016@hotmail.com;49984384975
6015c5e32a605d0019b6;Carlos Eduardo Leal Bedin;noryukbedin@hotmail.com;49991855922
6010211540bb46001472;Andressa Valentini;andressavalentini90@gmail.com;49991484622
6015c8f11dfddb0012df;Douglas Felipe Weber;douglasfelipeweber@gmail.com;49991245212
60094ebb6b8b92001440;Vera Sotilli;verawronski@hotmail.com;49984118786
6015c8891dfddb0012df;Everton Pedroso;evertonpedroso98@hotmail.com;49999079757
5ba59948b01a36000f3b;Fabio Dayana Giovanna Gabriel Schemberger;fabioschem@gmail.com;81999608069
6015c9ddcb778f00127a;Danilo Assis Jr.;daniloasp5rcc@gmail.com;49998001079
60104e1e1e0063001304;Sidnei Luiz;sidihluiz@gmail.com;49998408110
60085873d173480012d1;Lucas  Pankio;lucas.pankio@hotmail.com;49999601419
6015c9f12a605d0019b6;Samuel Zappani;samucazappani@hotmail.com;49991548484
6013263386bfb0001232;Jeniffer Soster;jeniffersoster@gmail.com;49991146111
6015cd9851d451001367;Paula Mustifaga;paula.mustifaga@hotmail.com;49998171150
600ede45624b09001704;Jayne Körbes;jaynekorbes@gmail.com;49991979600
60085e4b5907de0012c4;Édina Cristina Gasperin;edinagasperin88@gmail.com;49989010343
6015ceaf9f5f700012e4;Claimar Mocellin;comercial@mecanicasaoluiz.com.br;49991178484
6015cdd728e8ed001283;Jéssica Weber;jessicaweber959@gmail.com;49991537888
6008859248acdf001320;Alana Haag;alanahaag@icloud.com;49984221718
601076850621c3001230;Jair Junior Patzold;jairjrp100@gmail.com;49999214658
6015d01ecb778f00127a;emerson s. weiss;militar926453@gmail.com;49991888225
6011e1469134d10012a5;Daniel Andreis;andreis.daniel.33@gmail.com;49988528238
60033c7baf42f8001241;tainara pohren;tainaracristianepohren@gmail.com;49999244065
60136b0b9134d10012a5;Ana Carla Kleinert;ana.carlak@yahoo.com.br;49984385874
60083a855861ae00126b;Adriana Rosoni Tonsak;adrianatonsak@hotmail.com;49920006924
6010335bb7977000148d;Rosane Donada;rosanedonadasmo@gmail.com;49991550607
6011d0e0f27a390013da;Rodrigo Koehler;rodrigo.rk30@gmail.com;49920008833
60108a4e2d807500125d;Diego Cristaldo Schuster;diego.cristaldoo@gmail.com;49999574521
600a34074a77a10012d6;Adriano De Bona;debonaarquitetura@gmail.com;49984054384
6015d3541dfddb0012df;Luciana Ribeiro;luribeiro1013@gmail.com;49988050024
6015d52a1dfddb0012df;Natália Luiza Heinen;natismo@yahoo.com.br;49999163877
6014a3711cdc64001222;Amanda Cardozo;amandacardozo38386@gmail.com;49991157094
6015d57a9f5f700012e4;Diana Cattani;isadorasteinbraenner@703gmail.com;49933005570
600d648bbf9e1a0012a6;Amanda Marcon;amanda.marcon@hotmail.com;49998200521
600893716a7262001222;Cassiane Schuch;cassiane290188@gmail.com;49998067608
6010ba1a8b525a00123c;Volnei Pasquali;volneiborne@gmail.com;49991666340
60119d679134d10012a5;Ygor Gabriel Daltoé;ygorgdaltoe@hotmail.com;49991512044
6015dbfacb778f00127a;Felipe R. Santos;felipehack9@gmail.com;49991821951
6015dc5f518acd00125e;Alexsandro Siqueira;aleexsandro8@gmail.com;49991664180
600acae7de7f20001298;Fernanda Scharnowski;fernandascharnowski@gmail.com;49998188395
601201079134d10012a5;Valmir Roque sott;valmir.sott@unoesc.edu.br;49984111964
6015db1d518acd00125e;Solange Maria Reck;solangereck@outlook.com;49988123056
601499566cb432001312;Vanessa Vincenzi;nessavincenzi@hotmail.com;49991082788
6008417b48acdf001320;Carla Edson Engeroff;carlaedsonsmo@gmail.com;49999239515
601023c340bb46001472;Adriane Bernardi;adribernardismo@gmail.com;49999989255
6015dc04518acd00125e;Julio Dariff;jcdariff@hotmail.com;49991817997
601079c61e0063001304;Guilherme Henrique;guilhermehschroeder@gmail.com;49999477789
600d9dc91bf0560012bb;Carlize Scandolara;carlizepiccoli@outlook.com.br;49988295008
60147f2f94e99a001250;Andressa Carla Rosa;andressarosa659@gmail.com;49988558326
600f111e624b09001704;Juliane Giehl;julinei2010@hotmail.com;49989064942
60117b7c69ea78001250;Jhonatan Trindade;jhonatannoeditrindade@gmail.com;49991712473
601026fd1e0063001304;Wilson da Silva;wilsonsilvasmo27@gmail.com;49991909677
5f41255aab3a00001348;Juliana Sandrin;juliana.sandrin@hotmail.com;47991989370
60082639d173480012d1;Vanessa Carniel;vanessa.carniel@hotmail.com;49998127134
6014940cb17e70001272;Roberto Cassol;beto.andrise@gmail.com;49984142626
60146ce6b17e70001272;Mikael Eduardo;mikaelwrege@hotmail.com;49988371778
5d0026b6999e3d00122e;Marcelo Rosniak;marcelor_2002@hotmail.com;49988185913
60118e2069ea78001250;Ana Paula Livinalli;livinalliana2000@gmail.com;49988428879
60108c61ee2f4e001244;Héverton Bortolotti;heverton@nomaze.design;49991213122
5d9e703d528e3b0012bb;Paloma Gabriele;paloma_dallacorte@hotmail.com;49999042888
6010b63bee2f4e001244;Samuel José Martins Da Silva;samueljmsilva6@gmail.com;81998467872
600effd80b3f09001280;Elisiane Andreolla;elisiane.acordar@hotmail.com;49991424130
6015e2879f5f700012e4;Diego Karling;uq3bupuhht@privaterelay.appleid.com;49991853385
60108a6db7977000148d;Erick Lapazini;ericklapazini123@gmail.com;49991262496
6015e30a2a605d0019b6;André alison da silveira;andre.sv14@hotmail.com;49991916868
601333ac165ae70012ad;Fabiane Baruffi;fabibaruffi@hotmail.com;49984179489
6015e4d028e8ed001283;Dudu Scaravonatto;duduscaravonatto@gmail.com;49991959551
6015e479518acd00125e;Franciele Sirena;sirenafram@gmail.com;49988485901
6015e5cecb778f00127a;Carolina Brüggemann;carolpagliarin@yahoo.com.br;49999114160
601194f7b7977000148d;Luana Barp;luana.barp@qualirede.com.br;49991484450
6015e5ef1dfddb0012df;Gabriel Martini;gabrielmartini.1903@gmail.com;49991913819
600c34a9b01fc8001290;Nathan Riffel;nathanhenrique20111@hotmail.com;49984072408
600c34a9b01fc8001290;Nathan Riffel;nathanhenrique3155@gmail.com;49984072408
6015daa428e8ed001283;Vitor Chimin;chiminvitor@gmail.com;49999553595
6013257e165ae70012ad;Dhiogo Zanon;dhiogozanon@gmail.com;49991467648
600b6f0dde7f20001298;Marcelo Augusto Berti;mcelo.berti@gmail.com;49991016418
60101db903fb8c0013a9;Juciane Menegais Carteli;jucianecarteli@gmail.com;49999196979
6015e66a51d451001367;Liliane Cristina Dall Agnol;lilianesmo@hotmail.com;49991631113
6009a6257b892f001358;Carla Ritter;carlarittersmo@gmail.com;49988474133
6015e63c28e8ed001283;Simone Neis;v.empreiteira@hotmail.com;49991142087
6015e6ad9f5f700012e4;Ibanir Rachor;ibanirrachor@hotmail.com;49991531988
6015e7992a605d0019b6;Daniela Prigol;danielaprigol7@gmail.com;49991350423
600f27e9fe59df0012a6;Jeverson Arcari;jeversonsmo@gmail.com;47997340768
600f44c70621c3001230;Giovana Carolina Dos Santos;giovanasmo@gmail.com;49991457843
600ec4e4bf9e1a0012a6;Juliana Fon;fonjully-gba@hotmail.com;49991500137
6015e806cb778f00127a;Jorge Dalpozzo;jorgeluizdalpozzo@gmail.com;49988917875
600a21e6d766e200121e;Fernando Henrique Farezin;fernando-pzo@hotmail.com;49988085265
60133fe721c5b80012d1;Lidiane Marczinski;ronimoras@gmail.com;49991047976
60148a1f1cdc64001222;Roni Mallmann;ronimallmann@bol.com.br;49999881222
6015e8c1518acd00125e;Ivonete Terezinha Muller;mana-45@hotmail.com;49991896004
6013f0366cb432001312;Daiane Panazzolo;daiapzsmo@gmail.com;49984219393
60088729f76e430012ed;Karina Simone Flores Bergmann;karinabergmann22@gmail.com;49985014012
6015e9eecb778f00127a;Caroline Berté;carolineberte420@gmail.com;49999619154
5ffce643f608760012bf;Nícolas André Basotti;basottin@gmail.com;49988318494
6015d21451d451001367;Dani Junior;danijuniorkm@hotmail.com;49991436695
6015ebd728e8ed001284;Eduardo Luiz Scopel;duscopel01@gmail.com;49991920201
6015ebd728e8ed001284;Eduardo Luiz Scopel;duscopel01@gmail.com;49991343033
601313114cf956001370;Elisane Wailand;elisanewailand@hotmail.com;49999985903
60101ea80621c3001230;Carine Fergutz;carinefergutz00@gmail.com;49991542873
6015ea8228e8ed001284;Andressa Schons;schonsandressa@gmail.com;49991114592
60117acc80f2b0001263;Patrick Cherubini Paludo;patrick.paludo@gmail.com;49991797803
6011f78369ea78001250;Suhaila Marconatto Kochhann;suhailamk25@gmail.com;49991859028
600eea3e0b3f09001280;Luis Ricardo Holscher;luisricardoholscher@gmail.com;49989025764
6015ef8bcb778f00127a;Daiana Sirtoli;daianasaras@gmail.com;49988473432
6015f085eab1a80013e8;Elizandro Renosto;piadogenesio@gmail.com;49999333707
60105a6040bb46001472;Raquiel Garbim;raquielgarbim@gmail.com;49989048686
6013a3e28a54080012ce;Jéssica Xavier Dos Santos;rafa.rj333@gmail.com;49999453513
6015e063518acd00125e;Eduardo Borghetti;eduborghetti@gmail.com;49999926149
6010a5fc03fb8c0013a9;Ana Paula Desbesell;adesbesell@yahoo.com.br;49991540550
6011dc480621c3001230;Maísa Maslowski;maisamaslowski29@gmail.com;49991610445
601242d93ad1fe0012dd;Nancy Cristina;nancypresse@hotmail.com;49999153508
6015d67f2a605d0019b6;Emadin Moraes;emadin.dindin@gmail.com;49985038124
6015f4ab518acd00125f;William B Ciarini;wbittencourt98@gmail.com;49999336051
6011d3795c5fb30017d2;Daniele Souza Metzdorf;souzametzdorfdaniele@gmail.com;48999166542
6015f6ebeab1a80013e8;Nadiele Ferreti;nadi.fraider@gmail.com;49999386368
6015f5cd28e8ed001284;Leane Cristian Douglas Pereslemes;cristian777douglas@gmail.com;49991228231
600ade32ce4f270012f3;Nelci Saft;nelsisaftsoares@gmail.com;49988155242
6014cdd37bb735001655;Willian Colferai;willian.colferai@hotmail.com;49988801818
6015f785eab1a80013e8;Veridiane Paula Schneider;veri.schneider12021991@gmail.com;49991772133
6015f8b6cb778f00127a;Maria Eduarda Campos de Gois;duda.smo_@hotmail.com;48999264211
601580cd518acd00125e;Rosemeri Marques da Rosa;merifotoarte@hotmail.com;49991187767
601034b203fb8c0013a9;Pâmela Piaceski;pamelapiaceski@hotmail.com;49991109146
6015fce82a605d0019b6;Naila Dos Santos;hyusnts@gmail.com;49991557066
6014045e6cb432001312;Pedro Henrique;pedrohenriquecorrearamos101@gmail.com;49991361684
601600161dfddb0012df;Viviane Wolfran De Alencar;wolviviane@gmail.com;49991196208
601602791dfddb0012df;Roberta Garcia;robertappga@gmail.com;48999272952
601603672a605d0019b6;Rubia Raiher;rubiaraiher@hotmail.com;49999323786
600d766bfd8bde0012cc;Jeferson Giovenardi;jefegiovenardi@hotmail.com;48998317931
60087a06d173480012d1;Fernanda Tacca;fernanda-tacca@hotmail.com;49988767024
6015ea3aeab1a80013e8;Ítalo Mariano Souza;italojosemarianosouza@gmail.com;49991850907
6016131c1dfddb0012df;Wéllinton Müller;wellintonanderson@gmail.com;49991272649
601021a60621c3001230;Aline Bebici;alinebebici@gmail.com;44997168237
601041dbb7977000148d;Angelita Arnold;niu.angel@yahoo.com.br;49991554411
600c38cb05e8fd001275;Jessica Vidor;jvidor38@gmail.com;49991254346
6016cf096da7fe0012b8;Clara Parize;claraparize@gmail.com;48996516851
5c9bf99faa68e8001156;Sabrina Saraiva;sabri-sleyne@hotmail.com;49991323134
5d360150746aa10012be;Kyeldon Amaral da Rosa;kyeldon_amaral@hotmail.com;49988726174
6016f9536da7fe0012b8;Fabio Bispo;fabio@msn.com.br;49999534992
6017090455a79200128f;Leila Sperafico;speraficoleila@gmail.com;49991810402
601327583ad1fe0012dd;Franciele Campana;fracampanadacunha@hotmail.com;49991495875
60170bca520cdd00139d;Luiz Lerner;luizhenriquelerner@gmail.com;49999076767
600ae14b43ecd8001222;Paulo Henrique Gugel;valcirgugel725@gmail.com;49920006710
6011e01d9134d10012a5;Emanueli Priscila de Oliveira;pgmanu.bio@gmail.com;49998254307
60170fb9c64316001291;Daniel Severo;danielseverobr@gmail.com;49991200432
6009a388f0e2230012a7;Jeffrei Renan Rovedder De Borba;danimsmo@hotmail.com;49985039857
60108030b7977000148d;Rafael Lorenski;rafaoverload@gmail.com;49991860494
6015b03dcb778f00127a;Iago Gonçalves;iagogc.99@hotmail.com;49984272566
601211be0621c3001230;Patricia de Abreu;patyabreu2011@hotmail.com;49988689851
60171968bf7b7d0012a3;Deiveson Teodoro;deiveson.teodoro1989@outlook.com;49991225521
6015d5f8cb778f00127a;Sônia Mara;soniamaramara302@gmail.com;49991553563
601062711e0063001304;Silvia Caneppele;silcaneppele@gmail.com;49988119339
60117bbb69ea78001250;Micael Ternus;micaelternus@hotmail.com;49988942962
600b204c6491f7001325;juliane Schafer;juliane.ctb@gmail.com;49999555985
60171c4b55a79200128f;Elaine Pereira;laineaz099@gmail.com;49991016327
600f6441624b09001704;Betina Gräff;betinaig@hotmail.com;49991227588
6011e0e55c5fb30017d2;Maria Luiza Montagna De Ross;marial.deross@gmail.com;49991931801
6011ce7df27a390013da;Maiara Vivian Prestes;maiaravivianprestes@gmail.com;49991722235
60171d006da7fe0012b8;Tabatah Gonçalves;tabatahgoncalves16@gmail.com;49991576009
6010694840bb46001472;Jane Cleia Carteli;janecleiac@hotmail.com;49999789616
60171d636da7fe0012b8;Lucas Gruetzmann;lucascardoso1208@outlook.com;49991025305
6008c982f76e430012ed;Luana Rost;luana.rost2017@gmail.com;49991893622
60117f3b9134d10012a5;Nadia Martini;nadiacasselmartini@gmail.com;49988371301
60170d066da7fe0012b8;Maria Luíza Burin;maryalbss6@gmail.com;49989042152
60171d236da7fe0012b8;Leonardo Minatti;leonardominatti25@gmail.com;49999507339
60171ba409f9b10012b3;VANESSA GRAMINHO DA LUZ;vanessaisaacgraminhodaluz@hotmail.com;49991533250
600db52e30518a001289;Djonatan K. Gomes;gomesdjonatan10@gmail.com;49999231160
600d3bd7fd8bde0012cc;Mateus Schmidt;mateusschmidt38@gmail.com;49998029938
60171f1951d451001367;Daniel Ramos;danielramos.aurora@gmail.com;49991550285
6016e7f555a79200128f;Dariel Pietro;darielpbt@hotmail.com;49991206378
60140bf278743a0012c2;Giovana Cavagnoli Menegais;giovanacavagnoli87@yahoo.com.br;47996394826
600a27e44a77a10012d6;Mateus Felipe De Deus E Silva;mateusfelipededeusesilva@outlook.com;49991230166
601482c4b17e70001272;Ana luiza Faccio;analuizavfaccio@gmail.com;49991992679
600de06a1bf0560012bb;Karisa Amanda Almeida Kochem;karikochem@yahoo.com.br;49985048390
6015c8e828e8ed001283;Uiliton Baiardi;baiardibsb@yahoo.com.br;49999354804
60099def51ef480012f6;Adriele Maiara Rodrigues;adrielemr@hotmail.com;49985042613
60081baaf76e430012ed;Sâmara Isis Pisatto Bof;samaraisisb@gmail.com;49991797969
600886b8d173480012d2;Amanda Zancanaro;amandaazanca@gmail.com;49991440452
601723cf51d451001367;Gabrielli Cristina Basso;gabibasso@hotmail.com;49991488881
6015d20d1dfddb0012df;Vanderlei Canesso;vandysmo@gmail.com;49991822945
6017232155a79200128f;Marina Ramos;marina.crp@hotmail.com;49988965770
601723f255a79200128f;Vanessa Nicodem;marcelo-bordignon@outlook.com;49991668180
601593291dfddb0012df;Danieli Prestes;danieliprestes141@gmail.com;49991698983
60083e8dd173480012d1;Vanessa Degani Klaus;vanessadegani.2019@gmail.com;49991898771
60084392f76e430012ed;Andressa Bonatto;andy.bonatto@hotmail.com;49991799673
600c923dfd8bde0012cb;Ederson Diego Dall Agnol;dallaedd@gmail.com;49984082540
60172586bf7b7d0012a3;Jardel J. Staudt;jardeljoarez@hotmail.com;49991930880
60172694520cdd00139d;Cristiano Scopel;scopelsc95@gmail.com;49991346536
601728b9520cdd00139d;Dayan Júnior Braun;dayan_junior18@hotmail.com;49999455281
60172879c64316001291;Rubens Christoff;rubenschristoff@gmail.com;49998162819
6016035e9f5f700012e4;César Escher;cesarescher52@gmail.com;49988129391
6010539103fb8c0013a9;Alex Sander Escher;escher.alexsander.ase@gmail.com;49988536466
6010a86e0621c3001230;Gabrieli Cavagnoli;gabrielicavagnoli@icloud.com;49988310868
60171f526da7fe0012b8;Richard Rech;richard.smo@outlook.com;51981730016
6017284a9f5f700012e4;Murilo Kich;murilokich@gmail.com;49998140808
60172911bf7b7d0012a3;Ana Christ;analara.cp@gmail.com;55999047154
5bde0ee763d0ae000f37;Lidiane Klement;lidiane.klement@unochapeco.edu.br;49999515707
60171e5255a79200128f;Evillyn Bonamigo;evillynbonamigo25@gmail.com;49991383435
60170e499f5f700012e4;Marcelo Adriano Weber;marceloweber@gmail.com;49991062545
6010c98b0621c3001230;Maria Eduarda Wichoróski Thomé;maria.wichoroski@gmail.com;49991715712
601729d455a79200128f;Angela Cristina Binsfeld;angelacristinabinsfeld@gmail.com;49988113542
6010648d03fb8c0013a9;Adriani Orth;adriani.orth@sc.senac.br;49999650912
6010aa8eee2f4e001244;Ana Teles;juliateles87@gmail.com;49999777097
5cf9b3ad792ea40012c8;Maria Fernanda Pacheco;maria_f_pacheco@estudante.sc.senai.br;49991843425
60149d312a605d0019b6;Ana Paula Guth Graf;aninhaggraf@gmail.com;49988018383
6017175ebf7b7d0012a3;André Leonardo Sans;sansleonardooficial@gmail.com;51982031446
601723e055a79200128f;Denise Da Silva;denisetailor@gmail.com;49991032834
60131807c4fd03001494;Ana Gobi;aninhagobi@hotmail.com;49992008280
6010befd2d807500125d;Juliano Daniel Boscatto;jubismo@yahoo.com.br;49999557371
60144c6b518acd00125e;Edi Thomé;edi.thome@gmail.com;49991255936
60135965c4fd03001494;Sandro Vieira;sanvieiramd@hotmail.com;49991739911
600c1915fd8bde0012cb;Marcus Vinícius Venturini;marcus.venturini@yahoo.com.br;49988747500
6015896c2a605d0019b6;Michelle Dayane Denardi;denardi28@outlook.com;49991583339
601492b4b17e70001272;Edinan Alessio;edinan.alessio@gmail.com;49991333258
60172ca19f5f700012e4;Dione Roncato;finatovitor88@gmail.com;49991412896
60172b5409f9b10012b3;Jaqueline Mahl;jaqueline.mahl01@outlook.com;49991888534
60172e12c64316001291;Anderson Balt;andersonsmo2010@hotmail.com;49991089505
60172df351d451001367;Lígia Andreis;ligiaandreis@outlook.com;49991150372
6017232c55a79200128f;Marieli Degasperi;fergattermann7@gmail.com;49991892276
60172e0355a79200128f;Jessica Fernanda Barreto Honorato;jessika.nanda@bol.com.br;49988287471
6009a542cb39d900126d;Stéfani Konrad;stefanikonrad@hotmail.com;49999175647
6015fa08cb778f00127a;Maristela Menegais;maristela.menegais@gmail.com;49998231240
6010232c1e0063001304;Luciano Encarnação;ltlcomunicacao@gmail.com;49991414635
6015fde59f5f700012e4;Thales Ogliari;thalesog@me.com;49991582242
6010b0200621c3001230;Raquel Ody;raquelody16@gmail.com;49999180120
600f1a170621c3001230;Samanda Ziani;samandaziani@hotmail.com;49988022747
60172f8251d451001367;Henrique Xavier;xavierboness@gmail.com;49998031335
60134dca3ad1fe0012dd;Fran Epaulo;francielebueno83@gmail.com;49999037413
60102dc70621c3001230;Karolini Mazzutti;karolini-mazzutti@hotmail.com;49988195288
6016ec7f55a79200128f;Daniela Severo;severodeisi6@gmail.com;49999733891
6014a4677bb735001655;Vandressa Gruber;vandressa.gruber@hotmail.com;49984366496
6017234d09f9b10012b3;Fabiane Grolli;fabianegrolli7@gmail.com;49991717128
6017333351d451001367;Caroline Alves;carolinealves.smo@hotmail.com;49999441867
6017333351d451001367;Caroline Alves;carolinealves.smo@hotmail.com;49999424840
6010a94603fb8c0013a9;Elisa Sans;elisasans.sans@gmail.com;47996738847
6012b5f8165ae70012ad;Ricardo Pomatti;angeloricardopomatti@gmail.com;49991143656
6010a10e03fb8c0013a9;Débora Thomas;dboratomas@hotmail.com;49991774479
60121f30f27a390013da;Laís Bedin Siebel;laisbedinsiebel@hotmail.com;49991551617
601733f555a79200128f;Ana Caroline;annacarolinesmo@gmail.com;49999612138
601080828b525a00123c;Kamily Rebelatto;kamyrebelatto@gmail.com;49991859194
6017351f6da7fe0012b8;Samuel Augusto Girelli;samuelgirelli@hotmail.com;49991278282
60172d976da7fe0012b8;Andreia Wantz;andreiawantz@hotmail.com;49991476146
601735c409f9b10012b3;Vitor Joci Baiocco;jocianelichack2018@hotmail.com;49998240428
60160dce28e8ed001284;Rafael Carlesso;rafaa_lokoo@hotmail.com;49999829354
6010839b2d807500125d;Djohana Thalia;d.johanna@outlook.com;49999521115
6008ff3bf76e430012ed;Jamile Kuhn;jamilekuhn@gmail.com;49998071421
60083b985907de0012c4;Talia Ana Festner Perin;taliaprn@gmail.com;49991577588
60173965bf7b7d0012a3;Taisa Giacomini;taisa_giacomini@yahoo.com;49991648040
601739756da7fe0012b8;Josemar Portelles;josemar@jpdistribuidora.com;46991153161
6012a2ea3ad1fe0012dd;Aline Donassolo;ali.donassolo@hotmail.com.br;49991349125
6015fb77eab1a80013e8;Marina Bulhões;marinakbulhoes@gmail.com;49991458281
6008f813f76e430012ed;Kleberton Ricardo Tesser;klebertont@yahoo.com.br;48996242449
600b281da31f7c001228;Denise Daltoe Tregnago;denisedaltoe1@gmail.com;49991920224
60173ba79f5f700012e5;Giani Carla SBARDELOTTO;giani27carla@gmail.com;49984099091
600d8e5efd8bde0012cc;Elizandra Paula Tariga;eulerbecker2002@gmail.com;49999567713
6010acf50621c3001230;Letícia Françozi;letifrancozi@gmail.com;49991055514
6010a5e12d807500125d;Kauana Scheffler;schefflerkauana@hotmail.com;49984064139
6010647cb7977000148d;Eduardo Antonio Busnello;busnelloeduardo296@gmail.com;49988708783
60173e7f6da7fe0012b8;Vande Kosmann;mercado.kosmann@bol.com.br;49991316030
601740819f5f700012e5;Chantal Jacomelli;chantaldoris78@gmail.com;49991758796
601053ec8b525a00123c;Henrique Martini;henrique90764@gmail.com;49991777598
600e223a0621c3001230;Luane Medeiros;luane.oliveira.mar@hotmail.com;49998262212
6010bc962d807500125d;Vitor Massignani;vitor.cpreta@gmail.com;49998285423
600dd3e50621c300122f;Gabrielli Rigon;gaabi-rigon@hotmail.com;49991552043
601740d7520cdd00139d;Chrystian Lucas;chrystianlucas123456@gmail.com;49991993115
60173ddec64316001291;Rubiane Meides Brugnerotto;clienteconsertarubiane@gmail.com;49920019811
6015e0321dfddb0012df;Janete Escher;janeteescher1977@gmail.com;49991315719
600e19dffd8bde0012cc;Edinara da Silva;dinaahdasilva@gmail.com;49999495826
6010bad10621c3001230;Laura Schons Amorim;lauraschorim@gmail.com;49991882224
601741db51d451001367;Vânia Almeida;vivavidaa@hotmail.com;49984152734
6017419e520cdd00139d;Danielly Coelho;danielly_nina@hotmail.com;49984217323
60174196c64316001291;Adriane Provenzi Lehmen;adrianeprovenzi@hotmail.com;49991617981
600e2cc536e7820012ec;Ketlin Bach;ketlinbach@hotmail.com;49999435153
6010a06903fb8c0013a9;Angela Luzia Greski;angelalgreski@hotmail.com;49991712558
6015c8f52a605d0019b6;Anderson Capellari;andersoncapellari@hotmail.com;49998255983
60161ed2cb778f00127a;Lucas Roncato;roncato531@gmail.com;49991480673
6010a7a703fb8c0013a9;Claudia Mariana Meurer Castanhede;claudiacastanhede@gmail.com;49998216780
601746f7520cdd00139d;Gabrielle De Oliveira;gabi.oliveira98@hotmail.com;49999441166
601748256da7fe0012b8;Sidinei Neufeld;sidineineufeld@gmail.com;49991957487
5f0e7194d55d610013f0;Karoline Brasil;kbrasil_smo@hotmail.com;49991346977
60174b80c64316001291;Felipe Soares da Silva;felipeaugustosoaresdasilvasds@gmail.com;49991819412
60174b80c64316001291;Felipe Soares da Silva;felipeaugustosoaresdasilvasds@gmail.com;(49)991819412
60174c6655a79200128f;Rafael Scheffler;familiascheffler7@gmail.com;49998113070
601748fabf7b7d0012a3;Adriel Zilli;adrielsmo2010@hotmail.com;49991974036
601750c051d451001367;Jhonatan Arpini;jho_arpini@hotmail.com;49988310298
6017517ec64316001291;Luisa Dill;lluisadilll@gmail.com;49985030375
601752b851d451001367;Cledii Santos;clediisantos18@gmail.com;49991943170
6017537b520cdd00139d;Aline Oliveira;aline187@outlook.com;51985498596
600ad62c43ecd8001222;Nair Cristiane Dos Santos;laspapasgastrobar@gmail.com;45988097224
600f07700b3f09001280;Mauro Filgueiras Filho;mauroffilgueiras@gmail.com;49988029103
601754d551d451001367;Anderson de Almeida;andersonmattabjj@gmail.com;49991550623
6017594f51d451001367;Matheus Signori;signorimatheus87@gmail.com;49991657045
60175ddd6da7fe0012b8;Cleomir Falchetti;cleomirfalchetti@gmail.com;49999462018
6015cc8b9f5f700012e4;Julia Rogério;rogeriojulia2014@gmail.com;49984121454
600f4c91dd85ce0012bc;Cristiano Marciane Tibola Haack;marcitibola@hotmail.com;49991379714
60180b3e74d37500128d;Guilherme Valcaringui;gvalcaringui12@gmail.com;49988155167
601811cdda158e00129e;Pablo Nathan;pablonathan@icloud.com;49992014082
601772b0520cdd00139d;Wesley Haack;wesley.2606@hotmail.com;49984110546
60181a0ad73a9f001274;Kátia Polis;katiapolis30@gmail.com;48996014828
6018461c74d37500128d;Natanael Santos;natanaelsmo27@gmail.com;49991631848
6011b1450621c3001230;Janaina Vargas;janainavargas264@hotmail.com;49999071423
6009f83ccb39d900126d;Vanessa Cristine Christ Mueller;vanessacristinechristmuell@gmail.com;49991566495
60106b138b525a00123c;Alana Paliano;alana.paliano77@icloud.com;49989202325
601870339bab9400136b;Leandro Roani;leandroroani@yahoo.com.br;49991170747
6018736267de7c001313;Marlete Bourscheidt;b.marlete@gmail.com;49991127786
60084961f76e430012ed;Jaqueline Reckziegel;jaqueadm25@gmail.com;49991353058
600e08ded22cb000126f;Queila Heloisa;queilarohde@gmail.com;49999332281
601874e167de7c001313;Cristiano Rodrigues;cristianorodrigo@outlook.com;49991167735
6010684e0621c3001230;Luana Paula;sovraniluana9@gmail.com;49991236211
6018799cda158e00129e;Schirlen Fernanda Berwanger;schirlenfernanda08@gmail.com;49991861728
601749006da7fe0012b8;Marlene Maria Escher;marleneescher61@gmail.com;49989181172
60187eaed73a9f001274;Marrony Busnelo;marronybusnelo@gmail.com;49998218681
60187b4255a792001290;Guilherme De Oliveira Dos Santos;gui2405oliveira@gmail.com;49991613474
6017396f9f5f700012e5;Jennifer Glanert;jenniferglanert@hotmail.com;49991617486
600c08fdc623c1001251;Sara Capuani;saracapuani6@gmail.com;49991487962
600c8f7ab01fc8001290;Oliana Juver Cassol;olianacassol83440@gmail.com;49989226599
6011cdd19134d10012a5;Rogério Marcos Maldaner;rogeriomaldaner@msn.com;49988137429
60141ffc518acd00125e;Emily Santin;emygiulia.25@gmail.com;49988386571
601048fd03fb8c0013a9;Cristian Da Silva;cris.smo@hotmail.com;49989102978
60113da30621c3001230;Gabriel Zimmer;gabriel.zimmer7@hotmail.com;49991449427
6014a6e07bb735001655;Gustavo Gervazoni Leal;gustavogervazoni2@gmail.com;49991058539
6011f674f27a390013da;Patricia Spironello;9anxfc5jki@privaterelay.appleid.com;49991470243
601889b8da158e00129e;Andriely Lopes;andrydidi@hotmail.com;49991159092
60187ff49bab9400136b;Samara Frederich;samara_frederich@hotmail.com;49984373843
600a358c51ef480012f6;Etiza Palhano Zanatta;etizapz@hotmail.com;54991380457
6012be443ad1fe0012dd;André Nardi;andrenardi1@hotmail.com;49998313661
60188b2055a792001290;Gabriela Goulart;gabrielaluisagoulart@gmail.com;49991973887
60188c0a74d37500128d;Mariana Iwakura;iwakura02@gmail.com;41999124829
6015faa62a605d0019b6;Andressa Weber;clienteconsertaaweber@gmail.com;49989229727
6018802874d37500128d;Heloá Kaufmann Wormesbecker;heloakw_1203@hotmail.com;49988126521
6014de48518acd00125e;Rosangela Kirch;rosangelakirch@gmail.com;49991029567
60188ca3d73a9f001274;Jéssica Gayardo;jessicagayardo@hotmail.com;49999362184
600e28f630518a001289;Joel Perin;joelperin18@hotmail.com;49998340883
60188c7a9bab9400136b;Marcos Flach;marcos_flach@hotmail.com;49991718392
60188f08da158e00129e;Fernanda Romario Ribeiro Pires;romarioha2020@gmail.com;49992014365
6018848d9bab9400136b;Paloma Pinto;palomapinto19@gmail.com;49989198969
6010273d03fb8c0013a9;Felipe Trevisan;felipesmo21@outlook.com;49999426422
601878df55a792001290;Gabriel Antonio Rebelato;gabitosmo72@gmail.com;49991132057
601446ee6cb432001312;Luciane Rauch Debastiani;rauchluciane17@gmail.com;49991079705
60103ab28b525a00123c;Ludia Fernandes;luudiafernandes@gmail.com;49991252324
6016da8c6da7fe0012b8;Vamilson Souza D'Espíndola;vamilson1979@gmail.com;49999095264
601895429f5f700012e5;Karina Taísa;karina17kathy@gmail.com;49999499337
6010226c0621c3001230;Patricia Oliboni Pavoni;patyoliboni@hotmail.com;49988058280
6010411b03fb8c0013a9;Elizandra Vaz;elizandravaz01@gmail.com;49992026666
601897ca9f5f700012e5;Luiz Felipe Barth;barth_smo@hotmail.com;49984157814
601436cc518acd00125e;Débora Moreira;deboradeeh@hotmail.com;49992010354
6014a52cb17e70001272;Marcos Meller;andreimeller@yahoo.com.br;49991672016
6018a09c74d37500128d;Felipe Henrique De Castro;deriomooca@gmail.com;47991228875
6018a06955a792001290;Gustavo Moreira;moreira.gustavo86@yahoo.com;11932811122
60085d785907de0012c4;Dyeisson Silveira Spielmann;dyeisson20@gmail.com;49999651545
600ca6fc05e8fd001275;Ivan Toigo;pusasmo@gmail.com;49991190101
6018b167d73a9f001274;BEATRIZ SOARES;beatrizsoares081110@gmail.com;11959696959
6018bb1db5580d00128b;Juliano Zandona de Oliveira;midijuh@gmail.com;49991875084
6008ac865861ae00126b;Camila Ciconeti;camilaciconeti17@gmail.com;49991901615
6017fd289f5f700012e5;Adilson Lemmos;taynavarelly@gmail.com;49991636354
601090d9b7977000148d;Vanessa Schmidt;vanessa.luana2201@icloud.com;49991555023
6010292940bb46001472;Valéria Carine Cherobin;valeriacarine@unochapeco.edu.br;49991496172
60114c4ab7977000148d;Letícia Villani;leticiavillani.ent@gmail.com;49988905613
60199ed4a85c7200120b;Andrey Pellegrin;andreypellegrin@hotmail.com;49991025857
60172189bf7b7d0012a3;Richard Rothmann;richardrothmann@hotmail.com;49991677755
6019af9c387ccf001374;Luiz Hohn;luiizhohn@gmail.com;49999828893
5fd0155b58162100126f;Gabriel Thomae;gabriel-thomae@hotmail.com;49988788895
6019bd7b387ccf001374;Jéssica Schüler;jeje_bsh@outlook.com;49991708198
600874ced173480012d1;Ludmila Fritzen;ludfritzen@gmail.com;49991393949
60146b4794e99a001250;anderson fernando;4ndersonfernand0@gmail.com;49991267746
6019c2bbe104d7001247;Carol Selzler;carolselzler78@gmail.com;49999186447
6018a35267de7c001313;Greyce Camila dos Santos;greycecamilacolle@gmail.com;49988591090
6010b0f28b525a00123c;Kevin Willian Greski;kevingreski@icloud.com;49991618821
6019c7e1a85c7200120b;Mateus Lunks;mateusrochalunks@gmail.com;49991416222
6019c8ec51c976001297;Jussara Colle;jussaraccolle@gmail.com;49988479565
6019ccaa51c976001297;Andressa Schneider;andressa.sch14@hotmail.com;49999216309
6019cc8224a4b70013d4;Simone Maria Chiaradia;simonebaly@gmail.com;49991411236
6013499cc4fd03001494;Rafael Cristiano Lamb;administrativo@dlamb.ind.br;49988483198
6019c4cc50363900127d;Mari Kegler;biscoitosvilaoeste@smo.com.br;49988979276
60186f619bab9400136b;Marta Regina;asmartaregina@hotmail.com;49988791791
601878d59bab9400136b;Leimar Franzon;franzon6@gmail.com;49991210365
5d5dc6dba1b8f10012da;Patrícia Fernanda Ammon Lanza;patricia.ammon@yahoo.com.br;49991617712
6019d155d73a9f001274;Gustavo Gava Périco;gperico29@gmail.com;49991216131
60174dd155a79200128f;Alessandra Scheila Filippini;alessandra1.filippini@gmail.com;49988299930
6008ac34f76e430012ed;Denise Demarchi;denisedeemarchi@gmail.com;49988052311
601069a503fb8c0013a9;Éveling Da Costa;eve.dacosta@outlook.com;49999826439
6018573e9bab9400136b;Paula Hanauer;paulahanauer1998@gmail.com;49999184104
60149e441cdc64001222;Nayara Ballen Mucha;nayara.mucha@gmail.com;49999022380
6011e9629134d10012a5;Solange Paula Montagna;solangepaula1605@gmail.com;49991038012
6018a7a274d37500128d;Kiko Rempel;kikorempel@gmail.com;49984230568
6018893355a792001290;Vinicius Caye;vinicius.brust@outlook.com;49991420692
60186b75b5580d00128b;Antônio Corrêa;antoniosantos190859@gmail.com;49999785985
6019d3d651c976001297;Cleimar Biasi;cleimabi@hotmail.com;49991081027
60141aa42a605d0019b6;Marisane Schultz;marisaneschultz1@gmail.com;49998307101
60138983c4fd03001495;Alexssandro De Matos Kraiczk;alexmatos73@hotmail.com;49991239052
6019d53924a4b70013d4;Adriana de Souza;adrisouza130282@gmail.com;49984248440
600eca8fa5c3620013be;Ketlyn Vitória;ketlynmuller4@gmail.com;49991985191
6019d561da158e00129e;Altamir Schlichting;erikadacruz16@gmail.com;49920002391
6014901c7bb735001655;Gabriela Giehl Müller;gabrielagmuller2752@gmail.com;49991938964
6017eabf9f5f700012e5;Luciane Battistella;battistellaluciane@gmail.com;49991236307
6019d95ad73a9f001274;Daniel Ferreira;danielbatatinhabjj@outlook.com;49988267454
6019d905387ccf001374;Anderson Larissa;larissamedvet33@gmail.com;49999836288
6019d5ffa85c7200120b;Bruna Marina Wagner;bmarinawagner@gmail.com;49991489643
6015c4ec28e8ed001283;Lucas Klagenberg Alves;lucasalves_9@msn.com;49991586760
600ef57dbf9e1a0012a6;Daiane Caroline Buratti;daiane.buratti@hotmail.com;49999003922
6019dbe751c976001297;Juliano Herbert;juliano_herbert@hotmail.com;49991385221
6019dc04d73a9f001274;Marcos Clemersom Dalla Porta;ambioeste@hotmail.com;49988840165
6019dd8b387ccf001374;Kathia Mantovani;kathia_99_@hotmail.com;49998180838
600a0905f0e2230012a7;Vinícius Almeida Dos Santos;e.viniciusas@gmail.com;49988268199
6018980dd73a9f001274;Eduardo Mittmann;mittmanneduardo@gmail.com;49984219324
5d1bd1e39480890012cb;Geovana John;geovanajohn@hotmail.com;49984248340
600c9b44fd8bde0012cb;Michele Pinno;micheele.p@gmail.com;49992018628
6019e147da158e00129e;Cristiane Paiva Quinteiro;cristianepq@gmail.com;49991355609
5c8adc79253eff0011ea;Edson Altissimo Soares;kiko.10choppitos@icloud.com;49984238910
5fdfd691825bdf001453;Guilherme Toebe;guitoebe5@gmail.com;49991596559
6019e1c5a85c7200120b;Laís Carboni;laiscarboni24@gmail.com;49998339438
60088d135907de0012c4;Mirian Tais;mirian.tay@hotmail.com;49991819939
6015cbb62a605d0019b6;Rubiane Bertó;rubiberto@hotmail.com;49999558995
6019e1cdd73a9f001274;Sedenir Kozerski;sedenirk@gmail.com;49999847762
6016d6acc64316001291;Rafael Junior Pilatti;rafaeljrpilatti@hotmail.com;49991442611
601013a31e0063001304;Lukas Gaedicke;lukas.gaedicke@hotmail.com;55984264419
6019e20751c976001297;Gabriela Nunes;gabrielanunesminhoca@gmail.com;49991627946
60186d84d73a9f001274;Andreia Bordignon Schneider;bordignon.andreia@yahoo.com.br;49984210016
6019e2e7d73a9f001274;Arthur Schmitt;primosouirmaos755@gmail.com;49985059024
6019e38d50363900127d;Andressa Vaccarin;andressamonivaccarin@gmail.com;49991150045
6019e3eb24a4b70013d4;Maria eduarda Siebel;siebelduda00@gmail.com;49991916272
6019e30fd73a9f001274;Leda Arcari Barp;lele_smo@hotmail.com;49991583003
6008c2a84c00880013e5;Andrieli Musckopf Alt;andrielialt06@gmail.com;49999782946
60086871f76e430012ed;Carla Adriane Frey Pottker;carlapottker@yahoo.com.br;49991323891
6019e3e650363900127d;Nicolas Zanella Schäfer;nicolas-zanella@hotmail.com;49999802947
6019e711a85c7200120b;Matheus Inacio Alba;matheus-multimarcas@hotmail.com;49988656265
60173d8e09f9b10012b3;Daniel Schneider;danielschneider70@hotmail.com.br;49991236270
6019e94151c976001297;Jaqueline Machado;jaquelinesmo@hotmail.com;49991051842
6019ec5850363900127d;Mauricio David barbosa da silva;mauricioxtz125@icloud.com;49998038879
6019ec7ba85c7200120b;Caroline Fachin;caroline.fachin@hotmail.com;49991856607
6019eb7f387ccf001374;Cleber Guerra;cgcleberguerra@gmail.com;49991808538
60130b83c4fd03001494;Marli Tackes;marlitcks@gmail.com;49992008170
6019ed7324a4b70013d4;Volnei Dos Santos;giltontac11@hotmail.com;49998112479
6019f1fda85c7200120b;Paloma de Souza;paloma_de_souza2008@hotmail.com;49991719170
6019f76f387ccf001374;Tainara Toffolo;tainaratoffolo@hotmail.com;49991293320
6019f987a85c7200120b;Idyonei de Farias;ixioneibreier@gmail.com;49984337065
6011e7f880f2b0001263;Rosane  schwengber;rosanemsr@yahoo.com.br;49991782028
601aac9ca85c7200120b;Jéssica  Mallmann;jessicam@unochapeco.edu.br;49988515868
600eee9c0b3f09001280;Sérgio Taparello;sergiotap@live.com;49984047072
6008c8442d33b3001299;Daniele Schroeder;dane.pschroeder@gmail.com;49998348509
601866c59bab9400136b;Davi Kasper;davi_kasper@hotmail.com;49991928664
601ab5c7e5ae380012c3;Maicon Gastring;maicon_gastring@hotmail.com;49988486579
601ab6c1e5ae380012c3;Luciane Muller;lucianembergmann@gmail.com;49991171808
600ca09c05e8fd001275;Silvana Oliveira;silvana.odsc@gmail.com;49998110958
6015fff1d12d61001284;Paulo Henrique;polooohcb@gmail.com;49998281423
601ad075a4cddb001388;Selmar Brustolin;brusto2012@hotmail.com;49991164248
6019c3f2a85c7200120b;Caetano Zanatta;caetanozanatta1@gmail.com;49988839498
601838fcd73a9f001274;Fábio Silva Romani;fabio.romani@hotmail.com;49999153353
60132d25c4fd03001494;Samuel Furla;furlasamuel94@gmail.com;49998419334
600c2eb3fd8bde0012cb;Hellen Djece Heydt De Athayde;djjece@gmail.com;49991938511
6011851c9134d10012a5;Jenifer Da Silva;jeniferdasilva048@gmail.com;49933003679
60101e708b525a00123c;Raquel Heberle;raquelheberle91@gmail.com;49991609178
601ae560d22fe70012e7;Milena Rafaela;mxlznw@gmail.com;49991647034
6010a3d20621c3001230;Carlos Pinheiro;carlospinheirocoach@gmail.com;49988708686
601210ee80f2b0001263;Tere Silva;terelaisadasilva@gmail.com;49991159899
601b100da85c7200120b;Gabriel Fernando;gabrielfernando010203@gmail.com;49992003354
601b100da85c7200120b;Jaques Sitta;sitta_80@hotmail.com;49984084207
601483247bb735001655;Letícia Bürgin;leticiaburginarq@yahoo.com.br;49991611179
600c2c6505e8fd001275;Ricardo Schneider Roos;ricardoparagua@hotmail.com;49991015601
601b1687c64cc30012eb;Kassiano Albarello;kalbarello@hotmail.com;49988170062
6019c71451c976001297;Jenifer De Ramos;jheeni_smo@hotmail.com;49991450549
6011eab080f2b0001263;João Vitor Da Rosa Chaves;joaoagrimensura@gmail.com;49999169365
600984cad766e200121e;Franciele Da Costa;francosta.psicologia@gmail.com;49999307636
6009f6f0cb39d900126d;Eliza Balbinot;elizaabalbinot@gmail.com;49991914393
601b18d5d22fe70012e7;Bruna Dall Agnol;dallabruna@outlook.com;49991746403
601b1b62e5ae380012c3;Diogo Gose;diogogose12@gmail.com;49991270632
601221225c5fb30017d2;Luis Fernando;cent-luisplautz@hotmail.com;49991619841
601a9e6fb1f7e5001248;Daniel Zimmer;dani_dani_smo@hotmail.com;49991367248
60097e5273f87c001264;Lilian Carvalho;lili.c.carvalho@hotmail.com;49999003968
601b1c40e5ae380012c3;Disaura Regina Lorenski;disauraregina@hotmail.com;49991443290
601b1f0ba85c7200120c;Fernanda Fridirich;fernanda.fridirich@hotmail.com;49991698997
601b200dc64cc30012eb;Luana Scapin;luanaaspn@gmail.com;49991205938
6011b69b5c5fb30017d2;Maicon Marcelo Weber;maiconmarceloweber@gmail.com;49991033826
601b214eb1f7e5001248;Guilherme Dos Santos;guisdsantos@gmail.com;49991179020
6010285840bb46001472;Gabriela Regina Forchessatto Czarnowski;gabyforchesatto@gmail.com;49999252086
6019cf7fda158e00129e;Wuésley Lanza;wuesleyelanza@hotmail.com;49991486222
6011de7ff27a390013da;Tiago Boiko;boikotiago@gmail.com;49999910331
600d6300fd8bde0012cc;Rafael Henrique Gomes;rafaelunoesc@gmail.com;49999251133
601ac6b2e5ae380012c3;Gisele Royer;mutecidos@hotmail.com;49988124400
6019e063e104d7001247;Edilaine Alves Almeida;dila2005@hotmail.com;49991919345
60098d9bad16070012dc;Bruno Henrique;brunoh.schwengber@yahoo.com.br;49999750632
60172b1455a79200128f;Dariane Villa;daryvilla@outlook.com;49998155087
600ed16ea5c3620013be;Daiani Raquel Thiele;daianiraquelthiele@gmail.com;49991670634
601b0f2cb995af00126e;Gizeli Brazil;gibrazil_@hotmail.com;49998080745
6008d2895861ae00126b;Lindsey pereira;lindseypereirakunrath@gmail.com;49991674034
601b2923d22fe70012e7;Fernando Salvi;fernandosalvi_smo7@hotmail.com;49984355419
601b2904a4cddb001388;Kryshná Eckert;kryshnaeckert@hotmail.com;49984361998
601150650621c3001230;Rodrigo Jantsch;guigojantsch9@gmail.com;49991495002
601b29bfe5ae380012c3;Neilor Köche;neilorkoche@gmail.com;49984057405
601b29e5d22fe70012e7;Leandro Souza;leandraovasco@hotmail.com;49991255028
60170f36520cdd00139d;Kamih Wronski;kamihwronskismo@icloud.com;49984374070
6013fde3157c380012be;Caroline Pilatti Martins;karool-smo@hotmail.com;49984166916
601b2c39e104d7001247;Marisa ElisabeteBoff;facemarisaboff@outlook.com;49991664400
6019cc5a50363900127d;Anderson Weber Cabral;anderson-wc@hotmail.com;49991975816
6008967848acdf001320;Rafaela Kasper Royer;arquitetarafaela@hotmail.com;49991290840
601b2caab1f7e5001248;Joacir Schmitz;joacirschmitz@yahoo.com;49991086255
60086b495907de0012c4;Adriana Lazarotto;adrianalazarotto@yahoo.com.br;49988078820
6016d620520cdd00139d;Fernando Pilatti;gpautosmo@hotmail.com;49991216960
600ec4e00621c3001230;Lizabete Corá;coralizabete7@gmail.com;49991727845
601737ff6da7fe0012b8;Patricia Saldanha;y6vjb2nznw@privaterelay.appleid.com;49991950028
60101a0140bb46001472;Simone Herber;simone.herber@inss.gov.br;49991712428
601b32b7e5ae380012c3;Douglas Rene Grezele;douglas.rene.g@gmail.com;49988069399
601b32edb995af00126e;Keyzi Zorzo;keyziz@hotmail.com;49999494219
60155252518acd00125e;Maryh Rogerio Martins;zandraulrich@hotmail.com;49991747590
60155252518acd00125e;Maryh Rogerio Martins;ulrichmarizandra@gmail.com;49991747590
601747e2520cdd00139d;Patrícia Lorencini;patilorencini89@gmail.com;49991525581
601b35c9a85c7200120c;Camila Rodrigues;camilacjr@hotmail.com;49988188940
60181909b5580d00128b;Sidiney Bulla;sidy_smo@hotmail.com;49991866343
60101f0b0621c3001230;Leandro Bogorny Wirth;leandro.bwirth@gmail.com;49991957235
601b3746c64cc30012eb;Marcionei Ghizzi;marcioghizzi@gmail.com;49991084867
601463d694e99a001250;Henrique willy Hagge;hwillyhagge@gmail.com;49988656269
600df8530621c300122f;Kalynca Vaider;kalynca.vaider@outlook.com;49991185932
60188dd8d73a9f001274;Ana Júlia Kummer;ana_julia2711@hotmail.com;49999623530
601615e92a605d0019b6;Wallasy Matheus Fernandes;wallasy.matheus1903@gmail.com;41991661249
60173a9209f9b10012b3;Dione Martins Dos Reis;dionedionemartins@hotmail.com;49999593670
60199f3cda158e00129e;Nice Grings;nicegrings23@gmail.com;49985019473
601b4517a85c7200120c;Marizete Müller;marizete24@hotmail.com;49991476109
601b51d1e5ae380012c3;Josué Silva;japinhalindo08@gmail.com;49991732018
601b5278c64cc30012eb;Stephanie Pinto;stephanie_silvapinto@yahoo.com.br;48991150316
601b55c2a85c7200120c;Mateus Borba;mateborba@hotmail.com;49991590205
601bfd46782e45001252;Isabel Dessuy Woitchunas;isa.d.w@hotmail.com;49999666854
600b52cefd8bde0012cb;suelen cristhine kaisekamp;suelenckaisekamp@gmail.com;49991603372
60114e28b7977000148d;Cristiane Bazzi;cristianebazzi@hotmail.com;49984239733
601a080f24a4b70013d4;João Vítor;billsdazueira@gmail.com;49999550965
601802b59f5f700012e5;Jacson Antonio da Cruz;jacson.dacruz@yahoo.com.br;49991464885
600af899fd8bde0012cb;Claudia Trampusch;ricardoragagabimos@gmail.com;49984224803
601c0ccf6b6ab10012b7;Gabriel Augusto;gabrielerick12334@gmail.com;49984194835
6014b37bb17e70001272;Louise Nolibos;louisedeoliveeira@gmail.com;55984484543
60096db76b8b92001440;Noemi Salomoni Picoli;nspicoli@yahoo.com.br;49988424844
600b5cc36491f7001325;Gabrieli Weber Da Silva;gabrieliwbs@gmail.com;49991204833
6018494855a79200128f;Luiza Graff;luyzagraff@gmail.com;49984216397
601c568b782e45001252;Clayton Solivo;claytonsolivobs00@gmail.com;49989007556
6011eb92b7977000148d;Matheus Bedin;player.bedin@hotmail.com;49991886283
6011ef14f27a390013da;Rose Pandolfo;rosepandolfo033@gmail.com;49991069103
600b5bd1a31f7c001228;Roberto Lolato;robertololato@hotmail.com;49991092253
60082ccaf76e430012ed;Aline Menegotto;alineunoesc@gmail.com;49988876870
60105a89b7977000148d;Sidinei Rodrigo  Massinhani;sidinei.massinhani1@gmail.com;49988699784
601859dcda158e00129e;Igor Zardo;auxiliarpecas@mmsperandio.com.br;49991559191
601c6465ccb78300139c;Leonardo Cavalheiro;leonardoleogaloleo@gmail.com;49988832434
601c69072b56e9001283;Luiz Felipe Schaefer Sovrani;xatino.smo@hotmail.com;49991679212
601ac81fe5ae380012c3;Leonardo Rinaldi;rinaldigba@hotmail.com;49988184442
601c65dd782e45001252;Cristian Dutra De Campos Da Silva;cristiandasilva8@gmail.com;49991586918
6011da4180f2b0001263;Rafael Vicentini Locatelli;rllocatelli@gmail.com;49991252507
5ef36517f775b100122b;Scheila Scharnowski;scheila.scharnowski@hotmail.com;49988699502
6017760cbf7b7d0012a3;Sandra Bataglin;sandrabataglindc@gmail.com;49988357113
6017229dbf7b7d0012a3;Cristina Cheffer;cristinasmo@gmail.com;49988055761
601b2a9ae5ae380012c3;LAURA Trevisan;lauragba18@gmail.com;49988556511
60188cd174d37500128d;Clóvis Chafes;clovischafes@gmail.com;66997187336
601c71182b56e9001283;Debora Schacker;debobrandao@hotmail.com;49991037030
6014cef36cb432001313;Júlio Franzen;julioafranzen@gmail.com;49991460559
601c73fa884e520015f1;Jarielly Guedes Dorneles;jarielly_dorneles@hotmail.com;49991900704
601b18a2c64cc30012eb;Jocevania Kuhn;jocevaniakuhn@gmail.com;49985042396
601b062ee104d7001247;Paulo Cezar;paulocdelima8@gmail.com;49991842005
6018050f9bab9400136b;Isadora Stringhini Moreira;isadoramoreira123@hotmail.com;49998134016
601c727a884e520015f1;Naíse Michele Klein;naisemiklein@gmail.com;49985023494
60147b36518acd00125e;Jaqueline Zatta;jakinhazatta123@gmail.com;49991586030
60109ec18b525a00123c;Lucineia Accadrolli;lucineiaaccadrolli@gmail.com;49999176119
601194d9b7977000148d;Simone Prunsel;simone.prunsel@hotmail.com;49999959697
601730f0520cdd00139d;Luana Dc;luanadutradc@gmail.com;49991652351
60134641165ae70012ad;Laura Accadrolli Lolato;laura.negalolato@hotmail.com;49991996766
601c7a1d2b56e9001283;Cristian Bondan;crisbondan1288@gmail.com;49999524208
601c7a8c99072000135f;Lucas Marcelo;lucassegalin15@gmail.com;49984005859
601499d794e99a001250;Camila Lolatto;ad.lolatto@hotmail.com;49999987740
60187e4067de7c001313;Antuani Viera;antuaniviera@unochapeco.edu.br;49988024537
601c7c3d782e45001252;Táila Cristine Massinhani;tailamassinhani@hotmail.com;49991034876
6012aeca3ad1fe0012dd;Mylena Barth Putti;mylenaputti12@hotmail.com;49999250446
6010348840bb46001472;Irania Paula;iraniapaula@hotmail.com;87996155690
601c7e6f7c0c18001440;Willian Bazotti;naad.willian@hotmail.com;49999027562
600895ca48acdf001320;Viviane Basso;knbfzepjws@privaterelay.appleid.com;49991773300
6008d7e9d173480012d2;Marciane Pasquali;p.marcy@hotmail.com;49992002421
6008d7e9d173480012d2;Marciane Pasquali;p.marcy@hotmail.com;49991843681
6010913fee2f4e001244;Andrea Kalini;andreawurzius@yahoo.com.br;49991880669
601c801b884e520015f1;Lucas Moretto;lukao_smo2012@hotmail.com;49991817723
601c3110782e45001252;Franciele Selzler;franci_selzler@yahoo.com;49988556171
601c3d08782e45001252;Simonne Falavigna;simonne.falavigna@yahoo.com.br;49991454744
6017321cc64316001291;Inês Selita Melchiors;inesselita@hotmail.com;49999976539
601b1362c64cc30012eb;João Francisco Gatto Tessari;joao.f.gattotessari@gmail.com;49991853011
601b3482c64cc30012eb;Rafaela Seara Ody;rafaelasearaody@outlook.com;49991348472
600d9e07d22cb000126f;Claudenir Dos Santos;sargentoticoliro1996@gmail.com;49985059389
601c84c8884e520015f1;Alex Machado;a57machado@icloud.com;49999554944
600ebd83fe59df0012a5;Cristina Fernandes Posser;cristinafposser@outlook.com;49991211955
600b22586491f7001325;Maicon Bueno;pequeninhog@gmail.com;49998058984
601c8672ccb78300139c;Amanda Schafer;amandaa.schafer@outlook.com;49991913143
601c88021c38120012b7;Emanoella Schwengber;emanoellaschwengber@outlook.com;49988193255
601c88acccb78300139c;Leonardo Silvestre;ssterraplanagem@gmail.com;49991490368
601342998a54080012ce;Anne de Villa;josiane.devilla@gmail.com;49991665433
601c837f782e45001252;Fabiana Pengo;fabianapengo@gmail.com;49988923485
601c8c5e99072000135f;Leoquian Zorzo;leoquian@outlook.com.br;49999647935
600f4121bf9e1a0012a6;Rosangela Dias;rosangela.almeida02@gmail.com;49988730505
601338e74cf956001370;Fernando Müller;fernando.collorado@gmail.com;49999785957
601c920f884e520015f1;Adriéli De Jesus Vianna;drykas294@hotmail.com;49999617881
601466da1cdc64001222;Juliana Liesenfeld Pilatti;julianapilatti009@gmail.com;49998204303
601a04c224a4b70013d4;Pâmela Lopes;pamelaoliveiraaa406@gmail.com;49992014280
601c95c31c38120012b7;Mariana Deggerone;maris_degs@outlook.com;49988818668
601571179f5f700012e4;Adrielly Soares;adriellypereira2610@gmail.com;49984194613
601c9813782e45001252;Larissa Piovesan;laarifp@hotmail.com;49999889030
600ec865a5c3620013be;Iliane Felicetti;ilianefelicetti@hotmail.com;49991439095
601c97d2ccb78300139c;Alan Felipe;dsalanfelipe@gmail.com;49998037561
601746de55a79200128f;Leonardo Correa;leonardocorrea224@gmail.com;49991056658
60106e4303fb8c0013a9;Vanessa Luana de Mello;vanessa@yahoo.com;49999289625
601806539bab9400136b;Josiane Marth;josiane_marth@hotmail.com;49991237775
601ab992a4cddb001388;Eduana Carla Casagrande;eduanacarla@hotmail.com;49998083149
600ac752ce4f270012f3;Jakelini Engel;jakeengel@hotmail.com;49991735431
6009de8ef0e2230012a7;Jocemar Bueno Da silva;josemarbuenodasilva@gmail.com;49991573331
601d80e7c4bb0e001386;Daiana Freitag de Ros;daiana_asb@yahoo.com.br;49984095691
601d804d2b56e9001283;Fernanda Da Cruz Pereira;fernandaa-smo@hotmail.com;49998016971
601d8892866bb20012ca;Állan Coinaski;coinaski-allan@hotmail.com;49998106966
601d89ccc861250012eb;Nataly Oro Assis;natalyoro@hotmail.com;49984036763
601d95527c0c18001440;Casiana Luiza Lazarotto Hammes;casianahammes@gmail.com;49984014983
60131d7a86bfb0001231;Renata Rinaldi Diesel;renatadiesel2018@gmail.com;49991902570
6011ddbc69ea78001250;Anderson Gottardi;andersongottardi01@gmail.com;49991960205
60098dfb4a77a10012d5;Jaqueline Ceconi;jaque.ceconi@gmail.com;49991590344
601db195e077400012eb;Felipe Roberto Finato;feliperobertofinato@gmail.com;49991729801
6016d6416da7fe0012b8;Tiago Silva;tiagosmosc@hotmail.com;49988072207
601461a71cdc64001222;Sandro Luis Chiaradia;sandrochiaradia@gmail.com;49991432820
601166a4b7977000148d;Leonardo Caneppele Sott;leosott@gmail.com;49999049905
601c499e782e45001252;Samira Pazetto Issa;samirapazetto05@gmail.com;49988253001
6011de655c5fb30017d2;Claudiomir Toniolli;claudiomirtoniolli@hotmail.com;49991323226
601dbd7f2b56e9001283;Claudete Gregorio;claudetegregoriosmo@gmail.com;49999254795
60084320d173480012d1;Camila Scaravonatti;cammila.25@hotmail.com;49988513412
601dbf09c4bb0e001386;Andressa Dall Agnol;drehdal@gmail.com;49991457100
6011794a0621c3001230;Micheli Reolon;michelir2013@gmail.com;49988173138
601dbf7b398f4700122d;Luiza Maria Bernardi;luizabernardialex@gmail.com;49991714326
600d86e636e7820012ec;Silvana Aurich;silaurich84@gmail.com;49984091929
601dbfd5398f4700122d;Rafael Schmitz;rafael_smo@outlook.com;49991426082
6019e66024a4b70013d4;Marina Tomazelli;elenatomazelli@yahoo.com.br;49988541260
60175166520cdd00139d;Lidiana Benini Terres;claudiaeduarda6@gmail.com;49991201967
601dc4007c0c18001440;Neusa Moterle Schraegle;niquli13132225@gmail.com;49999259312
601dc3c6c861250012eb;Glaucia Brolslavetz;glauciabrolslavetz9917206@gmail.com;49991720652
60174fa651d451001367;VANESSA VIVIAN Ceolin;vanessavivian@gmail.com;49991458412
601dc5e6398f4700122d;Maksuel Gonçalves Da Silva;maksuelmacaco@gmail.com;49933005621
601dc6d0e077400012eb;Josiani Faccin;josiani.faccin@hotmail.com;49991328872
601dc6bae077400012eb;Lauri Kuiava;laurifk@gmail.com;49991496317
6018a4b674d37500128d;Marelise machado;marelisemachado1@gmail.com;49991363020
60108b7f03fb8c0013a9;Roberto Wrege;roberto@hexah.com.br;49991042591
60188f099bab9400136b;Rafael Maldaner Tamankievies;rtamankievies@hotmail.com;49988050041
601dc7ade077400012eb;Ana Luiza Fernandes;analuizasmo@yahoo.com.br;49988078551
60170333bf7b7d0012a3;Pedro Andreis;pedro13andreis@gmail.com;49991256460
600899a548acdf001320;Gabriela Elis Perondi;gabrielaperondi@hotmail.com;49999750462
601729eebf7b7d0012a3;Josiane Bernardi;jobernardi1@hotmail.com;49988746722
601dc8c3e077400012eb;Bryan Silva Varella;bs1basa2@gmail.com;55996539551
601dcc6c866bb20012ca;Maria Wronski;mariawronski@outlook.com;49999759091
601dc8dde077400012eb;Joao Vitor;joaovzsommer@gmail.com;49988463717
601dcceb398f4700122d;Luiza Furlan;luizafurlan16@gmail.com;49991694627
601dce1a2b56e9001283;Marcela Fagundes;marcela10102009@hotmail.com;49991677994
6018b5eed73a9f001274;Melissa Andres Schons;melissaandres0@gmail.com;49991428240
6015e0341dfddb0012df;Rafael Maurer;rafatrompete@hotmail.com;49991754992
6015b1ed2a605d0019b6;Lucas Gulich;lucasgulich@hotmail.com;49988574724
601b2319b995af00126e;Marina Cavitionee;marinacavitionee@gmail.com;49999241266
601c7ca76b6ab10012b7;Andrei Camini;andrei.camini@hotmail.com;49991490090
600974d25907de0012c4;Silvia Nardi;silvianardi2003@yahoo.com.br;49991797272
601171aaf27a390013da;Michael Visintainer;michaelrene@gmail.com;51981248020
5f32c47053f8dc0013bd;Alisson da Silva;alids7@gmail.com;46999722896
60158b5a28e8ed001283;Edirlene Heberle;edirlene.heberle@gmail.com;49991744019
601c7ef36b6ab10012b7;Diogo Kuhn;diogosoueu@yahoo.com.br;49984272348
600eef060621c3001230;Gustavo Teleken;gutoteleken@hotmail.com;49988706084
600e229130518a001289;Jeanete Rachor;jeanete.7@hotmail.com;49991209547
601dd11312fd2f00142b;Claudiane Marisa Sbardelotto;sbardelotto02claudiane@gmail.com;49998144946
6017398951d451001367;Tracy Laura Gallina;tracygallina@gmail.com;49988450419
600bd260de7f20001298;Josué Felipe;josuefelipesmo@hotmail.com;49988106169
6014a79c1cdc64001222;Vitoria Povala Theisen;vitoriapovalaa@gmail.com;49991879220
60173c016da7fe0012b8;Wanessa Aryane Poletti Balbinot;mujinpbyfa@privaterelay.appleid.com;49991454349
601dd0dec861250012eb;Jéssica Gonçalves;jessicadina13@gmail.com;49991067800
601817e6b5580d00128b;Maico Junior Testolin;maicojrtestolin@hotmail.com;49984272200
60171aebc64316001291;Edenilce De Moura;edenilcedemora09@hotmail.com;49920001237
600c9f2505e8fd001275;Bruno Spader;spa.bruno@gmail.com;49999290272
601dd573866bb20012ca;João Lolatto;joaololatto@icloud.com;49991961024
6008bddc2d33b3001299;Erick Borsatto;erickborsatto-@hotmail.com;49991678671
601dd5d77c0c18001441;Irlete Grassi;irletegrassi@yahoo.com.br;49984181793
601dd0a1c861250012eb;Victor Geller;gellervictorhugogeller@hotmail.com;49991111520
600f3ec50621c3001230;Inês Endrigo Hetzel;inesendrigo@gmail.com;49984082539
6011f24cf27a390013da;Everton Rohsmann;totalarmy446@gmail.com;49991337753
601dd505c861250012eb;Rosi Zucco;rosizucco2409@gmail.com;49988971861
601038d3ee2f4e001244;Monica Accordi;mnaccordi@gmail.com;49999640530
601727b009f9b10012b3;Charles Birkheuer;charlesdanielbirkheuer@hotmail.com;49984152980
600dabeffd8bde0012cc;Ivair Vanzella;ivairvanzella@gmail.com;49991081946
601dd8fec4bb0e001386;Camila Carolina Bernardon;camilacbernardon@gmail.com;49988093848
6019ec4850363900127d;Dandara Maldaner;dandidalla@yahoo.com.br;49991632521
601ddb71c861250012eb;Silvia Albani;silviaalbany@gmail.com;49989008516
601ddbe62b56e9001283;Luíza Klein Haas;luiza.khaas@gmail.com;49991055748
601ddb8bc4bb0e001386;Lucas Bertollo;lucas_eleven@hotmail.com;49988386137
601329684cf956001370;Francine Luísa Giehl;francinegiehlluisa@gmail.com;49991288654
6019b3b3e104d7001247;Leandro da Costa;leandro259015@gmail.com;49991112720
5d744b68a7f7db00180a;Julia Paulus;juliapaulua@gmail.com;49985034167
600de46d36e7820012ec;Fabiula Felipa;fabiula.felipaa@gmail.com;49988463811
600ec66efe59df0012a5;Jessica Fon;jessica.gba2012@gmail.com;49991064743
600f1ffdfe59df0012a6;Keli Pavoni;kelipavoni03@gmail.com;49988281696
6016147acb778f00127a;Renato Massaia;renatomassaia0810@gmail.com;41987943346
6009a9e7cb39d900126d;Tiago Sartori;t-sartori@hotmail.com;49991806119
601b3092b995af00126e;Luiz Fernando Diel;lfdluiz_smo@yahoo.com.br;49998142798
60084c585907de0012c4;Rodrigo Berwanger;rodrigogui1309@gmail.com;49991867189
6008683d5907de0012c4;Gabriela Melo;gmelo.gaabi@gmail.com;49991716154
60133d2c9134d10012a5;Caroline Fontana;carol.ft.mk@gmail.com;51994107714
601adbd7e5ae380012c3;Jossandro Dorneles;jossandro@torfresma.com.br;49991536509
601dea6ec4bb0e001386;Andrea Reinke;andrealuizareinke42@gmail.com;49988514393
6017518e6da7fe0012b8;Thais Cristina;taisdaconceicao@hotmail.com;49991755220
6018865a67de7c001313;Roby Rucks;roby_rucks@hotmail.com;49984052381
600ee9eaa5c3620013be;Mary Cavalheiro;mary-smo@hotmail.com;49991198422
601891b174d37500128d;Renan Daniel Fernandes;renan90_smo@hotmail.com;49991085615
601dc781866bb20012ca;Lyncown Batista Griz;lyncowngriz68@gmail.com;49991109175
601b2eefb995af00126e;Gabriela Mulinari;gabrielamulinari@hotmail.com;49984033127
601077a0ee2f4e001244;Márcia Lohmann;marcialth@hotmail.com;49985026146
600cdecead400f00130f;Gabrielly Keren Binsfeld;gabrielly.keren@hotmail.com;49984331669
601177409134d10012a5;Marisa Fávero Schmidt;marisafavero40@gmail.com;49991239239
601ea735958800001255;Monique Gattermann;weber_gattermann@hotmail.com;49991089879
601ec21825e2f300129c;Vardenlei Parecy Junior;assisalex1234@gmail.com;49984177961
6009e5eecb39d900126d;Dani Siqueira Adriana;danisiqueiramagalhaes@gmail.com;49999497234
601ea5ec958800001255;Ilvanes De Bona Roman;ilvaness@yahoo.com.br;49991193100
601c8262ccb78300139c;Danielli Fernanda Persch Pinheiro;danielifernandapinheiro@gmail.com;49991641870
60099b68cb39d900126d;Rudimar Portz;rudiportz@hotmail.com;49998010521
5d575fda0b5b1c0012b1;Jéssica Caroline Barp;jeeh_barp@hotmail.com;49991869729
6018794a9f5f700012e5;Maria Boiko;boikomaria60@gmail.com;49988161562
601f0bb67c0c18001441;Patrícia Pedon;paty_1545@hotmail.com;49991805771
600cb8382cfc8d001394;Igor Guimorvan Scotta;igorgscotta@gmail.com;49998002297
601f0d4c958800001255;Rosane Trampusch;rosetrampusch@yahoo.com.br;49988051661
600ad7c443ecd8001222;Noeli Berté;noeliberte@hotmail.com;49984382233
601f0d7a8d37040012b5;Rosiana Massignani;rosianahh@yahoo.com.br;49999788387
600c03effd8bde0012cb;Tauane Da Costa De Souza;tau.ctsz@gmail.com;49991102044
601f106b7c0c18001441;Dirci Beluzzo;dircibeluzzo@gmail.com;49988433340
601f13e1f0ba6600123a;Diane Anverça;dimz102@yahoo.com.br;49991212983
601f13e97c0c18001441;Michele Neumann;michelesmo2009@gmail.com;49991863851
601f14897c0c18001441;Diego Rafael Muller;diegomuller089@gmail.com;49988866309
6011cb540621c3001230;Fabiano Dall'Agnol;fabianodallagnol@hotmail.com;49992002905
601f14b16bd9f50013f3;Marlon Zeppe;zeppesmo1@gmail.com;49984077467
60082c0fd173480012d1;Maria Eduarda M Magalhães;dudaamicheilof@gmail.com;49988678643
601f16346bd9f50013f3;Juraci Pinheiro;juracieuclides@gmail.com;49999007487
600f59330b3f09001280;Alessandra Pengo;aleepengo@gmail.com;49991964529
601f11f26bd9f50013f3;Raquel Mustifaga;raquelmustifagasmo@gmail.com;49998004886
60097d8d9f0933001229;Cleber Soster;clebersoster@gmail.com;49991497745
601320b14cf956001370;Cristiane Klement;edersongeremia@yahoo.com.br;49991254888
601f160f8d37040012b5;Arthur Mazzardo Naue;arthur_naue@hotmail.com;49991354347
6015e58beab1a80013e8;Marcio Herbert;marcio.herbert@hotmail.com;49991323918
601f16cd25e2f300129c;Fernanda Parente Moreno Araujo;ferparente16@gmail.com;49991263962
601de00ac4bb0e001386;Alexandre Henrique Lamb;xandedlamb@hotmail.com;49988582619
601025c4b7977000148d;Luciana Massa;luciana.pagelbrum@gmail.com;49991501712
6008a9d54c00880013e5;Greici Cantoni Rossini;greicicantoni@gmail.com;49988122549
601f16c76bd9f50013f3;Jean Baptista;jeanbaptista012@gmail.com;49992010608
601c2fde6b6ab10012b7;Michell Bazzi;michelbazzi@yahoo.com.br;49998133132
6019cd43a85c7200120b;Ana Arnold;ana_bocao@hotmail.com;49991328115
6011f545b7977000148d;Elis Regina;elisreginacampos@hotmail.com;49991666886
60162fda1dfddb0012df;Camila Mapelli;camilamapelli17@gmail.com;49989059517
6009b3c5aefea5001249;Sidiana M Guilherme;restaurantesmo@outlook.com;49998278375
601b31aba85c7200120c;Camila Amthauer;camila.amthauer@hotmail.com;49991459143
601f1b697c0c18001441;Lucilene Vanzella;lucismo@hotmail.com;49991163013
6010305b1e0063001304;Patricia Roman De Bona;roman.paty.pr@gmail.com;49999196063
601c695accb78300139c;Igor Zardo;igor.zardo@gmail.com;49991559191
601dc6b3c861250012eb;Gisa Tommasel;gisatommasel@gmail.com;49988660092
6008a5f94c00880013e5;Marcieli Tressoldi;maikelpetter@gmail.com;49999000138
60149fe3b17e70001272;Greici Keli Wagner;greicijuh@gmail.com;49984281219
601f1fb54ec8eb00127f;Caroline Dalmagro;carol280186@gmail.com;49991590218
6011f8c669ea78001250;Andrew Trebien;andrewtrebien@outlook.com;49988688778
600967cd5907de0012c4;Léia Cristiane Machado Köche;leiacmkoche@gmail.com;49991425165
6008737748acdf001320;Paula Regina Siebel Agostini;paulasiebel@yahoo.com.br;49988251757
601bf9f16b6ab10012b7;Marinalda Neris;mari.jvac@hotmail.com;49988162641
601f2077958800001255;Claudia Mara Vizentin;claudiavizentin0006@yahoo.com.br;49984088847
601f22f78d37040012b5;Leandro Seibel;leandroseibelsmo@gmail.com;49991631289
601f241f92e6bf001217;Marcelo Gruber;grubermfg@yahoo.com.br;49991318808
600f51a5bf9e1a0012a6;Aline Rodrigues da Silva;alinerodriguesdasilva398@gmail.com;49991251860
60133407165ae70012ad;Estéfan Rodrigues Martins;estefanmartins@hotmail.com;49988626043
601f223392e6bf001217;Edivandra Morais;edi_smo@hotmail.com;49988555275
601c74d92b56e9001283;Jp Almeida;jp.cooper.alves@gmail.com;49991024339
600b30fb20323a001336;Daniela Bernardi;daniela.design@hotmail.com;49988015814
600b486bfd8bde0012cb;Schaiane Rambo;schaianeschai@hotmail.com;49988534882
6008d05048acdf001320;Eloisa Cristina Hetzel;eloisa.eloh@hotmail.com;49988319438
5cbcf6a4546eab0011f4;Marili Liane Koelln;mkoelln1@yahoo.com.br;49991122571
601f28456bd9f50013f3;Luciano Chitto;lucianochitto@yahoo.com.br;49999319970
601f293b8d37040012b6;Jennifer Carvalho;jennicarvalho@hotmail.com;49999325476
6010ab0cb7977000148d;Renan Eich;tainara.marketing.digital03@gmail.com;49999705966
601f2a5f6bd9f50013f3;Jean Carlos;jean_autocarmotos@hotmail.com;49991224964
601b3732d22fe70012e7;Juliana Schneider Basso;juscheiderbasso@icloud.com;49988184672
601f2b677c0c18001441;Izabela Mustifaga;mustifagaizabela@gmail.com;49999151185
601f2c6625e2f300129c;Diogo Vitchoski;diogo-vitchoski@hotmail.com;49998290398
601f2d7292e6bf001217;Emanueli Pires;manupires54@hotmail.com;49985029155
601c705d7c0c18001440;Anibal Kornowski Villalba;anibalkv@gmail.com;49984136448
600feaba40bb46001472;Vandoir Carlos;vandocarloshunhoff@gmail.com;49991556073
601f335e4ec8eb00127f;Edinilson Nericke;nerickeedinilson96@gmail.com;49988547007
601f35bf8d37040012b6;Samuel Wrzesinski;odontooesteadm@hotmail.com;49999619220
600b4f0bfd8bde0012cb;Lucas Moreira;lucamoreira256@gmail.com;49991724212
601f3aeff0ba6600123a;Dilvano Camargo;dilvanocamargo@icloud.com;49991542090
601ff46a188890001399;Rafhael Souza;rafhaelsouzasmo96@gmail.com;49999403879
6008a71f48acdf001320;Jeferson Ely;jefersonely@icloud.com;48999539640
601aacf7a4cddb001388;Gabriely Klein wronski;gaby-klein@hotmail.com;49991959593
60204a7f188890001399;Bruna Biondo;brunabiondo@outlook.com;49920005641
60107dd2ee2f4e001244;Wellington Augusto;wellingtongremiosmo@hotmail.com;49998083880
6020587168716b00128f;Vinícius Cazzaroli;vzzvicio@hotmail.com;49998345770
601dd15812fd2f00142b;Marcos Alessio;marcos_smo@hotmail.com;49991771367
6010be400621c3001230;Camila Boebel;camilaboebel123456@gmail.com;49991919212
600c96cefd8bde0012cb;Taís Gazzola;compras.madeirasoeste@hotmail.com;49991034972
602059495b537a001384;Jacson Mateus Erlo;jacsonerlomotog3@gmail.com;49989226590
6010223e2d807500125d;Diane Bazi Boaro;dianeb.boaro@gmail.com;49991112430
601c8fa07c0c18001440;Jeferson Andreatta;jefersonandreatta@hotmail.com;49991433544
600839b56a7262001222;Jaqueline Dariff;jaquelinerdariff@gmail.com;49988211909
60205f5a188890001399;Jonas De Sou,A;jonasds890@gmail.com;49991732301
5ec06ad50948140014d2;Jéssica Fernanda;jehfernanda11@hotmail.com;49991660606
60174ba1c64316001291;Jonatan Cavalli;jhoi_cavalli@hotmail.com;49991251515
600cbcb0fd8bde0012cc;Joel Matter;joel-matter2011@hotmail.com;49991049345
6020646b92e6bf001217;Jani Aguiar;janiaguiar07@gmail.com;49991189147
60147fae6cb432001312;Fabíola Hanauer;fabiolasmo2010@gmail.com;49991162698
601f0d617c0c18001441;Luciane Bordignon;luci-ipo@hotmail.com;49984178317
60206642f0ba6600123a;Valdoir Caldatto;valdoircaldatto@yahoo.com.br;49988294377
600832154c00880013e5;Bruna Gabrielli Berti;brunagberti@gmail.com;49991273131
602059ef68716b00128f;Tailini Joeli Dapper;taydapper2017@gmail.com;49984070260
6008b38c48acdf001320;Vera Colle;verabullacolle@hotmail.com;49988551639
60105b9a1e0063001304;Juliano Facio;juliano.facio@gmail.com;49984182481
60109a48ee2f4e001244;Leonardo Cappellari;leocappellari@hotmail.com;49991901994
60206a0b76bf4f00126d;Janete Tretto;janeteet92@gmail.com;49998223968
601441bd1cdc64001222;Dani Wurzius;daniwurzius@hotmail.com;49999619563
60206fea92e6bf001217;Edimar Santetti;edisantetti@gmail.com;49991108817
60206f7b92e6bf001217;Katlin Pelegrini;katlinpelegrini11@gmail.com;49991571942
600b26f9a31f7c001228;Eduarda Pedroso;eduardapedroso1992@hotmail.com;49991889103
60144b37518acd00125e;Bia Serapio;saomiguel@transgoss.com.br;49999551114
5dae417e34e4b300122d;Rafaela Magnaguagno;marineusa_adm@hotmail.com;49991331907
600a2a367b892f001359;Tatiane Schoingele;tatianeschoingele0@gmail.com;49988866906
601b2b70c64cc30012eb;Clediane Caramori;clediane.caramori@hotmail.com;49991454376
601de21c398f4700122d;Rodrigo Wendling;rodrigowendling32@gmail.com;49999350743
602074e0958800001255;Thano Jcristiano;jhonesbonde96@gmail.com;49991164978
60132c9b165ae70012ad;Érica Vesentin;erica.v2000@hotmail.com;49991107928
602072c0958800001255;Kayllane S. Sobral;sousakaylane057@gmail.com;49991587837
602076e9c35d79001287;Théo Antonio Rospide;trospide07@gmail.com;49988801818
601498d86cb432001312;Lucas Zanardi;lucas-zanardi@hotmail.com;49988108432
602077ce5b537a001384;Tomaz Rodrigues Borges Neto;tomaz_smo@outlook.com;49991337331
601c67f499072000135f;Kauan Da Silva;swadlon123@gmail.com;49991374758
6010239c8b525a00123c;Ariel Winícius;awmarconatto@hotmail.com;49991245858
6008d558d173480012d2;Patricia Di Domenico Schwarz;patricia.schwarz85@icloud.com;49998013527
60207c9ef0ba6600123a;Daniel Zanella;danielzanella2003@gmail.com;49999486343
60207c7c5b537a001384;Tatiane Casagrande;tatiane.bataglin@sesisc.org.br;49999066293
600e08024f1a7100120e;Leonardo Pedrozo;leeeonardooo@hotmail.com;49999856179
601494f16cb432001312;Marine Rodrigues Macedo;marine.rodrigues@hotmail.com;49991034962
6013744386bfb0001232;Jean Paulo Kehl;jean.kehl@hotmail.com;49991034456
60207e1576bf4f00126d;Bruna maria Ribeiro;brunaribeiro.br27@gmail.com;49998008056
60208b615b537a001384;Camila González Pereira;tpdcamila1@hotmail.com;49998229972
601b3aafe104d7001247;Jhennifer Siviero C Alves;jhennifersiviero@gmail.com;49991986260
60208b8ec35d79001287;Fabiele Cristina;faby_fergutz@hotmail.com;49920002136
600ccfd65d7642001385;Felipe Leimann Balaniuk;lokdah@hotmail.com;49999026265
601df6317c0c18001441;Anadrielly Andreatto;anadriellyandreatto@hotmail.com;49988957236
60215f957d41d500121b;Daniela Renata Bottega;daniaplik@hotmail.com;46999334176
60180ba5b5580d00128b;Danieli Anschau Martins;dani.a_martins@hotmail.com;49991994501
601020dd40bb46001472;Fernanda Pezzuol Ortigara;fernandapezzuol@hotmail.com;49988211727
601020138b525a00123c;Daiane Debastiani;daiaalexperin@hotmail.com;49998341433
6011f2519134d10012a5;Amanda Villa;amanda.villa347@gmail.com;49933003329
60131da23ad1fe0012dd;Amanda Soster Borba;mandyfoxybonnie@gmail.com;49991555858
60158028eab1a80013e8;Bruna Baptista;brunavictoria9999@gmail.com;49991738617
6019bd5a24a4b70013d4;Greissi Back Pfeifer;graceback@hotmail.com;49984064181
60173a3e55a79200128f;Adria Stanga;stangadria@icloud.com;49991372511
6021bdce6d9b8a001357;Alysson Battisti Soelo;alybattisti_soelo@hotmail.com;49991550538
6021c010f0ba6600123a;Pedro Araujo;peekohenrique09@gmail.com;49991250976
6021a59e6d9b8a001357;Manoela Marques;marquesmanoela1986@gmail.com;49991102028
6021c0f36d9b8a001357;Diânes Correia;diih_correia@hotmail.com;49998125537
6021461bf0ba6600123a;Igor Z;igorzardo@gmail.com;49991559191
6021c6e96d9b8a001357;Mateus Petry;m_ateuspetry@hotmail.com;49999717550
6018774f9bab9400136b;Laércio Marcon Júnior;laercio_smo@hotmail.com;49999980670
6021cc044c6de300124f;Fábio Ferreira Neves;fabiokty@bol.com.br;49999251036
601714ac51d451001367;Natan Welter;natanwelter@hotmail.com;49984189135
60206f09188890001399;Lucas Pivatto;lpivatto@hotmail.com;49999107204
6021ccf06d9b8a001357;Marily Gomes da Cunha;marily.cunha@hotmail.com;49988482638
6018126374d37500128d;Henrique Morais de Souza;henriquesouza.smo@gmail.com;49988424877
601845c09bab9400136b;Gustavo Welter;gustavo-welter@hotmail.com;49991111663
602128234c6de300124f;Polyana Maria Schons;polyanaschons@yahoo.com.br;49991571262
600f5ebbfe59df0012a6;eliana disner;elianaaa.disner@gmail.com;49991523131
60116b549134d10012a5;Janice Bohne Ludtke;janicebohne@gmail.com;49991298928
6007b5bdf76e430012ed;Raquel Da Silva Almeida;raqueldasilvaalmeida05821@gmail.com;49991371422
6011547a0621c3001230;Regina Schons Ayala;reginaschons@hotmail.com;49991137677
6012aca7165ae70012ad;Karine Previdi;karineprevidi@yahoo.com.br;49991487076
6017237009f9b10012b3;Luiz Gustavo Vicari;luizgustavovicari@gmail.com;49999056167
601064831e0063001304;João Augusto de Lima;joaoaugusto.delima@hotmail.com;49991648686
601d58672b56e9001283;Marizalete Ferreira dos Santos Fontana;antichama@clicrapido.com.br;49984160312
6022fcf5dcbbee001261;Gabriela Borges Perotto;x3_gabriella@hotmail.com;49991496456
601360b69134d10012a5;Dayana Beatriz Pauli;dayyannasjo@gmail.com;49991963545
60121009f27a390013da;Juliana Eduarda Balestro;tzbij85gsp@privaterelay.appleid.com;49988955213
60230449969e2e001238;Kaliane Salini;kalianeester@hotmail.com;49999871586
600a264aaefea5001249;Elias Vaz;elias.vaz1903@gmail.com;49989114405
6023047f82ec880013eb;Camila Amthauer;klagenberg.representacao@gmail.com;49991562993
600b6290ce4f270012f3;Douglas Hammes;douglas.hammes1@gmail.com;49991049222
6010819d03fb8c0013a9;Claudia Emanuelly Matheus Trevisan;claudia1gabineski@gmail.com;49999923850
6023065eedbc3000125d;Amanda Schuck;a91579352@hotmail.com;49991935273
602281406253e5001274;Ingorrrrrrr K;igorsantos@gmail.com;49991559191
6023088256165a001367;Filipe Markendorf;filipe_irh@hotmail.com;49999097848
6010aaee0621c3001230;Fernando Pereira Dias;fredericibromer@gmail.com;49988135224
6011c2aa5c5fb30017d2;Higor Berte;higorsmo@live.com;49991532346
6011e969b7977000148d;Luigi Kasper Gava;lkaspergava@gmail.com;49991935754
60230aed938a360013e3;Guilherme Junior Reis;guilherme-jr@live.com;49999319402
601b25b7e5ae380012c3;Carine Reck Konflanz;reckcarine49@gmail.com;49989033232
60230e5342e8600012dd;Viviane Schutz;vivianeschutz@hotmail.com;49991582021
60230d3bdcbbee001261;Mateus Felipe Francescon;m-teus@hotmail.com;49991562584
601eb2e97c0c18001441;Laura Gossler;lauragossler@hotmail.com;49991112876
602310fa82ec880013eb;Juliana Laura;julipinquin@hotmail.com;49991064826
60230d42dcbbee001261;Juci Jefe;bertoldojucieli@gmail.com;49998093965
602314ff42e8600012dd;Eliane Feltes Balbinotti Basso;elianesmo@yahoo.com.br;49984080794
5cfc137ccbbf44001242;Alessandro Gamba;alessandro.chapecoense@gmail.com;49991896058
60109fba2d807500125d;Claudia Maldaner;claudia.smo@gmail.com;49999553506
6011fbea69ea78001250;Maicon Ramos;maiconsmo14@gmail.com;49988305020
600c33f7fd8bde0012cb;Marco Meirelles;marcomammn@gmail.com;49999997779
600b211bfd8bde0012cb;Eliane Monteiro;ellymonteiro06@icloud.com;49988026714
601372263ad1fe0012dd;Daiana Carla Perotto;dayannasmo@gmail.com;49999077083
60072e86f46828001453;Alana Wronski;alanawronski00@gmail.com;49998403934
6014436e2a605d0019b6;Greici Hoffmeister;greicih@hotmail.com;49991028430
6014611a157c380012be;Jhonathan Mallmann;jhonafjm@outlook.com;49999673018
60147ac72a605d0019b6;Adriane Martins de Souza;adriane04smohotmail123456789@gmail.com;49991037422
601b0f00e5ae380012c3;Anderson Rodrigues Paulus;paulusanderson-smo@hotmail.com;49984172602
60232701969e2e001238;João Vinícius Kochhann;joca_smo@hotmail.com;49991122143
601a0813da158e00129e;Alyne Zappani;alyne_zappani@estudanre.sc.senai.br;49991176973
60233030f2e00f00130f;Mykael Fetter;mykael.fetter@gmail.com;49988447680
601c9dec7c0c18001440;Jaqueline Villalba Kornowski;jaqueline.kornowski@gmail.com;49991201433
6019baea387ccf001374;Alexander De Assis Sousa;assisalex123456789@gmail.com;49984252365
600d9858d22cb000126f;Cauã Da Costa Schlick;cauaschlick31@gmail.com;92994783263
6009f5604a77a10012d6;Vitor Ariel Vacarin;vitorsmo@hotmail.com;49984331698
60105cf5b7977000148d;Pedro Henrique Hatschbach Janz;pedrohatschbach@hotmail.com;35991800606
600f0082bf9e1a0012a6;Bruna Luisa Dacroce Ricardo;brunaldricardo@gmail.com;49991977776
60159b20eab1a80013e8;Vanessa Mazzardo;nessa.mazzardo@hotmail.com;49991648384
601029e1b7977000148d;Edison Schoingele;edisonschoingele@gmail.com;49991464428
6016b7656da7fe0012b8;Marli Henkel Schroeder;marlihenkel@outlook.com;49988649147
6022fc1256165a001367;Sara Escher;saraescher99@gmail.com;49999712707
601dba6e12fd2f00142b;Leonice Catto;leonicec@yahoo.com.br;49999733453
602449cc26f1590014be;Franci Bernardon;francibernardon@yahoo.com.br;49991069535
60231517938a360013e3;Carol Kochenborger;caroldarthv@gmail.com;49991789993
6024510a5baf91001260;Fernanda Felipa;fernanda.felipa12@gmail.com;49988633013
6024510a5baf91001260;Fernanda Felipa;fernanda.felipa12@gmail.com;49988536558
60105ed32d807500125d;Jéssica Mayara Cardoso;jehh.maay@gmail.com;49991923336
602452be3ca07800122b;Patrick Eberhard;patrickeberhard01@gmail.com;49998236568
6011e8a0b7977000148d;Patricia Fritzen;pati1505@outlook.com;49991421308
601abe83a85c7200120b;Andriele Maia;andrielemaia260@gmail.com;49991072364
60104c8cee2f4e001244;Eduarda Gabriela Malinski Côvolo;psi.eduardacovolo@gmail.com;49988907455
6024568a26f1590014be;Eriki Mallmann;erikimallmann@hotmail.com;49991384011
6024571ceb877700122b;Marcio Brancker;marcio.brancker@outlook.com;49991651279
60084c0548acdf001320;Eduarda Julia Catarina Herbert;eduardajuliaherbert@gmail.com;49991214471
602438e3eb877700122b;Igor Vd;igorsilva@gmail.com;49991559191
60245d14cac2760012af;Amanda Gomes;amandagomes@hotmail.com;49991455621
601877f455a792001290;Ediane Morandi;edianemorandi@gmail.com;49991698563
6009e616d766e200121e;Bruno Estuqui Schlichting;brunoessch@gmail.com;49999130109
600b8371fd8bde0012cb;Maria Luiza Da Silva Pereira;mlpereira19.mlp@gmail.com;49988159719
602461b53ca07800122b;Cleide Enderle;cleide.end@hotmail.com;48999928974
6019ec4150363900127d;Luiz Miguel Alberton;albertaozinho@gmail.com;49991982728
6010310f8b525a00123c;Alana de Souza;alanasdsouzaa@gmail.com;49991585692
6024663f42e8600012de;Adrieli Volnei;adrielivolnei@hotmail.com;49998007783
6000da8dec11a3001210;Diogo Daltoé Tregnago;digaodt@hotmail.com;49991232841
602057ac76bf4f00126d;Patrick Mariani Pinheiro;patrickmpinheiro@gmail.com;49991553379
6024667b5baf91001260;Mariana Da Fré;maridafre72@gmail.com;49991357317
6019dabcd73a9f001274;Angela Binotto;angela_biasi1520@hotmail.com;49999163960
600c0d9fc623c1001251;William G. Simão;william@nomaze.design;49991466919
6010051840bb46001472;Jhenifer Alves;alvesjhenifer2q@gmail.com;49998053507
602468c326f1590014be;LETINA LUCIA HENZ;letinahenz89@gmail.com;49991455792
602467ca3ca07800122b;Karoline Reinke;reinkekarol@gmail.com;49991861315
60246c92eb877700122b;Jaqueline Zuffo;joanazuffo@hotmail.com;49991900400
600da827d22cb000126f;Fabio Patrick;fabio.indio001@gmail.com;49999069092
6010334eee2f4e001244;Thiago Lima Zeilinger;thiagozeilinger@hotmail.com;49991532610
60173249520cdd00139d;Daniela Goulart;daaanigoulart@gmail.com;49991414136
60247269837ae00016ee;Marina Dilly;marinadilly@gmail.com;49988877700
6022f1c342e8600012dd;Mateus Simon;zomperz@hotmail.com;49999211383
6021d24a9711010016a8;Lilian Eduarda;lilianeduarda79@gmail.com;49991486187
6011b667b7977000148d;Davi Conceição;davigui000@gmail.com;49999387952
60108b2d03fb8c0013a9;Emilie De Souza Gomes;emilie.g2012@hotmail.com;49998140111
601eef1292e6bf001217;Regina Maldaner;supermaldaner@yahoo.com.br;49991821125
6020880092e6bf001217;Úrssula Ritzel;r.urssula@yahoo.com.br;49998251534
6008bbc3f76e430012ed;Duda Pereira;paianod09@gmail.com;49999150547
60258856841fc50012f7;Dinarte Amanda Machado;anbj.lcd1023@gmail.com;49991822006
601330fbc4fd03001494;Sonia Fritzen;fritzensonia38@gmail.com;49991196010
601b2ebfa4cddb001388;Patricia Maldaner Sewald;pa_ty_maldaner@hotmail.com;49984094920
6025a4af912858001221;Flademir Capellari;flademir5@yahoo.com.br;49991275176
602306bb969e2e001238;Soniamar de Fátima Pirola;soniamiguel1915@gmail.com;49988140972
601abaa1d22fe70012e7;Lidiane Klunck;lidianeklunck@gmail.com;49984107266
60259b48445bd700137f;Igor Cd;igordias@gmail.com;49991559191
600b4e825d7642001384;Gicéli Dalla Rosa;bido.smo@hotmail.com;49999820645
6025a99d8cea41001465;Herik Vinicius;herik.vinicius@outlook.com;49988920213
6025ab11d9932c00128f;Cleiton Alexandre Mahl;smo_cleiton@hotmail.com;49991442655
6022f39042e8600012dd;José Cláudio Do Nascimento;claudio1371@hotmail.com;55981515221
6025ade7c58ea6001325;Laura Beckenkamp;xi4h2pg5yu@privaterelay.appleid.com;49984110751
600f32e90b3f09001280;Suélen Aparecida Schafer Corrêa;suelenschafer21@gmail.com;49999646757
6025ae64b7611c001275;Gabriela Rocha;gabrielademrocha@hotmail.com;49998049359
6025ae6c23d697001258;Oseias Mendes da Silva;oseias010208@gmail.com;55999206884
6015f82aeab1a80013e8;Caroline Martini;carolmartinismo@gmail.com;49988451115
60203ed9f0ba6600123a;Karina Donassolo;kari.donassolo@gmail.com;49920019641
6025b0bab4f7a2001239;Morgana Cristina Wagner;morgana.wagner@icloud.com;49999123990
60105b1f0621c3001230;Ana Júlia Françozi;neila33scariot@gmail.com;49991728984
601f1e8792e6bf001217;Kassiano Basso;kassiano.basso@gmail.com;41987943346
601558339f5f700012e4;Joyci Lainara Nogueira de Medeiro;joycilainara@hotmail.com;49998056073
6025b42cc58ea6001325;Tarci Jiulkowski;tarci_jiulkowski@hotmail.com;49991468364
601f30206bd9f50013f3;ademir Falkoski;ademirfalkoski.1@gmail.com;49988421993
60120d7c9134d10012a5;Jocemar Klein;jocemararbitro@hotmail.com;49991701081
6025b8cd8cea41001465;Adriana Miozzo Balaniuk;adrimiozzo@hotmail.com;49999441598
601736d3c64316001291;Francielly Martins;francieleap65@gmail.com;49991753581
6025bc57b4f7a2001239;Bruna Pereira;brunap_21@hotmail.com;49984081746
6025c043b4f7a2001239;Mateus Dal Ponte;mateusdalponte@yahoo.com.br;49991170738
601071e9b7977000148d;Paulo Roberto Gomes;paulorg70@yahoo.com;49984275835
6025c79f445bd700137f;Ilissandro Castioni;ilissandro_smo@hotmail.com;49988339632
6025cb798cea41001465;Rosilei Lassen;rosileilassen@gmail.com;49991665974
601c68a67c0c18001440;Juliano Dos Santos;julianodossantos528@gmail.com;49991097746
6025d2e6c58ea6001325;Renato Salles;renatosalles2308@gmail.com;49991426888
6025d84fd9932c001290;Natyelly Wesoloski;wesoloskinatielly@gmail.com;49991946790
600e39550621c3001230;Michael Scaravonatto;michael.smo@hotmail.com;49991939262
600a50184a77a10012d6;Adriane Ribas;cadribron@gmail.com;49998023153
601dfabb7c0c18001441;Luana Borba da Silva;luanadasilvapiovesan@gmail.com;49989144424
600e14eb30518a001289;Anselmo Junior;anselmocossetim@yahoo.com.br;49988630400
601ab4f1b1f7e5001248;Elaine Sobral;lanesobral06@gmail.com;49991382309
6026ae9d61e4380012f5;Jannaah Thomé;jannaahm_thome@hotmail.com;49991570264
601852b767de7c001313;Diogo Flores;diogofloresd21@gmail.com;49989232331
600ad9ea20323a001336;Daniel Aurélio Gheno Bellato;adm.danielbellato@gmail.com;49988292743
6009aa55ad16070012dc;Reimur Vidaletti;reimurvdias@gmail.com;49999092038
601b22fcb995af00126e;Pâmela Lima;pam_e4@hotmail.com;21981899003
601171653ad1fe0012dc;Emily De Oliveira;eemiihaag@icloud.com;49991615267
6008c9a85907de0012c4;Samara Silva;samara210393@gmail.com;49991083803
600b231fa31f7c001228;João Vitor;vitorgonzatti@gmail.com;49991353778
6026ee4623d697001258;Larissa Keler Da Rosa;lalakeler@yahoo.com.br;49999501302
6026ee1a35ea7800123f;Rodrigo Wolfart;rodrigo-wolfart@outlook.com;49998120744
600f730da5c3620013be;Anadir Muller;mullerkarina532@gmail.com;49999986551
6026f5c355c899001204;Leocir Nardi;lcrnardi@gmail.com;49991631721
6019e43150363900127d;Ivanice Klein;ivaniceklein10@gmail.com;49999219388
6025d1fa8cea41001465;Simoni Perondi;simoni.perondi@hotmail.com;49985035182
601719f455a79200128f;Emilli Carla;emillicarla@outlook.com;49998104181
6022ecfdedbc3000125d;Tais Demarco;tais_smo16@hotmail.com;49999460654
601355ed3ad1fe0012dd;Cristiane V. De Oliveira;cristianevigne.smo@hotmail.com;49991552424
600c819705e8fd001275;Pedro Antônio Maziero Gambatto;pedroantoniomaziero@hotmail.com;49999303534
601758ad55a79200128f;Mairiki Tecchio;mairikigte@gmail.com;49998023755
6026ff1055c899001204;fabricio Mesnerowicz;fabricio151292@gmail.com;49991373689
6026f8cc61e4380012f5;Venoir Jussara;jussaravenoir@gmail.com;49998160191
601dec29c4bb0e001386;Alex Naidk;kafucar@outlook.com;49998155645
6013674e165ae70012ad;Josue Alves;josualves76@gmail.com;49991969875
60174be655a79200128f;Maria Luiza Menegotto;maarialm.2002@gmail.com;49988894891
602700f62b59c600132a;Fernando Savegnago;savegnago@gmail.com;49988824632
6008a6b64c00880013e5;Wiliam Henrique Tonezer;toonezer@hotmail.com;49991224058
6008bb0c5861ae00126b;Eduardo Nathan Tozi;eduardo2017tozi@hotmail.com;49984087330
6020749a188890001399;Fabio Kosmann;fkosmann@ymail.com;49998173616
601f1233f0ba6600123a;Gustavo Gerevini;1000483085@estudante.sed.sc.gov.br;49988925587
602705356a5890001244;Edi Selzler;ediselzler4@gmail.com;49991048825
6026eda02b59c600132a;Danieli Neumann Tres;danielineumann@hotmail.com;49988555286
6024657fcac2760012af;Ederson Schuch;schuch_smo@hotmail.com;49988278056
5d2fa356a937240012bd;Ana Carolina Fritsch;fritsch926@gmail.com;49991232794
6027042f0438330015da;Paulo Kochem;pckochem@yahoo.com.br;49984324626
601dcb65866bb20012ca;Rosana Gervazoni;nana_bananasc@hotmail.com;49991929316
6017176a55a79200128f;Karen Mack Stahl;karenmackstahl@gmail.com;49984220385
602708a323d697001258;Sara Morais;sara-morais73@hotmail.com;49999569079
602708ef31b9660012e0;Guilherme Romio;gui.romio@hotmail.com;49988477909
60189b8055a792001290;Pablo Alberto;pabloalberto.smo@gmail.com;49988073434
60270ab455c899001204;Sidney Antonio Joner;sidneyjoner@gmail.com;49999951886
6024708a2900ba00133b;Anderson Gugel;andersontiagogugel674@gmail.com;49991479233
6015f64651d451001367;Fabiana Grings;fabigrings@hotmail.com;49991668237
600c89dfb01fc8001290;Ketlin Ledur;ketlinmaiaraledur@gmail.com;49991703021
60270d8e61e4380012f5;Kely Meneguzzi;kelymeneguzzi@hotmail.com;49985055220
60270f1a61e4380012f5;Lucas Rodrigues;lucasrod57@gmail.com;49991837045
600ad59d20323a001336;Maiara Ceratto;maiaraceratto15@gmail.com;49988848593
60253260837ae00016ee;Jessica Zilli;jessicazilli980@gmail.com;49991640865
601310f23ad1fe0012dd;Fabiano Dalberto;fdlberto30@gmail.com;49991794425
600851305861ae00126b;Jéssica Gabriela Da Silva;jessicaa.gabrielaa@hotmail.com;49988955719
6027125161e4380012f5;Sofia Camargo Bof;sofiauninter@gmail.com;49984081081
602713570438330015da;Guiomar Antônio Rios;guiomar_rios@hotmail.com;49998122536
600f0322dd85ce0012bc;Alex Gonçalves;alex.goncalves@tre-sc.jus.br;47988287175
6017527d520cdd00139d;Gabriela Saraiva;gabriela04saraiva@gmail.com;49991148415
6012a480165ae70012ad;ZIGOMAR PRESTES;zigomarprestes@hotmail.com;49991677612
60120802b7977000148d;Wellington Barp;barpwellington@outlook.com;49999327550
60271b6b2b59c600132a;Mateus Giumbelli;mateusgiumbelli09@gmail.com;49991517701
60271a1e35ea7800123f;Maikon Bortolotto;maikon.fbortolotto@gmail.com;49999412217
60271e0661e4380012f5;Ana Mara;annaa.smo@outlook.com;49991740118
60107ac30621c3001230;Taynan alex gallina;tay.alex.g@hotmail.com;49999208357
60196e9351c976001297;Junior Chelsea;junioralberton21@gmail.com;49999556723
60271fe02b59c600132a;Dhara Chittó Serpa;dharachitto@gmail.com;49999929162
602723c06a5890001244;Christian Kelvi Boff Confortin;christianconfortin53112@gmail.com;49999612304
601153810621c3001230;Pricila Da Rosa;priciladarosa27207@gmail.com;49991082086
6027270123d697001258;Matheus Pinotti;ayltonmatheus@gmail.com;49998301235
6011e9e55c5fb30017d2;Nelcir Lima;nelcirlima050@gmail.com;49991997450
60272f0b35ea7800123f;Kathy Dlz;kathy22dlz@gmail.com;49992014567
60272f0931b9660012e0;Fernando Carvalho;fernando_car@hotmail.com;48999187078
6017470251d451001367;Deisimara Carraro;deisi.carraro@hotmail.com;49991663655
6019c42b24a4b70013d4;Maria Paula;mariapaula.zanatta@yahoo.com.br;49988895532
6027f0732b59c600132b;Marinalda Baiocco;naldiloirinha@hotmail.com;49991650529
6028326191f46b00149a;Jeferson Telheiro;jefersontelheiro72@gmail.com;49999383024
601ffedff0ba6600123a;Valdoir Lucca;valdosmo@hotmail.com;49988277070
600843f22d33b3001299;Adriele Bourscheidt De Costa;adri.bdecosta@gmail.com;49991121585
602833918b1a9f00148f;Maikyele Luana Schwaab;maikyeleluanas49@gmail.com;49999834212
602842f92b59c600132b;Fernando Rochenbach;fernando.adv@hotmail.com;47991620272
602844df31b9660012e0;Elaine De Araújo;elainedearaujo1980@gmail.com;49991846756
6026f09735ea7800123f;Marcos Rael;marcobrasil_smo@hotmail.com;49999522276
600b20cdce4f270012f3;Gabriela Piccoli;gabinha30@hotmail.com;49988094014
601997ba24a4b70013d4;Andre Ferri;berned22009@hotmail.com;49988098816
60083a0a6a7262001222;Micheli Mocellin;michelimocellin@hotmail.com;49991128481
60141dd32a605d0019b6;Cris Ritter;dirceuriter@outlook.com;49991530779
601b23f5e5ae380012c3;Leonardo Calza;leo.calza@hotmail.com;49991249027
60284f718b1a9f00148f;Fernanda Broch Stadler;fbfernandabroch@gmail.com;49991370370
602849f72b59c600132b;Gabriela Cavalli;gaby_cavalli@hotmail.com;49991385533
6028504a8b1a9f00148f;Franciele Weber;franciele_wr@hotmail.com;49984219627
60284fe28ef4820013d8;Anderson Wathier;andersonwathier@hotmail.com;49999039590
601c2dc0782e45001252;Ana Salete Thomas;anasaletethomas@hotmail.com;49991316014
601456b22a605d0019b6;Laura Ody;laurasearaody03@gmail.com;49991344407
6028534c2b59c600132b;Rocheli Capellari;capellarirocheli@gmail.com;49992028480
6008cd186a7262001222;Rúbian Lucion;rubianlucion@yahoo.com.br;49991027566
601b2edba4cddb001388;Fabiano Arcari;fabianoarcari@gmail.com;49998280677
6015f16851d451001367;Lidiane Cristina Freitas;lidiane270408@gmail.com;49984192965
6012a74d9134d10012a5;Roberto Marczinski;robertomarczinski@hotmail.com;49988046422
601f1b0892e6bf001217;Cirlene Schein;cyrlene-schein@hotmail.com;49991377237
602856572b59c600132b;larissa de Souza Campos;laariscampos@gmail.com;49991596564
6028500c2b59c600132b;Eloísa Leal;elovianna04@gmail.com;49984256175
6028532531b9660012e0;Volmir Mocellin;volmocellin_smo@hotmail.com;49991080850
600b2be0de7f20001298;Suzana Vaccari;suzanasuybray@gmail.com;49991424593
60285791924cc3001283;Taisa Cesaro;isacesaro06@gmail.com;49985043048
6028586234bf1f001292;Luiz Ludwig;luizinholudwig39@gmail.com;49991959909
600c82dbad400f00130e;Líniker Wolfart;liniker2001@hotmail.com;49991865183
6008bbbf4c00880013e5;Josemar Pires;pires.mkanet@gmail.com;49999230613
60285a3ef26cb4001229;Rodrigo Teles Dos Santos;teles-manutencao@hotmail.com;49991224604
6021c8c16d9b8a001357;Vitor Lima;vitorvuanna@gmail.com;49984278496
60285a8991f46b00149a;Karina  Zandoná;kari.zandona@hotmail.com;49999634860
600a20bdd766e200121e;Rafael Anderle;anderlerafael5@gmail.com;49991261617
601491c1518acd00125e;Tahir Miranda;tahirmiranda@gmail.com;21995637487
60285df631b9660012e0;Suelen Dassi;suelendassi10@gmail.com;49991352929
60285eb58b1a9f00148f;Taisson Togni;taissontogni@gmail.com;49991995371
60285c81924cc3001283;Ivete Peiter De Ramos;ivetederamos@yahoo.com.br;49991588789
6013d9408a54080012ce;Milena Bellini;milenabelini02@outlook.com;49988655751
602860d7924cc3001283;Elis EJuliano Willembring;eliskarinaw@hotmail.com;49991824775
601217819134d10012a5;Francisca Aline Oliveira;alineoliveira630@yahoo.com.br;49984097046
60187a4155a792001290;Leda Maris Hemming Lauxen;ledamaris@hotmail.com;49991139899
6019586924a4b70013d4;Gislei Bomfim;gisleibomfim@hotmail.com;49999098367
6012fc8b8a54080012ce;Darciane Fabiula Piran;darcianefabiulapiran@gmail.com;49988981038
601f4a0d92e6bf001217;Raiele Rita;raieleperin@gmail.com;49991651889
60286bb831b9660012e0;Fabiano Da Silva;fabiano_smo2@hotmail.com;49991116595
6028630d8ef4820013d8;Alex De Bortoli;alex_debortoli@outlook.com;49989242467
60272ac855c899001204;Igor DDD;igorzanardi@gmail.com;49991559191
600863a15861ae00126b;Mara Hillesheim;mara.diosana.amaral@avon.com;49991917379
6028728691f46b00149a;Lucas Dal Magro;lucasdalmagro4@hotmail.com;49999954813
6016c6799f5f700012e4;Rodrigo Fortes;rodrigofortessmo3210@gmail.com;49991910221
60105388b7977000148d;Fabio Klein;fabioklein88@gmail.com;55999808007
6024066642e8600012dd;Ezequiel Pereira Dos Santos;ezequielpereira086@gmail.com;49991915626
600b71c3fd8bde0012cb;Luciane Anderle;lucianeanderle42@gmail.com;49988876767
6008b80d5907de0012c4;Jeferson Rodrigues;jefe.niki110@gmail.com;49984040550
6029874d81c42a001270;Elyn Eduarda Kemmer;elynkemmer579@gmail.com;49998145107
602850982b59c600132b;Matheus Laste;matheuslaste@gmail.com;48996681216
602806cb8b1a9f00148f;Rafael Inéia;rafacaineia@hotmail.com;49999355592
602993b381c42a001270;Poliana Rosin;poliana.rosin99@gmail.com;49991702900
60299781ff7bc1001349;Jéssica Heller;jeh.heller@gmail.com;49988297394
60172d0c09f9b10012b3;Bruna Eduarda;brunaeduardasmo@hotmail.com;49988823032
60299b1304e92b0012a0;Lucca Kempa;luccakempasmo@gmail.com;49991088061
6029a819a72d5100128e;Alexssandro Gaspodini;alexgaspodini33@gmail.com;49984271984
6008387848acdf001320;Jéssica Linhares Fumagali;jessicafumagali@gmail.com;49998309534
6017252655a79200128f;Larissa Lewiski;larissa.lewiski@outlook.com;49991527530
6029a99631b9660012e1;Cassia Paloschi;cassiapaloschi@hotmail.com;49991722288
6020702192e6bf001217;Thainá Bergamaschi;thainaberga15@gmail.com;49991827331
6019dbd7da158e00129e;Cauã Gonçalves;cauahg3@gmail.com;49991420043
6013321386bfb0001232;Stephania Gabriela Lazarotto Zilio;stephaniazilio@outlook.com;49999339345
60101aaa8b525a00123c;Juliana Biazzi;julianabiazzipazzini@gmail.com;49988449696
6029b17fcfdab5001298;Eduarda Bertagnolli;bertagnolli.duda@icloud.com;49984140093
6025d360d9932c001290;Suelen Rodrigues;suhrodrigues2602@gmail.com;49991740507
60173eaf9f5f700012e5;Giseli Cristina Roecker;giroecker@hotmail.com;49988088549
60175778c64316001291;Fabiane Lucote;fabiane_pena@hotmail.com;49991190984
60107b0ab7977000148d;Daniel Marcos Kunz;danielmarcoskunz@gmail.com;49984140908
600ae4bf43ecd8001222;Euller Lolato;eulleerlolato@gmail.com;49920019734
60105ed9b7977000148d;Caroline Zappani;carolinezappani@hotmail.com;49991561042
6029c62431b9660012e1;Marcelo Augusto Silva Da Rosa;azulzinho30@gmail.com;49992025574
600840d24c00880013e5;Marivone Helena;hmarivone@gmail.com;49991804623
601eb7087c0c18001441;Midy Gabriella;julianonhz12@gmail.com;49991847646
602a7ff3f26cb4001229;Fabio Cantu;fabio.ccantu@hotmail.com;49991989731
602a932631b9660012e1;Carolini Carvalho Barroso;carolinicbarroso@gmail.com;49999194923
602a9b2731b9660012e1;Mauro Ricardo Francozi;oestefornitura@yahoo.com.br;49991469310
6018570e55a79200128f;Alaércio Simioni;chapeacao@gambattosmo.com.br;49984085543
600848945907de0012c4;Rubia Cristina Kosmann;rubiacristinak@gmail.com;49999488422
601477752a605d0019b6;Maria Eduarda Forchezatto;mariaeduarda824@hotmail.com;49988678774
60120eea69ea78001250;Adriana Gayardo;adrigayardo@yahoo.com.br;49999815878
602ae2728c546c001279;Ismael Mariani;ismaelmariani22@gmail.com;49984327414
60287d042b59c600132b;John  Lennon Lagemann;john-lennon-0@hotmail.com;49991482735
602ae4b71aebca00120c;Natasha Giorgia Alberti;natashaalberti@live.com;49991941188
6026f96c35ea7800123f;Roberto Schmitz;betinho_smo@hotmail.com;49988243791
602ae112d31fc70013eb;Mariana Neukamp;mariananeukamp987@gmail.com;49991146567
602ae53d1aebca00120c;Jair Eninger;eninger.jair@gmail.com;49991792776
602ae2ea31b9660012e1;Letícia Previde;leticia.previde@yahoo.com;49991620363
60196e22a85c7200120b;Ricardo Somensi;ricardosomensi17@gmail.com;49999484695
602ae9781928b8001333;Euler Becker;eulerpbecker@gmail.com;49999989212
60146d94518acd00125e;Juciele Ramos;jucieleramoss32@gmail.com;49998029002
600f45c7624b09001704;Jeff Naidk;jeferson.kiko@outlook.com;49991431119
602aeb510dcfe0001270;Elaine Maria Oliveira;elainedeoliveira728@gmail.com;49991747309
602850a634bf1f001292;Naidion Perin;nelita_muller@hotmail.com;49984038991
602ae8f6d31fc70013eb;Mariana Pasolini;mary_pasolini@hotmail.com;49988172979
6016c47455a79200128f;Patrícia Dalmina De Oliveira;arq.patydalmina@gmail.com;49992020557
60286ae78ef4820013d8;Sara Beatriz Alves dos Santos;sara_smosc@hotmail.com;49988638177
602af48ed31fc70013eb;Ester Centenaro;esterregina_1@hotmail.com;49991512586
602af589d31fc70013eb;Anderson Diego Kuhn;diegokuhn2016@gmail.com;49988082810
6017115051d451001367;Diangele Natalia Faccin;di16hfaccin@gmail.com;49999194045
60082933d173480012d1;Mauri Janowitz;mauriciolovison@hotmail.com;49991449243
6021b70c1389880012c4;Carine Macena;karine_macena@hotmail.com;49991310894
602af71ad31fc70013eb;Josieli L. Vogt;josieliluftvogt@gmail.com;49991770252
6015f4f228e8ed001284;Janaina Santos Da Silva;janainasantosdasilva38@yahoo.com.br;49988269069
601f15ba6bd9f50013f3;Odogar Arsenio Lohmann;odogar@hotmail.com;49984380066
60170fdfbf7b7d0012a3;Keli Boness;kelicristinahammerschmittbones@gmail.com;49991812396
601dcc012b56e9001283;Lisandra Paganini;sandrabirkheuer@gmail.com;49984184889
60116e1369ea78001250;Caty Guth;catyguth@hotmail.com;49988521689
602ad59b8c546c001279;Igor Rodrigues;igorjesus913@gmail.com;49991250976
601b3676b995af00126e;Sandra Wrege;sandrawrege@hotmail.com;49991013135
602afdb031ba2000139b;Leticia Rogofski;leti-costa@outlook.com;49999032720
602afe7731ba2000139b;Marcelo Da Silva;marcelosilvasilva9928@gmail.com;49999100094
602b002b31b9660012e1;Cleiton Luíz Dhein;cleiton-dhein@live.com;49991660421
602affdc1aebca00120c;Kleidy Maciel;kleidyalves2@gmail.com;49998345518
6019cfaba85c7200120b;Gislaine Cristhine Cardoso;kardoso-giih@hotmail.com;49991067131
6020833f68716b00128f;Ellen Vitória Willembring;hellenwillembring@gmail.com;49991161122
602b036931ba2000139b;Guilherme Massinhani;guilhermemassinhani@hotmail.com;49991183396
602b070231ba2000139b;Daniel Meichtry;meichtrydaniel@gmail.com;67991266295
602abe438c546c001279;Igor Mms;igorsouza@gmail.com;49991559191
60180e0e9bab9400136b;Giulia Winter;ghhuwinter@gmail.com;49998401673
6027026231b9660012e0;Anderson Dall agnol;andersondallagnoll@yahoo.com.br;49991930407
60207ced188890001399;Marcos Hanauer;marcos_puby@hotmail.com;49985057680
602b0d340dcfe0001270;Jhonatan Oliveira;oliveirajhony873@gmail.com;49991162555
602b0e581aebca00120c;Marcelo Padilha;marcelopadilha2517@gmail.com;49991698209
602bc304f9eaa80013af;Gabriela Kuhn;gabrielakunnert@gmail.com;49991723898
602a8aef31ba2000139b;Luana De Oliveira Souza;luana04062016oliveira@gmail.com;49991783592
6011a80769ea78001250;Ana Picáz Muller;anapicaz@yahoo.com.br;49991154624
60203cc0c35d79001287;Guï Soüza;guilhermebdsouza@gmail.com;49991246054
60284b37924cc3001283;Cristiane Chiesa;chiesa_cristiane@yahoo.com;49991773326
6019eafada158e00129e;Oldimar Soares;oldmaninho@hotmail.com;49984261122
6025a068b4f7a2001239;Irma Lutz Wagner;irmalutz@outlook.com;49984111285
602b09671928b8001333;Taiane Kaiser;adrianokaiser20@gmail.com;49920004270
601081db0621c3001230;Eduard Eidt;edoeidt@gmail.com;49991496943
602c4ff50e5a3600127c;Marines Canesso;marinescanesso@gmail.com;49988824949
600ff56f0621c3001230;Francieli Batecher;batecherfrancieli@gmail.com;49991290720
6021b1044c6de300124f;Marcelo Pereira;maarcelinho_vasco@hotmail.com;49999700121
602c56ba1643030013bb;Lucas Paetzold;lucaspaetzold@gmail.com;49991515074
601b405ad22fe70012e7;Liana Kunz Schmidt;liana.kunz.schmidt@gmail.com;49991625117
6019c4b0a85c7200120b;Andressa Gonçalves;andressa.andressapereira@hotmail.com;49999033419
601885e69bab9400136b;Venicio Wilian Heckler;venyh95@gmail.com;49991785440
600e32e41bf0560012bb;Rafael Thalheimer;rafa-thalheimer@hotmail.com;49991317327
602c66451643030013bb;Giana Proencio;gianaproencio91@gmail.com;49991609785
602c69f20e5a3600127c;Kenedy Sarturi;kenedysarturi5@gmail.com;49999860030
602c76660dcfe0001270;Talia Roveda;taliatalitaroveda@gmail.com;49991065126
6010b74840bb46001473;Abigail Soares;abigailsoares2005@gmail.com;49988401848
602d7d56489a8d0014ae;Silvia Tays Pavani Rocha;silviataysp@yahoo.com.br;49984134743
602d8da35a59a70012e7;Adriani Orth;adri_ipo@hotmail.com;49999650912
602d88b1a3fbf400121c;Evelin Cristina Marcon;evelin-02cristina@hotmail.com;49999536661
60196726a85c7200120b;Nereu Antonio Mazzutti;nereumazzutti@hotmail.com;49988342530
602d902054c3b90012dc;Rafael Sanchez;rafsanchez2@hotmail.com;55999964716
602d958a54c3b90012dc;Frank Schwertz Jungblut;franksjungblut@gmail.com;49998311137
60174b2ac64316001291;Felipe Natan Dos Santos;felipenatan0347@gmail.com;49991821828
60107641ee2f4e001244;Paulinha Piquetti Tischer;paulinhatischer@hotmail.com;49988584219
6013d2d18a54080012ce;Jéssica Sbardelotto Martens;jessyca134@gmail.com;49988221207
602da3c40e5a3600127c;Alex Hermes;alexrhermes@hotmail.com;49991251020
602d93c2a3fbf400121c;Igor M;igormachado@gmail.com;49991559191
602da9713afa45001454;Ana Paula Debarba;anadebarba15@hotmail.com;49984287544
602da880d7b94900162a;Poliana Bonfanti;bonfantipoliana@gmail.com;49991703663
602da8d33afa45001454;Lucas Mateus Anselmini;lucasmateus50@hotmail.com;49991753192
602d216c3afa45001454;Rafael Busse;rafaelbusse587@gmail.com;46999403025
6019ee3b51c976001297;André Girardi;andregirardish@gmail.com;49991352567
602db48bd7b94900162a;Julia Picetti;juliapicetti@outlook.com;49999982578
600b5fecde7f20001298;Wesley Werner;wesleywolmir@gmail.com;49991615800
60174b4c520cdd00139d;Diba Bruno;bruno.diba91@gmail.com;49998406344
600f6babce5c3200127b;Eduardo Berwanger;edu.vb96@hotmail.com;49999044645
6010803b8b525a00123c;Deise Silva;deysiisilva@hotmail.com;49991522543
602ac5d731b9660012e1;Taís Perin;taisperin24@gmail.com;49998149012
601092731e0063001305;Júlia Centenaro;juliadallalonga@icloud.com;49988006059
602ecfc763c274001292;Fernando Junges;nandokkk@hotmail.com;49991246235
6015fb7028e8ed001284;Pedro Henrique Hennika;peedrohennika@gmail.com;49991538713
602c4d7c54c3b90012dc;Kelly Schaefer Dos Santos;kelly0312alex@gmail.com;49991960501
600e1cdabf9e1a0012a6;Bruno Julian;juliancostabruno@gmail.com;49988099548
600f5d240621c3001230;Juliana Nunes;juliananunesdr4@gmail.com;49984255632
6026ff0835ea7800123f;Cassio Diego Bonatto;cassiodiegob@hotmail.com;49984097740
602ef2d454c3b90012dc;Gilvane Spies;gilvane_spies@hotmail.com;49991183889
602ef97c8d7c3c001397;Fernando Rocker;fernandorocker25@gmail.com;41996239715
602ef9d263c274001292;Emanuelly Caneppele;manuellacaneppele433@gmail.com;49998049984
60133d388a54080012ce;Laura Barp da Silva;laurabdasilva@hotmail.com;49998346976
6025be60c58ea6001325;Gabriel Gonçalves dos Santos;gabriel.santos@unoesc.edu.br;49991870187
602efef08d7c3c001397;Eron Michelon;eronm55@gmail.com;49999211153
602dab37d7b94900162a;Camila Antoniolli;camilaantoniolli@hotmail.com;49999203717
602f0ee02a9cde00122c;Anderson Von Mühlen;avmdel@hotmail.com;49991032870
6015fcdaeab1a80013e8;Joao Victor Rodrigues Padilha;padilhex2210@gmail.com;49991948905
6022fd41938a360013e3;Jeferson Kornowski;jeferson.jmk@gmail.com;49991736453
602d8975e85ae4001255;Keila Cristine Piacentini;keila_bacanet@hotmail.com;49999828451
6014983d94e99a001250;Karen Berno;karenrberno@hotmail.com;49991910881
5cc5ecdb36975d001134;Leonardo Nadin;leo.nadin@hotmail.com.br;49991641752
601756ed09f9b10012b3;Edison Aria;edison.giovanee@gmail.com;49999282428
6018093755a79200128f;Allan De Souza;allancrss@outlook.com;49998224568
6020bc725b537a001384;Maria Helena S. Maran;maahh-sm@hotmail.com;49988504390
6011850b80f2b0001263;Rodrigo Moraes da Silva;digoguitaman@gmail.com;49991817609
6030275b2a9cde00122c;Vanessa Mesquita;vmesquita.compras@gmail.com;51993329574
602ada74d31fc70013eb;Rafaela Florentino;rrafha5@yahoo.com.br;49998308437
601020e640bb46001472;Luiz Gustavo Saremba;sarembaluiz@gmail.com;49991723290
60302e212a9cde00122c;Sabrina Parise;sabrina_parise@hotmail.com;49991362652
60136887165ae70012ad;Taís Corbari;jeferluiz10@gmail.com;49991128787
6017f546d73a9f001274;Vanuza Weber;vaniweber@hotmail.com;49991056693
603038032701df001248;Solange Romio;solromio@yahoo.com.br;49988115946
5d41fccae0f013001245;Júlia Moraes;juliawmoraes@gmail.com;49991071131
602ad6fef26cb4001229;Alisson Daltoé;daltoe_alisson@outlook.com;49991741909
600b79fd20323a001337;Mônica Soares Antunes;monnih@msn.com;49991325518
60302e12e46002001342;Alex De Borto;alexbortoli@gmail.com;49989242467
6018866655a792001290;Guilherme Trevisan;trevisangui123@icloud.com;49998192271
6008d15748acdf001320;Bruna Koslowski;brunakoslowskii@gmail.com;49988914001
603040be197fb30012d0;Jean Carlos Carlesso;jccarlesso@hotmail.com;49984380755
60159b7a518acd00125e;Ismael Padilha;iejpadilha@yahoo.com.br;49999717699
602b1e211928b8001333;Bernardo Dotti;bernardodotti2@gmail.com;49991933810
60303a06e46002001342;Fernando Janete Schneider;schneiderfernando87@outlook.com.com;49991390247
6030415d2a9cde00122c;Bruno Rodrigues;erobrine161@outlook.com;49999506267
601f0da0f0ba6600123a;Vivian Baroni;vivianbaroni@hotmail.com;49988879750
603040b4e46002001342;Rafa Trindade;rafa_692009@hotmail.com;49999172583
601dbce47c0c18001440;Elaine Neumann Paula;elainepaula@dease.sc.gov.br;49984052305
603043aa143fcd001277;Alexsandro Jesiorski;ppt20smo@gmail.com;49999236493
603042d8143fcd001277;Cristiano Togni;cristiano.togni@gmail.com;49984137759
6011ed8980f2b0001263;Jacson Sonaglio;jacson.s@unoesc.edu.br;49991666459
601dc7fe866bb20012ca;Cristhiane Rempel;rempel.arq@gmail.com;49988250544
603047ee2701df001248;Debora Simonetti;deborasimonetti2009@hotmail.com;49991454275
602b05871aebca00120c;Ingryd Cristina Lorenski;ingrydc_lorenski@outlook.com;49991600223
6030481a143fcd001277;Jaqueline Klafke;jaqueline_nick@yahoo.com.br;49991270774
60304982143fcd001277;Felipe Ferreira;felipehenriquet33@gmail.com;49991388878
600ee999dd85ce0012bc;Leila Ferrarez Canesso;leilafcanesso@gmail.com;49988240353
60304836e62f40001412;Reginaldo Rocha;rpaduarochas@hotmail.com;49991085886
6025c9db8cea41001465;Josiane Echer;josianeecher89@gmail.com;49991320910
60304a0e143fcd001277;Claudia Roma;claudiaroma348@gmail.com;49991253613
60304b3a54a9450012d1;Junior Reis;junior-reiss@hotmail.com;49984192051
6029a6b4a72d5100128e;Samara da Silva;negah_samara@hotmail.com;49988554064
5d0ac7796c66e9001278;Lucas Eduardo Oro;lucas.oro1995@gmail.com;49991946309
60304b0e197fb30012d0;Anayla DiasDiasf;anayla.dias06@gmail.com;49991061030
60304c332701df001248;Jéssica Mileski;jemileski@gmail.com;49988456443
60304d122a9cde00122c;Emmanuelle Capra;emmanuelle.capra@gmail.com;49984006281
601b1d66d22fe70012e7;Hildo Pasquini;hildo_4520@hotmail.com;49989023965
60304b26197fb30012d0;Fernando Cardoso;automovel@gambattoseguros.com.br;49988500742
5c8ed3a4502b190011c7;Nadi Peloso;nadipeloso@hotmail.com;49991787575
601c76536b6ab10012b7;Rodrigo S Honorato;rodrigoloko_88@hotmail.com;49989232199
601032118b525a00123c;Tamara Carolina Gularte;tami.gularte.tg@gmail.com;49991748695
60306811e62f40001412;Elenice Lewiski;niceechapa@hotmail.com;49991464433
6029c23af26cb4001229;Maikel Silva;maicos460@gmail.com;49999744626
603060da0a8e4e0013cb;Luana Santin;lsantin71@gmail.com;49991900592
6031237061525b00156b;Maria Paula Dos Santos;mariapauladosantos@hotmail.com;49998338055
60171c1051d451001367;Maria Isabel;mariaisabelberwig78611@gmail.com;49999554827
60312286a6e835001273;Loreci Huhnfleisch;lorecihuhnfleisch5@gmail.com;49988679102
60312671e02e8d0012eb;Idilene Guerra;edilenetguerra@gmail.com;49991882737
601208ccf27a390013da;Dayane Bortolotto;dayasantinbortolotto@gmail.com;49999015508
60171d5f9f5f700012e4;Ketulyn Monteiro;ketulymonteiro@hotmail.com;49991754238
60316d53a6e835001273;Simoni Regina de Paula Rohr;moni_paulinha@hotmail.com;49999872747
603168ef9a1f6000120c;Caroline Silvestre Minosso;csminosso@gmail.com;48996956505
6014a0eeb17e70001272;Denise Marina Coser;denisemarinac@gmail.com;49988163758
60109b182d807500125d;Andressa Rodrigues Moreira;andressarodriguesmoreira7@gmail.com;49991687871
602704a56a5890001244;Guilherme Gomes De Oliveira;gui.gomes.smo@gmail.com;49984196779
6031815061525b00156b;Juliane Schaefer;schaeferjuliane8@gmail.com;49991787880
60148cff7bb735001655;Tais Juliana Urbanskih;taisujuliana1999@gmail.com;49998049843
602278412ae38f001275;Nadiel Müller Crescêncio;millernadiel@hotmail.com;49988555042
601ef34192e6bf001217;Diego Trentin;diegosamush@hotmail.com;49999196990
602c3db20dcfe0001270;Solange Andretta;solangeandretta@hotmail.com;49991952468
6031850d5f0ae000124d;Andressa Salú;andressasalu201715@gmail.com;49991851794
6015dbea28e8ed001283;Humberto Sergio Loesch;beto.loesch@gmail.com;49991353939
601167305c5fb30017d2;Camila Brun;camilabrun1@hotmail.com;46999157451
6018832e9f5f700012e5;Cristiano Tomasin;cristianotomasin@yahoo.com.br;49920001702
60318e979a1f6000120c;Elisabete Herbert;elisabeteherbert@hotmail.com;49984021007
60318f92d249980012ff;Débora Arcari;smo_debora@hotmail.com;49988677514
60318f5c5f0ae000124d;Alice Martins;alicemartins2706@gmail.com;49999656837
602af98d1aebca00120c;Morgana Vasconcelos;morga.vasconcelos@hotmail.com;49988337757
6031900b61525b00156b;Andréia Fernanda Gruber;andreiafernandagruber@gmail.com;49999495821
6031912b2701df001248;Cristina Bieger Dhein;cristinabdsmo@gmail.com;49988253223
60106f8440bb46001472;Êmily Cristina Cunico;emilycristinacunico@hotmail.com;49991992953
603192cbe02e8d0012eb;Diego Giacomelli;diegogiacomelli1995@gmail.com;49991680472
6031936f9a1f6000120c;Marisa Schweickert;marisa.sch12@gmail.com;49991432123
60171fa1bf7b7d0012a3;Diego Farias;vcbfinanceiro@gmail.com;49998072914
60318e879a1f6000120c;Loizana Bottega;loizana_lolo@hotmail.com;49991781033
60319319e02e8d0012eb;Igor Guinami;igorguinami10@gmail.com;49991630444
603195a1197fb30012d1;Luciane Ludwig;lucyy.ines@hotmail.com;49991939019
600849c06a7262001222;Thais Gonçalves;enf.thaisgon@gmail.com;49998317907
60319419197fb30012d1;Volmir Mior;sinaracarl@gmail.com;49991496923
602e642854c3b90012dc;Ismael Jung;ismael_jung@hotmail.com;49991362654
603196b72701df001248;Douglas Fontana;douglas.fontana@hotmail.com;49998307319
601186cd9134d10012a5;Mauricio Scharnoski;riciomansmo@gmail.com;49988274928
60319796a6e835001273;Melissa Francisco;melfrancisco97@hotmail.com;49999914256
6021a8704c6de300124f;Jennifer Grutzmann;jennifergrutzmann@outlook.com;49991510244
60108b0203fb8c0013a9;Karine Coral Dos Santos;karinecoral70@gmail.com;49991667089
602436fdeb877700122b;Roberto Maldaner;robertomaldaner@yahoo.com.br;49988629985
60101b7b2d807500125d;Andreia Gasperin;andreiagasperin05@gmail.com;49991144333
60217dfb6d9b8a001357;Bruna Fernanda;bf110490@gmail.com;49991992679
6031923361525b00156b;Clenodir Ferreira;ferreiraclenodir@gmail.com;49991570887
601161a70621c3001230;Willian Thomas;willian7thmas@gmail.com;49988860127
601b2b44b995af00126e;Litila Ferreira;litilaederson88@gmail.com;49988688384
60102f8e1e0063001304;Larissa Berwanger;larissaberw1@outlook.com;49988205036
60175775bf7b7d0012a3;Matheus Luan Biasibetti;veldelirioalvez@gmail.com;49991516002
60230c7af2e00f00130f;Andreia Klunk;klunkkind@gmail.com;49999651304
6031a14ca6e835001273;Nicolli Cibulski;nicolliulliana0520@gmail.com;49988591771
6031a24a61525b00156b;Cristian Mello;cristianmello@icloud.com;49988093857
6031a1efa6e835001273;Fernanda Biondo;ferbiondo@hotmail.com;49991054687
6031a43961525b00156b;Simone Bohn;simoninhapunk@yahoo.com.br;49999608334
6031a534e02e8d0012eb;Matheus Sales;sales_mix@hotmail.com;49991843055
6031a753d249980012ff;Edvelton de Lima;edveltonlima21@gmail.com;49988244246
60270e0031b9660012e0;Josiele Weiler Melchior;josymelchior@gmail.com;49998415034
6031ad79a6e835001273;Fábio Klein;fabio.klein98@gmail.com;55999808007
601db5b812fd2f00142b;Vanda Engler;douglassaft@hotmail.com;49988752659
6031b2c59a1f6000120c;Gabriel Lucas Dos Santos;gabriel2013lucas@hotmail.com;49999102151
601493f494e99a001250;Michele de Oliveira;mychele567@hotmail.com;49998142942
6031b6b2d249980012ff;Ademir Dalsotto;ademirdalsotto@yahoo.com.br;49991716999
600ad2fefd8bde0012cb;Gigiana Santa Catarina;gigianasc@gmail.com;49991291418
6032afad6ecbae001247;Gabriele Carvalho;gabrielenc523@gmail.com;49984251558
6032afad6ecbae001247;Gabriele Carvalho;gabrielenc523@gmail.com;49999377898
601183ec5c5fb30017d2;Fernanda Muller Bianchet;fernandambianchet@hotmail.com;49991412072
600a064051ef480012f6;Mateus Carlos Winckelmann;mateuscarlosw@gmail.com;49991956805
6022dea0938a360013e3;Andreia Coradi;andreia.coradi@gmail.com;49988102525
602ab0291aebca00120c;Thiago Portaluppi;thiagooportalupi@gmail.com;49991769977
6010746c0621c3001230;Eduardo Vanessa;eduardoadam2@gmail.com;49991982787
60100e611e0063001304;Luana Sipriani;luanasipriani@hotmail.com;49991235120
600eef24fe59df0012a5;Jean Peruzzo;jeanperuzzo61@gmail.com;49991364983
600cc71dad400f00130f;Diogo Zimmermann;diogorodrigo100z@hotmail.com;49991052592
6023039b56165a001367;João de Lima;joao76delima@gmail.com;49988185928
603171135f0ae000124d;Luis Hils;marinhocrack@gmail.com;49989025764
60132a6e9134d10012a5;NiseSilvano Coletto;coletto03@gmail.com;49991364441
6032e465197fb30012d1;Pablo Gheno;pablo_smo@hotmail.com;49991659745
60108fefee2f4e001244;Eduardo Comparin;eduardocomparin@gmail.com;49999498753
6032a912197fb30012d1;Stefani Maria Picollo Pisatto;stefanimariap@gmail.com;49988682037
6032e89f8fc1bc001297;Sabrina Adriana Stefanes;tiabina1999@gmail.com;49999575130
6032e9f94ec99f001291;Ronise Schwengber;isebritto55@gmail.com;49999353223
6032ef1a4ec99f001291;Poliana Ristoff Tibes;polianaristoff0028@gmail.com;49991209559
6032f0da01135c0019b6;Fernanda Rossetti;fernandarossetti00@hotmail.com;47999461498
6032f0da01135c0019b6;Fernanda R.;fernandarossetti00@hotmail.com;47999461498
600c32bcad400f00130e;Daniel Benedetti;narcisabaioccomarca@gmail.com;49988310661
603301743e5b9700133e;Izaias Gabriel Morais;moraisxd782@gmail.com;49991205039
603319fb4ec99f001291;Dougnas De Ros;dougnas_ros@hotmail.com;49991885151
6019be6f24a4b70013d4;Samarah Stohr Dos Santos;samarah_dossantos@hotmail.com;49991439182
60171c1d9f5f700012e4;Maikon Junior Griz;maikon.junior.grix@gmail.com;49991095589
600ec87edd85ce0012bc;Rafael Gustavo Simon Werner;rafaw2@yahoo.com.br;49991432017
6011c9dcb7977000148d;Calinca Favretto;calinca.favretto@gmail.com;49991960128
60341af429ad0e0013c6;Josequiel Basso;josequieljs@gmail.com;49991710748
6011010003fb8c0013a9;Eduardo Lazzarotto;dulazzarotto@gmail.com;49991853406
60325a9a8fc1bc001297;Gean Victor Fernandes;gean.fernandes.18@gmail.com;49991177118
60342d484d6afb00126a;Gustavo Schiochet;gs-schiochet@hotmail.com;46988168802
601f1bfc8d37040012b5;Lukas Willembring;lukaswillimbring@gmail.com;49991234716
6034310629ad0e0013c6;Felipe Hemsing;lipe_hemsing@hotmail.com;49991390510
602afc73f26cb4001229;Gislaine Barbosa De Ramos;jorgederamos99@gmail.com;49991615085
603437e1cbd594001377;Edilene Rodrigues;edilene_ro_@hotmail.com;49999166583
60343f13cbd594001377;Brenda Brambilla;brendabrambilla16@gmail.com;49991733945
603440b24f80b6001210;Kamilli Farias;kamillifarias03@gmail.com;49991965478
6034440f29ad0e0013c6;Rosangela Siqueira;rosangela.nininha@hotmail.com;49991700102
600b18abde7f20001298;Luana Kely Gomes de Souza;luanadesouza91@yahoo.com.br;49991552806
60344172fb21ae0012ff;Alair Comiran;ladicomiran@gmail.com;51986820863
601189f70621c3001230;Leonardo Poletti;leopoletti07@gmail.com;49999978496
6032f3263e5b9700133e;Rosangela Kirch;rosangela_smo@hotmail.com;49991029567
602308b2dcbbee001261;Giovani Furlan;giovani_furlan@hotmail.com;49991082802
600882a64c00880013e5;Ana Paula Muller;anapaulamuller18@hotmail.com;49991816971
600b83f9fd8bde0012cb;Franci Heck;karinyheck@hotmail.com;49991096468
600f51530621c3001230;Tais Keli Beckenkamp;tkbeckenkamp@outlook.com;49991217637
60176b1cc64316001291;Deizy Haag;deizy.h@hotmail.com;49991950444
6010736303fb8c0013a9;Margarida Flores Roza Gomes;margafrg@yahoo.com.br;49991018575
601307d586bfb0001231;Carlos Eduardo da Silva;silva.carlos57@yahoo.com;49991580030
603580c2c4c8f7001411;Oscar Samboray;oscarsamboray14@outlook.com;49991504166
6008aca748acdf001320;Eduarda Sigolin;sigolineduarda@gmail.com;49991076499
601c4ef3782e45001252;Solange Vaccari;slngvaccari@gmail.com;49991637393
600ff58040bb46001472;Rosilene Bervanger;jocianebervanger@gmail.com;49998338797
602175687d41d500121b;Deisi Daiane;deisivargas516@gmail.com;49991806946
603578f39e5815001220;Aline Carpeggiani;marca_smo@yahoo.com.br;49984074809
603585ede53d7500120c;Tiffani Haack;fanihaack@gmail.com;49988510950
60109cd5b7977000148d;Stéfani Camargo;stefani.03camar@gmail.com;49991557660
603585e730e219001982;Fabio Roani;fabioroani@hotmail.com;49988247929
6012ffec4cf956001370;Cleci Farias;clecifarias37@gmail.com;49991601262
603577da8cb4e700123b;Gustavo Müller;guto_2007_muller@hotmail.com;49991496681
603585d4fb21ae0012ff;Lucas corti;cortilurdes@gmail.com;49991869059
603591b49e5815001220;Mariana Francieli Ritter;marianafrancieli16@hotmail.com;49991018490
6035951da22d1e0012e5;Riann Coletti;rianncoletti6@gmail.com;49984065740
60096e9b5907de0012c4;Denise Dresch;denize12341234@outlook.com;49999695428
60089f904c00880013e5;Sheilaeronaldo Bastoslima;rsconfeita@yahoo.com;49984225172
603183bb197fb30012d1;Alexandre Barbosa;xande_07smo@hotmail.com;49991436536
6011e1095c5fb30017d2;Nilton Queiros;ninhao.9003@outlook.com;49991566247
6036c2e1d0e28000126c;Maico Ricardo;mm.maico@gmail.com;49991249200
601012210621c3001230;Gabriela Pereira Fleck;gabrielapfleck@hotmail.com;49988027450
6036ce44da1ff20012f4;Mara Caron;bicisportcaron@gmail.com;49984239331
600b6183de7f20001298;Anderson Lissak;andersonrlissak@gmail.com;49999354939
60134a4c8a54080012ce;Taina Gasperin;tainagasperim@gmail.com;49988598588
60173ee509f9b10012b3;Ruan Carlos Dall Agnol;corujaobeer@yahoo.com.br;49988082969
6036d1ac27f10b00125c;Valdeci Carvalho;valdecicarvalho-smo@hotmail.com;49998180648
60356ed98fd3fc00139b;Laura Lunardi;lau_lunardi@hotmail.com;49988266761
6036d33dcb5efe001291;Vitoria Born;vitoriaborn1@gmail.com;49988896192
6036da28da1ff20012f4;Patricia Queiroz;patriciaqueiroz555@gmail.com;49999704672
600975e86b8b92001440;João Carlos Bresolin;joaocarlos.bresolin@gmail.com;49991542803
603503b773bbd00012c1;Igor Lima;igorlima@gmail.com;49991559191
6036e284389a150013f0;William Casagrande Sanches;williamcsanches@gmail.com;49991550203
6036e1a35bc16e0012e1;Eliane Camera;eliane.camera9@gmail.com;49991349093
6036e3105bc16e0012e1;Fernando Griebler;fernando_futsal@outlook.com;49999650804
6036e98e27f10b00125c;Graziela Michelon;98r73e4yus@privaterelay.appleid.com;49999769274
601825039bab9400136b;Gabriel Henrique Erlo;gabi_erlo@hotmail.com;49991298027
6036f4a97b0da300122c;Vanessa Fonseca;vanessaodontosmo@gmail.com;49991919543
60136245165ae70012ad;Monica Muller Felippe;monyfelippe@hotmail.com;49991741299
6037b69e784d30001299;Adriana Eninger;drica_eninger@hotmail.com;49991924035
603183d2197fb30012d1;Elisvania Favero Ruwer;elisruwer.jd@gmail.com;49991552988
601498752a605d0019b6;Bethy Camargo;enfbethy@icloud.com;49991937672
60231169edbc3000125d;Xkako Recalcati;kako.smo@hotmail.com;49991526230
603816dfc610bd0012e0;Marcos Dassoler;marcos.dassoler@hotmail.com;49991430079
600f3c6e624b09001704;Emanuele Letícia Ries;manuleticia.emanuele@yahoo.com.br;49992021779
60381d6a488ddd0013ef;Cacieli De Andrade Carvalho Chies;jediael.eko7@gmail.com;49984375463
5c5df971f4ca12001137;Evandro Buza;evandrolb@gmail.com;49991115597
603821e0255884001281;Morgana Berté;morganaberte@hotmail.com;49991036545
603826c481d558001300;Vivian Micheli Manteufel;vivi_micheli@live.com;49988450414
603827ffc610bd0012e0;Franciele Jucimar Rizzo Daiprai;ciele_rizzo@hotmail.com;49991839303
6038287cf586dd0013c2;Rafaela Fusieger;rafaela.fusieger@gmail.com;49991563626
600eaae3fe59df0012a5;Leila Palese Pinto;leilapalesesth@hotmail.com;49991386261
603831c1d6326f001323;Leonardo Debiasi;leonardo.debiasi@hotmail.com;49999826295
60383bd0495d140012d9;Luiz Feistauer;feistauerluiz@gmail.com;49988458375
6038332081d558001300;Mariana Gomes Ferreira;marii_gofe@hotmail.com;54981149097
6036c6f7cb5efe001291;Daniel Morandin;comedor002@gmail.com;49991510091
60383e17495d140012d9;Wagner Cordeiro;wagnercordeiro27@gmail.com;49984272739
60181051d73a9f001274;Daniel Gustavo Possamai;brwordx@gmail.com;49998241133
600ddb83bf9e1a0012a6;Gian Marques da Silva;gi4n.ms@gmail.com;49991917427
600ef5530621c3001230;Simoni Kátia;simonikatia@outlook.com.br;49991205615
602ee97f0e5a3600127d;Edina Hahn;hahnjoner@hotmail.com;49991011364
5a888e0bdb90650015a1;Cristiano Braun;cristianobraun@gmail.com;49988762919
60393124a05e6d0013d5;Gabriel Marquardt;gabrielzinhogaucho@hotmail.com;49999723069
602b01fed31fc70013eb;Danieli Pengo;danieli27@outlook.com;49985038202
602b081d31ba2000139b;Delmar Portes;delmar@outlook.com;49999906595
60396d989d1e8b001299;Mélody Santos;melodycristiane_santos@yahoo.com.br;49988240680
600a2224d766e200121f;Franciele Giongo;franciele.giongo@hotmail.com.br;49992027260
60397595a05e6d0013d5;Jean Toral;jeantoral13@gmail.com;49991426969
603974bd30f690001340;Ana Paula Scariot Hillesheim;anapaula-smo@hotmail.com;49984119289
6039768eb7d12d0019ef;Vandrei Monlin;vandrei@flexpro.com.br;49984071626
603966be19c49d0012a3;Eduardo Torres;badicatorres@gmail.com;49991320271
603977b39d1e8b001299;Leandro Pierezan;leandro.pierezan@hotmail.com;49984134071
60083bf75861ae00126b;Andrei Rodrigo;andreirodrigo9@gmail.com;49991236974
6033eb9dcbd594001377;Gisele Vieira;gisele.mu@gmail.com;49984034122
60317c1561525b00156b;Cleiton Soares;cleitonskb@hotmail.com;49991910444
60397725ca7082001207;Jhonarlan Kunst;jhonarlankunst@gmail.com;49984088423
60397c8192db8800139a;Taiane Roberta;taiane_betinha@yahoo.com.br;49988391378
60397cc292db8800139a;Cleidiane Grassi;cleidigeo@hotmail.com;49988056931
60378a4ebbbf3400133e;Alceni Lourdes Chaves Alves;lurdesa45@gmail.com;49991873546
60397fcd2fffc1001270;Rodrigo Borges Santos;borges_digao@hotmail.com;49991468939
60397fcd2fffc1001270;Rodrigo  Borges Dos Santos;borges_digao@hotmail.com;49991468939
601ca3d499072000135f;Ademilson Oro;ademilson.oro@gmail.com;49991074477
601b1a37a4cddb001388;Brenda Vargas;bv2496485@gmail.com;49991396485
6008e1dcbe40060012c4;Daniel Camillo;danielcamillo98@gmail.com;49984355614
60120643f27a390013da;Everson Silvan Flores;eversonsilvanflores@gmail.com;49998226841
6010c6100621c3001230;Vanessa De Lima;vanessa.8.rhavi@gmail.com;49991814549
60398d209d1e8b00129a;Leovane Moreira;leovanemoreira@yahoo.com.br;49991681007
60398b7eca7082001207;Priscila Camile;priscilacamile123@gmail.com;49991091179
60398ee00773aa00124c;Stefanie Kist;stefaniekist22@gmail.com;49991919175
60398e0da05e6d0013d5;Gabriela Povala;gabipovala_@hotmail.com;49991258416
60233024f2e00f00130f;Vini Wundrack;viniwundrack@gmail.com;49991455485
603990639d1e8b00129a;Alecson Joaquim Flores de Oliveira;alecson.joaquim@gmail.com;49984067662
603991c230f690001340;Davi Chiaradia De Souza;davichiaradiadesouza@gmail.com;49991248303
603997069d1e8b00129a;Fran Moura;fran_cantu@hotmail.com;54984356233
601db5dec861250012eb;Jordana Fumagali Corá;jordana_cora@hotmail.com;49991619211
603a51560773aa00124c;JaneteeBastos Nossoface;josebastos_50@hotmail.com;49991488640
601dc669c861250012eb;Gustavo Diogo Muhl Ribeiro;gustavodiogomuhlribeiro@gmail.com;49991443736
601b3461b1f7e5001248;Alcione Schuck;alcioneschuck@hotmail.com;49991279209
5c63c29a24d1f600189e;Renato Berlt;renato_berlt@hotmail.com;51995335279
60369946a68a290012de;Orlando Schindler Junior;schindlerjr@gmail.com;49998260523
6008a7275907de0012c4;Brenda Provensi;brenda.bp460@gmail.com;49991815667
60170ea0c64316001291;Nicole Spardelotti;nicolysparde@gmail.com;49991868365
603abbb5ca7082001207;Tiago Freiberger;tiago_eva_ndro@hotmail.com;49991926637
6015e5f9518acd00125e;João Vitor Morandi;joaomorandi34@gmail.com;49984174334
601032be2d807500125d;Raquel Menegotto Balbinot;faisca24@hotmail.com;49991537855
600867396a7262001222;Lucas Eduardo Haas;lucas-e-haas@hotmail.com;49999380744
5e95a65e3232ac00112b;Eduardo Gustavo;eduardogustavo@hotmail.com.br;49988565564
601308d6165ae70012ad;Larissa Degani;larissadegani17@gmail.com;49988452827
6015f8d11dfddb0012df;Cleber Krumenauer;cleber1603@hotmail.com;49991235674
603aca750827ac00137c;Jonathan Andriollo;oestecustoms@hotmail.com;49999490336
60318f80a6e835001273;Laryssa Tayne;f_laryssa@hotmail.com;49991647570
603aa920b538e0001299;Lauro Lignon;lignon@bol.com.br;49991868031
601895329bab9400136b;Igor Loch;igoorloch@yahoo.com;49998187265
602465eb837ae00016ee;Fernando Maggioni;sirleibruch@gmail.com;49991795344
6026ff236a5890001244;Ivania Maria Welter;ivania_as@hotmail.com;49988076101
603acb67ca7082001208;Franci Hauenstein;francismo27@hotmail.com;49991108122
600adb08a31f7c001228;Pâmela Cristina Zanatta;farmaceuticapamela@hotmail.com;49984050071
602684b155c899001204;Rosane Gazzola;toninrosane24@gmail.com;49991597713
603acd2c7a7be5001276;Juliana Soethe;julisoethe@yahoo.com.br;49991399571
603ace490827ac00137c;Diego Camini;diegokmini@hotmail.com;49991014243
603acea3ca7082001208;André Schultz;deschultz@hotmail.com;49991512174
6009efd351ef480012f6;Andersom Da Paz;ander.catanduva.2017@gmail.com;49999238321
603826a2488ddd0013ef;Pâmela Regina pompermayer;pamelapompermayer01@hotmail.com;49999729517
602899b991f46b00149a;Denilson Nunes;denilsonnunes1107@gmail.com;49991383111
6012cd1e21c5b80012d0;Gea Kerber;geanmanchaa@gmail.com;49991655220
6014b47a7bb735001655;Daniel Felipe Moraes Schaurich;danielfelipemoraes@hotmail.com;49991277070
603ad0bb0773aa00124c;Teidi Faccio;elianerodrigues50@hotmail.com;49991325643
603acea40827ac00137c;Simone Coito;coitosimone44@gmail.com;49988182288
603acc6cfe3478001231;Marcos De Bona;marcosdebona0905@hotmail.com;49984065793
600d7966bf9e1a0012a6;Bruno Centenaro;brunocentenaro20@hotmail.com;49991320032
6011d45c0621c3001230;Mauricio Martini;martini.mauricio@hotmail.com;49988182267
601b2150b995af00126e;Anna Paula Machado;annamachado765@gmail.com;49991080148
603ad58a0827ac00137c;Michel Tomazel;micheltomazel@hotmail.com;49988159303
603ad60dfe3478001232;Rafael Hacker;rafaelhacker6@hotmail.com;49991923111
603ad79f869f1d001391;Sandro Lucas;sm.lucas@hotmail.com;61981955230
603ad79f869f1d001391;Sandro Lucas;sm.lucas@hotmail.com;49999297790
601176463ad1fe0012dc;Edi Rodrigues;edi-rs@hotmail.com;49991058485
603ad685ca7082001208;Vinicius Bilibio;viniveca@gmail.com;49984106304
600b46f45d7642001384;Jéssica Patrícia Da Silva;jessicapatriciadasilva53@gmail.com;49991937639
603adee70773aa00124c;Luiz Felipe Zappani;box_surprise@hotmail.com;49999026263
6014a76b2a605d0019b6;Andrei Rodrigues de Azevedo;andreiazevedo1992@gmail.com;49984217464
602732746a5890001244;Danny Reinke;daninhareinke@gmail.com;49991730105
60148670157c380012be;Miguel Stadler;miguicrazybr123@gmail.com;49991784790
6026bc2231b9660012e0;Jeovane Santos;www.jiulindo@gmail.com;49991829171
603bf314f7f40c001380;Gabriel Cecatto Vicensi;gabibxxxchhhh@gmail.com;49999443989
603174d9e02e8d0012eb;Katia Regina Junges;katiareginajunges@gmail.com;49988858934
603c0858f7f40c001380;Mirtes Inês Ortolan;mirtesinesortolan9424@gmail.com;49999439424
6011d028b7977000148d;Keli Meissner;kelicaroline319@gmail.com;49991431755
603c132df7f40c001380;Cleusa Enderle;cleusaend@hotmail.com;49991464631
60231e8882ec880013eb;Joice Dalavequia;joicedalavequia@hotmail.com;49999162428
603c16cb8596a6001236;Jennifer Dalsotto;i86dn4qwqp@privaterelay.appleid.com;49991490143
603c1967baa8de0012b3;Samuel Toffolo;samueltoffolo@hotmail.com;49920009890
60203ee1f0ba6600123a;Valéria Baldo Wosniak;valeria_baldo@hotmail.com;49991061635
60180b7855a79200128f;Verônica Graciano;veronica-graciano@hotmail.com;66981284660
603c1f27f7f40c001380;Jéssica Rafaela Roden;jessicarafaelax3@live.com;49991791940
603c1b773c213a001560;Cleberton Benedito;clebermuniz2020@icloud.com;49991680743
600d6b26fd8bde0012cc;Daiana Andressa Schmitt;daiana.schmitt@unoesc.edu.br;49991684484
603c21903c213a001560;Augusto Blanger Pottker;augustopottker@gmail.com;49991700405
60088e525861ae00126b;Patrícia Delariva;patriciadelariva1@gmail.com;49991858858
600e21bc4f1a7100120e;Raquel Sguario;enfsmoraquel@gmail.com;49999028750
600865405861ae00126b;Catrin Paola De Lara Figueiró;catrinlara22@gmail.com;49991411992
6022e28c938a360013e3;Jeferson Ramos De Oliveira;jeefersonramos007@gmail.com;49991570341
601062d72d807500125d;Lucas Bottega Eskudlark;lucaseskudlark@hotmail.com;49999887600
603c2c06ca7082001208;William Silvaa;williamsilva.cp@outlook.com;49991025911
6013311b9134d10012a5;Eduardo Busnelo Blockl;eduardo.blockl@hotmail.com;49991847347
603c3459baa8de0012b3;Fabio Strapasson;fabiostrapasson@gmail.com;49999040104
601084ca2d807500125d;Gabriel Castamann;glcsmo89@gmail.com;49992005762
603d16dbeb5cf700120d;Marianna Annoni;marianna_annoni@hotmail.com;49991344545
603d3da15ebd14001382;Dianete Dreon Decândido;contato@decandido.com.br;49999796558
6010344c2d807500125d;Gustavo Luiz Cappellari;gustavoluizcappellari@gmail.com;49999320461
6019e2f5a85c7200120b;Elizandra Paganini;elizandrapaganini@icloud.com;49999989409
602eea660e5a3600127d;Maria Luiza;marialuizabolfe@gmail.com;49991020215
60099de8f0e2230012a7;Bernardo Simioni;tracoca@outlook.com;49999765866
6011b9203ad1fe0012dc;Gisele Herdmann;giherdmann@yahoo.com.br;49984274578
603d6c94af3e980013ba;Jeferson Frohlich;jeferson_frohlich@hotmail.com;49989231377
603d6ceadaa3ec001261;Fernanda Vanessa Frank;vanessafer_frank@hotmail.com;49991511626
600ee83fce5c3200127b;Guilherme Silva;guirsilva1551@gmail.com;49988709140
603d7100af3e980013ba;Wagner Wünsch;wagner.wunsch@hotmail.com;49991432108
6019eb36da158e00129e;Júlia Alessandra Machado;juliaalessandra354@gmail.com;49991958489
600dc031bf9e1a0012a6;Tamara Julie Regert;tamararegert@gmail.com;49991644295
601c87351c38120012b7;Jéssica Taís Kuhn;jetaiskuhn@gmail.com;49999484565
600c41a02cfc8d001394;Angélica Hebertz;angelicahebertz@hotmail.com;67996358297
603e786f603ba7001239;Katiane Müller;katy_krm@hotmail.com;49999627503
5ec9aa60500e4f0012c5;Patrícia Eduarda Ballen;patricia.eduarda.ballen@hotmail.com;49991132031
603eab3148a3d7001282;Gustavo Spezia;gustavospezia8@gmail.com;49991812580
601c8436782e45001252;Lisiane Lilian Paulus;pauluslisiane@gmail.com;49991782382
600a0dc7ad16070012dc;Fatima Dos Reis;ecdo01@hotmail.com;49991068826
603eb661e5a446001206;Gabriele Gransotto;gabi.gransotto@gmail.com;49999355554
603ec12efd6c35001250;Angela Naidk;angelanaidk_an@hotmail.com;49999516251
60173ea909f9b10012b3;Beatriz Dalene Giongo;beatrizgiongo77@gmail.com;49991708569
603ec848fd6c35001250;Lizi Lizi;lizani_bruxel@outlook.com;49988863727
60107a521e0063001304;Kelly Cristine Gambatto;kelly.gambatto@hotmail.com;49988930133
603ecb3d1a13b6001303;Elisângela Gallina;ely_smo_@hotmail.com;49999621755
6014306b1cdc64001222;Alini Sartori Vidal;alini.vidal@outlook.com;49988065000
603edf9e462d1900126c;Rômulo Augusto Oestreich Maciel Garcia;romulo.smo@gmail.com;49999191947
5c83012c43ada9001193;Giancarlo Holz;gianholz@gmail.com;49984186911
600afad67b892f001359;Alessandra Couto;lekinhavolpi@gmail.com;49984035954
600c171f5d7642001384;Idione Azzolini;idioneazzolini33@gmail.com;49988661366
6040046aa13a8c001297;Fernanda Cristina Ballen;nanda.smo@hotmail.com;49991117303
6008c3ab6a7262001222;Fernanda Andrea Ramos;fernanda.ramos76@yahoo.com.br;49991616560
603038ca54a9450012d1;Tatiane Peraca Duarte;tati_perassa@yahoo.com.br;49991580832
603c223f684af6001426;Luziane Drumm;luzzy_anne@yahoo.com.br;49998153936
6040180bc5860d001266;Amanda Perla Machado De Melo;amandademelo362@gmail.com;49991313332
603edb4acc848f001200;Leonardo Silveira;seguros.leonardo@gmail.com;49991900007
60401f7d7d07280012eb;Douglas Rodrigues;douglasrodrigues.ea@gmail.com;49991075823
6040226fc5860d001266;Graci Fischer;gracifischer@hotmail.com;49991063445
60401c8ee5a446001206;Carlos Henrique de Oliveira Lopes;kikoboo13@gmail.com;11993845187
601457612a605d0019b6;Roselei Da Silva;rose.amarela@hotmail.com;49991026362
602d95fa0e5a3600127c;Carlos Andele;carlosanderle23@gmail.com;49991072673
6008b9254c00880013e5;Fabi Santos;fabriciasantosbrito@gmail.com;47996892351
6008b9254c00880013e5;Fabricia Dos Santos De Brito;fabriciasantosbrito@gmail.com;47996892351
6011e9d880f2b0001263;Tatiane Trindade;tatyanetrindade@yahoo.com.br;49991371549
60414c513a0529001282;Marciana Miotto;marcimiotto@yahoo.com.br;49991436771
603a3c34fe3478001231;Célia Pietszkoski;celiapietszkoskijefe@gmail.com;49991870208
60414f598d705700125b;Laura Battisti;laubattisti@icloud.com;49999550182
601731d055a79200128f;Andréia Ludwig;andreia.ludwig2016@gmail.com;49984334571
60415477ca6ac7001225;Carla Emanuelle de Oliveira;carla_manu_@hotmail.com;49999255681
601c87e11c38120012b7;Tiago Sonalho;tiagosandra1224@gmail.com;49991613320
6041563aff2b21001364;Solange Berwanger;xumexere@gmail.com;49991115086
600b607ffd8bde0012cb;Ení Salete Batista Lopes;enibatista.lopes@gmail.com;49999561927
60188c7767de7c001313;Isaias Heisler Schlindwein;isaiashs@yahoo.com.br;49991525989
604157815e869b001366;Felipe Marques;felipe-asm@hotmail.com;84991217993
604157533a0529001282;Gabe De Bortoli;gabe.debortoli@gmail.com;49984066572
60415911ca6ac7001225;Carin Keli Raber;carinkeliraber@outlook.com;49988053079
604159433a0529001282;Jeferson Vicari;jefersonvicari43@gmail.com;49988531970
604156e95e869b001366;Ariel Luciano Cardoso;cardosoaryel9@gmail.com;49991174089
604162a8ff2b21001364;Guilherme Geller;guilhermrgeller@hotmail.com;49999940122
60416373ff2b21001364;Maria Joana De Rocco;majowt@icloud.com;48991723824
600a0208aefea5001249;Matheus Uhlmann;matheusuhlmann2009@hotmail.com;49991202315
60416a38ff2b21001364;Aline Galleazzi;aliine_smo@hotmail.com;49989110174
602305f9f2e00f00130f;Giovani Ghizzi;giovanighizzi@hotmail.com;49991755182
60416e10ff2b21001364;Cadu Wolhmuth;cadu.cxt@gmail.com;49984084636
60417245ca6ac7001225;Erick Rodrigues;erickstoffel@gmail.com;49991505696
601214229134d10012a5;Jullyana Tibes;jullyanatibes22@gmail.com;49988901523
60231a9fedbc3000125d;Juliane Rodrigues;julianerodrigues774@gmail.com;49991715636
6039825730f690001340;Bruno Julian;brunojulian_ctba@hotmail.com;49988099548
604278a43a0529001282;Janaína Cristina Moschen;jcjanainacristinajc@gmail.com;49988832434
604277dfaa118a001375;Carine Colli;carine.colli@gmail.com;49991356932
6042857b8d705700125b;Amanda Rodrigues;amandrodrigue2019@icloud.com;49988439297
600a089acb39d900126d;Gabriela Kelm;gabi.kelm@hotmail.com;46984061393
6008f9335861ae00126b;Patricia lineima saft Soares;patriciasoares1020@gmail.com;49991653331
6019b3c151c976001297;Eduardo Gonçalves Da Silva;dutpcv2016@gmail.com;49991913883
600b6a71ce4f270012f3;Luiz Maurina;866luiz@gmail.com;49991136365
60118495f27a390013da;Rafael Augusto Gretzler;rafaelsmo.augusto@gmail.com;49984166542
600841866a7262001222;Brenda Festner Erlo;brendafestner@gmail.com;49991353400
6015fabaeab1a80013e8;Júlia Simioni;simioni.julia15@gmail.com;49984374911
6042ad355e869b001367;Roberto Carlos W Gomes;robertocwg187@gmail.com;49988498064
6042aca28d705700125b;Alex André Belinki;alex8.8@hotmail.com;49999844112
6042b0393a0529001282;Dionatan Valandro;dionatantec@hotmail.com;49998091614
6042ae603a0529001282;Felipe Koelln Soethe;felipe.koelln@hotmail.com;49991917576
6042afb2ff2b21001364;Darlon Fontana;darlonluiz@hotmail.com;49984082546
6010b63e2d807500125d;Cristiano Dalla Costa;cristiano.cascavel@hotmail.com;45999217860
6042b3db5e869b001367;Renê Zanette;renezanette@hotmail.com;49991530212
601477c91cdc64001222;Elisabete Borth;elisabeteborth@gmail.com;49988298065
6042bbcbaa118a001375;Janaine Tomazin;janainet@yahoo.com.br;49991688107
6017499a51d451001367;Tiago Kich;tiagokich@gmail.com;49991994799
6042bca6ff2b21001364;Marcio Acioli;marcio@marcioacioliadv.com.br;49999173202
6042b99fff2b21001364;Alana Taynan;alanadiodato@gmail.com;41998567543
603d825acc848f001200;Gilberto Krafchuck Vieira;gilbertovieira900@gmail.com;46999007749
601068c72d807500125d;Lucas Eduardo Borba;eduarlucs@gmail.com;49991351492
6042bca8217f0f001213;Ronaldo Brasil;ronaldobrasilsmo@gmail.com;49991524384
6042bd81aa118a001375;Tatiane R Pivetta;pivettatatiane@gmail.com;49988045141
6019daf9a85c7200120b;Jean Carlos Cechini;jeancarlos.cechini@gmail.com;49991233036
6008a7f7f76e430012ed;Bianca Vitória Basso;bianca.vbasso@hotmail.com;49999149849
602289c43696200012bb;Janete Maria Sehn;janesehn@yahoo.com.br;49988706054
602455e22900ba00133b;Cristian Locatelli;lo_catelli@hotmail.com;49988488909
6042bc7b5e869b001367;Luana Gd;luhhsilva0529@gmail.com;49991227827
60304faa0a8e4e0013cb;Carla Alexssandra Prior;karla_prior@hotmail.com;49988553077
603985e1ca7082001207;Rafael Obo;oborafael@gmail.com;47997299455
6009813f8d9e81001351;Luana Goulart;luanag1712@gmail.com;49991380537
6025a48e912858001221;Alexandre Lazzarotto;alelazzarotto@bol.com.br;49991845200
6011e69669ea78001250;Brenda Bindel;brendabindel2020@gmail.com;49988218048
6042d9053a0529001282;Iago Gabriel;iagocarvalho362@gmail.com;49985047380
60099526d766e200121e;Cristiane Gass;cristianegasscristiane759@gmail.com;49988557094
6043e3e88d705700125c;Marco Muniz;makko_smo@hotmail.com;49991715481
6043e5de5e869b001367;Cleane Leni PavoniPavoni;cleanelenipavoni@hotmail.com;49991756504
6043e5de5e869b001367;Cleane Leni PavoniPavoni;cleanepavoni@gmail.com;49991756504
6043bb61517681001236;Camila Banaszevski Meneghetti;camila.meneghetti@hotmail.com;49991641313
60145301518acd00125e;Cristiano Paini;cristianopaini@bb.com.br;49984025980
6010365bee2f4e001244;Rose Galarça;rosegalarca11400@gmail.com;49991515690
6015d6e2cb778f00127a;Kelli Pavlak;kellidesign@hotmail.com;49988266297
6032e311fca3de00128d;Eliane Leite;elianeleite780@gmail.com;49988455409
600c33415d7642001384;Schirlei Herbert;schirleiherbert@gmail.com;49991788128
60180a739bab9400136b;Raquel da Rocha;raqueldarochaod@yahoo.com.br;49991158003
6014839f518acd00125e;Adaiane Blau;adaianeblau31@gmail.com;49988721980
6029aa73a72d5100128e;Aline Cristina Balbinot;alinecrystinah@hotmail.com;49988539933
60440023ff2b21001365;Miryan Machado;miryanalansmo@gmail.com;49991699434
60440023ff2b21001365;Miryan Machado;miryyansmo@gmail.com;49991095967
602c62bb54c3b90012dc;Matias Trevisol;matias_trevisol@hotmail.com;49991782811
60440143ca6ac7001226;Reginaldo Stoffel;reginaldostoffell@gmail.com;49988093410
600af8b0ce4f270012f3;Fabricio Rodrigues da Silva;fabriciocatesmo@gmail.com;49991998657
6015d7cb2a605d0019b6;Altair Lisot;lisotpmsc@gmail.com;49999221933
6036d7ef0ac51a0013e1;Taís Regina Wrege;taisreginawrege@hotmail.com;49991557605
6029de19f26cb4001229;Caroline Seibert;carolineseibert22@gmail.com;49991602030
60086c5d5907de0012c4;Daniela Mainardi Müller;daniela-smo@hotmail.com;49991480082
6010a2cc03fb8c0013a9;Aline Zago;alinezago94@gmail.com;49991012151
601abd91a4cddb001388;Fernanda Von Dentz;fernandadentz@gmail.com;49988211380
6038251c488ddd0013ef;Cleber Balbinot;balbinot@gmail.com;49991368707
601b0347e104d7001247;Eliane Rita Santos da Silva;bryandasilva1325@hotmail.com;49991373551
60440dc8217f0f001214;Daniel De Cesaro Morais;danielsann.smo@hotmail.com;49988940843
6043bd2f3a0529001282;Giulia Bernardi;giulia-bernardi@hotmail.com;49988944646
604410aaff2b21001365;Fernanda Secco;secco_fernanda@yahoo.com.br;49991492905
60257fac511f7400125f;Alice Fainelo;alicefainelo@hotmail.com;49991756492
604411e48d705700125c;Victor Claudio Dalsotto;vcdsmo13@gmail.com;49984184496
60441262ca6ac7001226;Franciele Silva;francieledasilva910@gmail.com;49991513208
602da64ce85ae4001256;Micheli Agnes;micheliagnes@hotmail.com;49999927723
604411305e869b001367;Joao Victor Carboni;jaoav.carboni@gmail.com;49991820948
60441da1ff2b21001365;Elisete Vanso Giovenardi;giovenardielisete34@gmail.com;49991216288
601034ba40bb46001472;Narcisa Baiocco;daniecisa@gmail.com;49988734162
600c7fb3b01fc8001290;Vinicius Vivian;vinicius.vivian@hotmail.com;49991530887
6044216b517681001236;Cassiano Balke;cassianobalke42@gmail.com;49999759398
60270c912b59c600132a;Vanessa Claas Prediger;vanessaclaas16@gmail.com;54992012523
60453f61aa118a001375;Késsio Paz;kessiopaz@gmail.com;49988428204
60134a4f3ad1fe0012dd;Igor Balbinot;balbinotigor3@gmail.com;49998187099
602b05071aebca00120c;Ricardo Sarzi Sartori;richard.sartori@hotmail.com;49988427634
60146d192a605d0019b6;Frodo Smo;frodo.lidergames@hotmail.com;49999519798
603ba159c8e341001597;Victor Gabriel;rizoortizvictorgabriel@gmail.com;49999006358
5ba57e5eb01a36000f3b;Hellen Garcia;hellencgarcia@hotmail.com;49991917499
6018735f9f5f700012e5;Magda Fernandes;maguinhafer@gmail.com;49998089513
60149e6a1cdc64001222;Álvaro Monaretto;alvaro.smo@gmail.com;49984016792
601042e503fb8c0013a9;Letícia Sassi Valadares;leti.sassi@hotmail.com;49988604571
60207a04958800001255;Pedro Valdenir dos Santos;pedrovaldenir@yahoo.com.br;49991323330
601045bfb7977000148d;Osório Gonçalves Ramos Neto;osoriogrneto@gmail.com;47992901508
60106c7cee2f4e001244;Matheus Graciolla Simão;matheusg.milenio@gmail.com;49991863013
60456d823a0529001283;Luiz Périco;luiz_perico@hotmail.com;49991014227
604570e38d705700125c;Adriana Ferreira Da Silva;adrianaferreiradasilva76@gmail.com;49991149646
60457193ff2b21001365;Deise De March;deisedemarch93@outlook.com;49988194174
600ac9387b892f001359;Luiz Gustavo Maran;khfnizpe36@privaterelay.appleid.com;49991220380
60466ff13a0529001283;Rosangela Mallmann;rosangelamallmann@hotmail.com;49984346734
6010a10c0621c3001230;Eduarda da Silva;eduardadasilva593@gmail.com;49991745752
60469990aa118a001376;Paulo Mora;maravilha_17@hotmail.com;49999078244
6015d0fccb778f00127a;Liz E MATHEUS;salaokaprychus@yahoo.com.br;49984361797
601722e3c64316001291;Heloisa Rothmann;danieliprestes141@icloud.com;49991650194
6046a2d33a0529001283;Michael Oliveira;michaelfilippeso@gmail.com;49988729595
6011eec43ad1fe0012dd;Rogelia Cestari;rogeliacestari@yahoo.com.br;49991062830
60469b49517681001237;Daiane Capitaneo;daianecapitaneo@hotmail.com;49988660505
6008ac112d33b3001299;Janaina Pacheco;janainapacheco77708@gmail.com;49984185570
6011e5235c5fb30017d2;Tiago José da Silva;thiagos57@hotmail.com;49988776889
6046aa28ff2b21001365;Gilvane Badan;gilvane_badan@hotmail.com;49991933532
6022e61b42e8600012dd;Claudiane Cavalheiro;claudii.smo@gmail.com;49991910559
6046aa02217f0f001214;Lavinia Dorigon;laviniadorigon@gmail.com;49999304182
60351a458fd6e600142a;Thais Menezes;thais.silveirap99@gmail.com;54996682848
6046aff4217f0f001214;Luiz Ely;luizely2019@icloud.com;49920000236
6046a3efaa118a001376;Ana Oliveira;smo_aannah@hotmail.com;49991067727
60465e26517681001236;Caio Silva;caio94643@gmail.com;49991992679
6046b093217f0f001214;Ânderson Baumgratz;ander.11.baumgratz@gmail.com;49991138025
6046b43a517681001237;Dionatan Kopsell;dionatankopsell@hotmail.com;49991952945
603fd7025621170012c2;Ana Thiele;anacarolct@outlook.com;49988982748
6046b93baa118a001376;Nilmar Bianchet;nilmarbianchet@yahoo.com.br;49999128685
60477e73217f0f001214;Gustavo da Cruz;gutodc06@gmail.com;49991184191
6047e4df8d705700125d;Maria Luiza Teló;marialuiza_telo@hotmail.com;49991959539
6047eaec8d705700125d;Janice Mosena;janimosena@hotmail.com;49991554410
6016c9fc9f5f700012e4;Keyla Oro Siqueira;keylapiquettioro@yahoo.com.br;49991888976
600f4160fe59df0012a6;Alex Balen;alex.balen@bol.com.br;49991661165
60363dc730e219001982;Leonardo Bedin;leonardo.sb27@aluno.ifsc.edu.br;49999760133
5ccefc4ed7aef7001188;William Pierry Schwengber;williampierry@yahoo.com;49999160290
6010390e0621c3001230;Pamela Santos;pam1sangreys@hotmail.com;49999043768
604801ebaa118a001376;Ivete Weis;ivetinha_009@hotmail.com;49991684470
6009b064cb39d900126d;Midia Ricci;mariavanuziaricci@gmail.com;49988118822
60149c422a605d0019b6;Cristiane Santos;crissantosw78@gmail.com;49999231463
60480ece5e869b001368;Paulo Moreira;pauljamoreira1@yahoo.com.br;49991770383
60247840cac2760012af;Silviane Stoffel;silvianestoffel2910@gmail.com;49991057896
6048152b517681001237;Cristiano Machado;123criss021@gmail.com;49991797189
604941a6ca6ac7001227;Victor Brites;zuera.de.skate@gmail.com;49984238572
6011f9543ad1fe0012dd;Jaquelline da Rosa;jaque.smoo468@gmail.com;49999648342
60496dab217f0f001215;Addison Keler;addison.vincenzireboques@gmail.com;49999260157
60496eddca6ac7001227;Fernando Trucollo;fernandotrucollo@yahoo.com;49991127864
60496e68aa118a001376;Vitor Manoel Mariano Souza;vitormanoelms21@gmail.com;49991995798
601c42df1c38120012b7;Marli Melita Melz;marlimelita@gmail.com;49991134115
602ee7e954c3b90012dc;Janete Graciolla;janetegraciolla@hotmail.com;49991742721
604a8b84094d000013a6;Xandy Ramos;xandypapai2016@gmail.com;49991185279
602d9e945a59a70012e7;Josiéli Isis Moraski;josi_isis@hotmail.com;49991147099
601c6dd16b6ab10012b7;Luiz Felipe;luizfelipe253.live@gmail.com;79999059521
604a91d6b4fc680013dc;Zana Gularte;zanadir1@gmail.com;49984320130
6043d9f43a0529001283;Tatiane zatta;tatianezatta@yahoo.com;49991224448
604a949b10f1be0012bc;Camila Alessio;camila_smo@hotmail.com;49991577601
5fc42a40543e1b0012c6;Natiele Lima Rodrigues;nathy_rl1@hotmail.com;55999415205
603978879d1e8b001299;Lucas Moretto;lucasmorettosmo8@gmail.com;49991817723
604aa42961b68d001219;Jonas Eduardoo;jonasdaiane7@gmail.com;49992029818
60102249b7977000148d;Gabriela Hollen Bertochi;gabibertochiich@gmail.com;46999418282
6011b9533ad1fe0012dc;Jhonatan Mauro Do Nascimento;jhonatan.smo@hotmail.com;49991151149
600d81e736e7820012ec;Bruno Mezzomo;brunoo.mezz@gmail.com;49998271425
604aadec4ded05001338;Renato Nicodemos;rnicodemos52@gmail.com;67991907148
604aae6a61b68d001219;Angela  Roberta Sangalli;angelarobertasangalli@gmail.com;49985043230
601304b086bfb0001231;Rafaella Lima;rafaela4952@gmail.com;49991283721
604ab74210f1be0012bc;Lainne Lainne;elaine23sc@hotmail.com;49985025523
60204d8f958800001255;Samara Machado;samaranunesmachado@outlook.com;49992018790
60184c139bab9400136b;Jucelia Lopes Candeias;jolopes32@hotmail.com;49999274451
604bd9e70db8d0001273;Elias De Oliveira Couto Neto;elias_ocn@hotmail.com;49991970079
600c7f68ad400f00130e;Tifani Sacardo;tifani.k.sacardo@gmail.com;49984110967
60118d2e5c5fb30017d2;Angélica Wendling;angelica.smo@gmail.com;49999037818
601c60d46b6ab10012b7;João Vitor Wolhmuth;joao.wolhmuth@gmail.com;49991317546
604be55610f1be0012bc;Eduardo José Castilho Bauer;edudjentcore@gmail.com;49984175803
604be52f094d000013a6;Junior Oliveira;afrodeoliveira@gmail.com;49991197838
6017170409f9b10012b3;Rodrigo Steinbraenner;rodrigo.std@outlook.com;49998344575
604be73961b68d001219;Josiana Ereno;josi_ereno@hotmail.com;49991583660
604be03a094d000013a6;Vinicios Zatta;vinicioszatta@gmail.com;49991282006
604be8a90db8d0001273;Vanessa Busnelo;vanebusnelo@hotmail.com;49998244653
604be9c70db8d0001273;Kelen Cezer Battisti;kelenluccheta21@hotmail.com;49991428040
604beaf44ded05001338;Gabriel Igor Barbieri;gabrielbarbieri14@hotmail.com;49991616238
60144da4b17e70001271;Cristiane Motta;crisbanfimotta@hotmail.com;49991934538
600df5f636e7820012ec;Helen Diesel;helendiesel07@gmail.com;49991781847
6015f59feab1a80013e8;Jéssica Rugeri Polli;jessicaapolli@hotmail.com;49999017440
604bf1a010f1be0012bc;Cléber Fernando Grings;cleberfgrings@gmail.com;49984072698
60246221cac2760012af;Fabiana Fagundes da Silva;fabiana.fagundes01@gmail.com;49999178237
604bf7710db8d0001273;Topete Muller;topete.nenen@hotmail.com;49999250094
6009a496ad16070012dc;Juliano Bischoff;julianosmo@gmail.com;49991278958
600dd59936e7820012ec;Cinthya Celuppi;cinthyaceluppi@hotmail.com;49984349721
604bf8ab61b68d00121a;Lucas Arthur;lucasarthur1999@gmail.com;49988125946
602915c0f26cb4001229;Mara Ludwig;mara.c.m.ludwig@gmail.com;49985054928
60149f3eb17e70001272;Mario Ricardo Graf;m-graf@live.com;49988856777
600b636920323a001337;Inoema Paula Rodrigues;paulaesidy@hotmail.com;49991957299
6010b2a51e0063001305;Lucas Gabriel Gerhardt;lucas.gerhardt1@hotmail.com;49988214108
5c560f5c91d8a40011e3;Arceu Campos;arceu.campos@yahoo.com.br;34992498621
604c0ab210f1be0012bd;Adriane Wissmann;adriane_wi@hotmail.com;49984197062
601f1c4d6bd9f50013f3;Wesley Almeida Andrade;wesleyandradepcsc@gmail.com;49988150699
604cef16ecc34a001447;Carine Taís Becker Vial;carinevial65@gmail.com;49991965369
604d082861b68d00121a;Ivanete Barbieri;ivanetebarbieri@yahoo.com.br;49999252094
604d03b7b4fc680013dd;Talia Silveira;taliasilveira81@gmail.com;49998082041
601c3785782e45001252;Junior Lazarotto;lazarottojunior2@gmail.com;49991912898
601d94f0398f4700122d;Carlos Laste;laste8548@gmail.com;49991162730
604d32c6b4fc680013dd;Amanda Anne Negri;amandaanne98@gmail.com;49991794975
602c468b028b970012b4;Laura Zandoná;laurazandona0@gmail.com;49991269593
600de1b530518a001289;Janaína Patzold;teacherjana.smo@gmail.com;49999295669
60109683ee2f4e001244;Jean Francisco Canova de Quadro;jeanfcanova@gmail.com;49999537672
6015f0e9518acd00125f;Fernando De Araujo;fernandodearaujokk@gmail.com;49991514161
601f0b0ff0ba6600123a;Cinara Valduga;cinara.10@icloud.com;49988241211
6019e6cad73a9f001274;Larissa Ecco;yssinhab@hotmail.com;49988089712
6019e6cad73a9f001274;Larissa Ecco;yssinhab@hotmail.com;49998060170
604d3851b4fc680013dd;Gabriela Bertochi;gabslolatto@yahoo.com.br;49991366199
600ded2d1bf0560012bb;Eduarda Forchesatto.;forchesattoduda@gmail.com;49999311735
604d3d5302c5dc001430;Júlia Crivilatti;crivilattijulia@gmail.com;49989007686
604d3e680db8d0001273;Ana Paula Vivian;anapaula_vivian@yahoo.com.br;49991323944
604d3e0a61b68d00121a;Eduardo Dalssasso;eduardodalssasso@hotmail.com;49991429025
6010b8310621c3001230;Gessica Turcato;gehh.turcato@gmail.com;49988161724
6010b8310621c3001230;Gessica de Oliveira;gehh.turcato@gmail.com;49988161724
604d415c0db8d0001273;Robert Stahl;robertstahl358@gmail.com;49999143902
6010863a8b525a00123c;Alana Andrade Pacovska;alanapacovska@gmail.com;49991420767
601b28dce5ae380012c3;Matheus Henrique De Lima;matheushdelima0202@gmail.com;49999120470
60101b5a40bb46001472;Ivanice Bottcher De Oliveira;ivanicebottcher@hotmail.com;49991735134
6001a0a8fdfc480012d2;Karina Vedana;vedanakarina@gmail.com;49984359568
600954bd6b8b92001440;Soraya De Pieri;sorayadpcl@gmail.com;49999031588
604d428f02c5dc001430;Dionísio Cardoso De Lima Junior;dionisio.cdlj@gmail.com;49988031299
6019e9c250363900127d;Drielly Thiel;drica.kt@hotmail.com;49991145844
604d465e61b68d00121a;Edison Jair Paganini;ejpaganini@yahoo.com.br;49991363921
601dbd6e2b56e9001283;Naiana Zambiazi;naianagbz@gmail.com;49991894616
60106be6ee2f4e001244;Micheli Pereira;michele.pereira.miche@hotmail.com;49991522717
604d4c2710f1be0012bd;Vanessa Dalmolin;vanessinhahh_freitas@hotmail.com;49991124411
604d4d9a10f1be0012bd;Natã Ferronato;natanferronato80@gmail.com;49999216708
604d4d9a10f1be0012bd;Natã Ferronato;natanferronato80@gmail.com;49998327337
6008d4314c00880013e6;Karla Ignez;karlaignez86@gmail.com;49984021742
6009f6877b892f001359;Hemanuel Morais;indianara.mano@gmail.com;49998028808
604e8119b4fc680013dd;João Grochot;john_joao54@hotmail.com;49999565881
6015aac9518acd00125e;André Luiz;andregosler1234@gmail.com;49991915529
6018468cda158e00129e;Arildes Cechinato;arildes.cechinato@gmail.com;49998285250
604e8a4361b68d00121a;Vanessa Previdi;vaneprevidi@hotmail.com;49991051219
6036e33b0ac51a0013e1;Maria Barp;mariaeduardabarp@gmail.com;49984180050
60108f391e0063001305;João Pedro Brustolin;joao2008.jp@gmail.com;49991056636
602709f623d697001258;Alexandre Figueiredo;alexandre_mano@yahoo.com.br;49984256803
600ee78d0621c3001230;Lucas Forcellini;lucas-forcellini2011@hotmail.com;49991247331
604e9443094d000013a7;Anderson De Oliveira;ander5022@hotmail.com;45991121475
6010493540bb46001472;Eduardo Gabriel Vacarin;eduvacarin@gmail.com;49988340621
601733aa51d451001367;Luciano Gossler;lucianogossler@yahoo.com.br;49991112876
604e978becc34a001447;Alexandre Dunga Oro;dungar_13@hotmail.com;49991293055
60217ee7958800001255;Dani Pinheiro;dani_pinheiro06@hotmail.com;49991946465
60270ad131b9660012e0;Gisele Barilli;giselebarilli@gmail.com;49991172943
601329163ad1fe0012dd;Jéssica Zanon;jessicabauer2000@gmail.com;49988675454
604e9f2b61b68d00121a;Luiza Rebelatto;luiza_rebelatto@estudante.sc.senai.br;49998010228
604a1bfc517681001237;Claudia Regina Melz;claumelz321@gmail.com;49999731614
604ea8a60db8d0001274;Denis Lunardi;denislunardi@hotmail.com;49991148725
604f64e010f1be0012bd;Andressa Cristiane;andressa.hamester@hotmail.com;49991668862
601875c3d73a9f001274;Gaby Nunes Paulus;gabriela15.nunes@hotmail.com;49999703557
600f3d05624b09001704;Gabriel Signori;gabrielsignorismo11@gmail.com;49988001019
604fd47002c5dc001431;Micael Amaral;amaralmicaeleb@gmail.com;49991095346
60084d2e4c00880013e5;Daísa Larissa Magrini Da Silva;daisamagrini@gmail.com;49988095600
601045612d807500125d;Ana Paula Formagini;aninhaformagini@gmail.com;49991378110
60207549c35d79001287;Dara Ludwig;daraludwig@gmail.com;49999435783
6019d10324a4b70013d4;Abigail Santos;abigaill.cg@hotmail.com;49999719601
604ff9d04ded05001339;Edinéia Fabiane Godois;edineia.fgodois@gmail.com;49991081489
6051251f4ded05001339;Andreia Da Luz;andreia22dlz@gmail.com;49991963546
60512991094d000013a8;Gabriel Zocolotto;gabrielzocolotto32@gmail.com;49998162144
6015ce4ecb778f00127a;Vanessa Bernardi;vanebernardi12@gmail.com;49991357776
60511bb402c5dc001431;Andre Lazarotto;andre_lazarotto@yahoo.com.br;49999620991
6009288b5907de0012c4;Luísa S;luisascariot5@gmail.com;49998361913
600950c96b8b92001440;Dileia Turra;dileiasmo@gmail.com;49999189935
6052770c094d000013a8;Fabricio Capelari;ocapelari@yahoo.com.br;49991072555
605277360db8d0001274;Odirlei Baldissera;baldisseraodi@gmail.com;49991354715
60527c2cb4fc680013de;Fabiano Silva;dudafsd543@gmail.com;49991417501
60527b8161b68d00121b;Huberto Pacheco;betovt@gmail.com;49991178474
601b35b6b1f7e5001248;Fabiana Dente;fabi_net@hotmail.com.br;49991191847
605287c7b4fc680013de;Evandro Weber;evandroweber75@gmail.com;49991124443
60172ed1c64316001291;Viviaan Siqueira;vivianequadros1607@gmail.com;49991998866
6053cf82d79bf000121b;Tere Pandolfo;terepandolfo29@gmail.com;49998363984
601dbab8c861250012eb;Laura Adriana Montieri Nunes;laurinhanunes@hotmail.com;49988450588
6053cef794914a001399;Gustavo Klagenberg;gustavoklagenberg@gmail.com;49991562993
6053d339c3ef14001297;Diego José Prestes;dijprestes@hotmail.com;49991111750
6053d39994914a001399;Thaiza Vincenzi;thaizavincenzi@gmail.com;49991436684
601096c80621c3001230;Rodrigo Dos Santos;rodrigor5sop@gmail.com;49991169239
6042adb6ff2b21001364;Simone Costa;simonecosta_sc@yahoo.com.br;49988450758
6053dbefd79bf000121b;Julia Anderle;juliaanderle377@gmail.com;49991711248
60207303958800001255;Deisi Schneider Garbin;deisinha_koab@hotmail.com;49991810774
6053de65d79bf000121b;Tiago Sonalho;sandra_grolli@yahoo.com;49991733320
6053edce4495df0013df;Guilherme Felicetti Brusco;guilhermefelicetti138@gmail.com;49999038533
5ceb41252de713001136;Paolla;paollaapomatti@gmail.com;49991035036
6053e552d79bf000121b;agatha costa paz;agathapaz410@gmail.com;49988447616
6053f093c3ef14001297;Laila Taísa Thalheimer;laila.thalheimer@hotmail.com;49991203053
604b7be702c5dc001430;Evelyn Carine Torres;evelyn_smo@hotmail.com;49984389568
60551b524c38210013b1;Rosane Schwengber Rolhano;rosanepro100@gmail.com;49991782028
60551b79b1076f0012af;Pamela Zanatta;zanattaok@gmail.com;49988781067
60551cf17c15700012c3;Maria Eduarda Sampaio;mariaeduardasampaio24764@gmail.com;49991897006
605520dc4c38210013b1;César José Eidt;cesareidt@hotmail.com;49991067600
60170fd39f5f700012e4;Ale Occai;wajmqx4wwk@privaterelay.appleid.com;49999830858
6010a50f0621c3001230;Ramoni Crislei Dalmoro;ramonidalmoro@hotmail.com;49991584829
605529bae6b1710012ec;Leticia Santiago;leticia.santiago198423@gmail.com;49988871445
60102ba01e0063001304;Leticia Flores Portela;leticiafloresportela@gmail.com;49984018670
6014a3c9b17e70001272;Keuryn Barbara Lazarotto;keurynlaza@yahoo.com.br;49988155886
60552068d09c9f0013cb;Marieli Rohr de Oliveira;marieli_rohr@hotmail.com;49991577656
6019ea2351c976001297;Gizeli Berwanger;gisi_nadia@hotmail.com;49991713946
601b3d15b995af00126e;Daia Oliveira;daianaheitor23@icloud.com;49999847811
605532feb1076f0012af;Kenydy Sartori Masiero;kenydyjr@gmail.com;11983965085
6055399a68e56f001238;Leonel Leal Silva;leolealsilva22@gmail.com;49991213096
60565ec77c15700012c3;Nathaniel Willian Lagni;nathanielwillianlagni@hotmail.com;49999720034
60205c98958800001255;Cleide Michielin;willoustore@gmail.com;49999982029
6017ffb455a79200128f;Renan  Carlos;renan_carlos_berte@hotmail.com;49999469546
60109d0b1e0063001305;Arthur Ewerton;arthurril@hotmail.com;49998244884
6011dfe40621c3001230;Julia Thomas Pause;juliapause2007@gmail.com;49991746393
60453807aa118a001375;Diogo Zanin;diogozanin2010@hotmail.com;49991765957
603c11f5c8e341001597;Valdir Cechini;valdirjose_smo@hotmail.com;49991093926
601449b6b17e70001271;Francisco José;lonyemails@gmail.com;49985045731
6008a8fd5861ae00126b;Josecler Klein;joseclersmo@gmail.com;49991785526
600d9c26d22cb000126f;Ana Paula Wendling Alves;anawendling353@gmail.com;49991100505
6018b7bdd73a9f001274;Deise Daiane;deeise08@hotmail.com;49991196843
601439c22a605d0019b6;Jovana Gerevini;jogerevini@gmail.com;49988192411
605675684c38210013b1;Luiz Carlos Peres;luiz91590031@gmail.com;49991590031
601060b71e0063001304;Jéssica Merlo Dos Santos;merlojessica518@gmail.com;49991931947
60560f1de6b1710012ec;Taline Dorigon;dorigon.taline@hotmail.com;49988580660
605675ceb1076f0012af;Deisi Graczyk;deisy_graczyk@hotmail.com;49999330631
60568482e6b1710012ec;Oilson José Lolatto;oilson13@gmail.com;49984121238
605674f37c15700012c3;Susana Grunewald;crcris_empresa@yahoo.com.br;49991020271
601b26e0e5ae380012c3;Aline Rodrigues Macedo;alinemacedo957@gmail.com;49991569728
605687d86b159600131f;Rosane Pires;rosanepires@outlook.com;49998296791
602a6e6b31b9660012e1;Tatty Limaa;tatyandreza0@gmail.com;49991158045
600f5fe2624b09001704;Andressa Bellatto;andressabellatto2@gmail.com;49984236258
6014d8756cb432001313;Mara Roque Fontana;jocimara.fontana@gmail.com;49991105207
604e9163b4fc680013dd;Eduardo Filipini;duuhbox@gmail.com;49998359570
6057c0eb11e128001274;Vera Marcelo;verammagalski@hotmail.com;49998011653
6057bf13d09c9f0013cc;Gabrieli Pagani Zatta;zattagabi2@gmail.com;49991713042
6057c846b1076f0012b0;Bruno Cortes Vieira;brunocv_smo@hotmail.com;49991022241
604027d97d07280012eb;Marina Luiza Giongo;marina-lg@hotmail.com;46999412393
6057c7b44c38210013b1;Jian Cercena Gracietti;urbanize.engenharia@gmail.com;49991384854
6057c9b6b1076f0012b0;Carla Previde;carla_previde@hotmail.com;49991476632
6057cc476b1596001320;Leandro Janowitz;leandrojanowitz@gmail.com;49985029046
6057d14d7c15700012c3;Douglas Mota;motadouglas177@gmail.com;49998231426
605909ec7c15700012c4;Kamilla Arndt;kamilla.engenharia@hotmail.com;49984351090
6059134d4c38210013b1;Jean Michel Trebien;jeanmichel1990@hotmail.com;49988393838
60591532e6b1710012ed;Roberta Tirloni;marcielfacio2014.smo@gmail.com;49991589957
605923ca4c38210013b1;Claudia Freitas;claudiarenatafreitas@hotmail.com;49991729490
6009ec744a77a10012d6;Marilza Silva;eduardogomes1317@gmail.com;49991621166
601979bbe104d7001247;Tauana Karina;tauana_xd@hotmail.com;49999560784
605a57143b1b400012ed;Jhonatan Pergher;jhonatan.pergher@yahoo.com;49991362233
605a5f16c4fd8a0015d6;Jaison Bartz;jaisonbartz@gmail.com;49988903003
6010ce0840bb46001473;Cristina da Silva;cristinasmo93@gmail.com;49991424079
605a6305dfbe67001245;Marina Juvenardi Ignacio;marinajuig@hotmail.com;49998147312
605924cfd09c9f0013cc;Agnes Goncalves;agnestais6@gmail.com;51998241362
605bb32a99f63d0012c1;ALESSANDRO TIESCA PEREIRA;adv.tiesca@gmail.com;49991443315
60082ab5f76e430012ed;Cristine Sausen;cristinesauseno@gmail.com;49999387522
6026b00235ea7800123f;Gabriel Winter de Quadros;gabrielquadros2018@gmail.com;49999534573
605bba643b1b400012ed;Bernardo Brancker;bernardo965374@gmail.com;49991946688
5ebf2ee5d4152a00124c;Elicar Justino;elicarkj@gmail.com;99988845791
601073e040bb46001472;Bruno Kaliston;bruno.kaliston@hotmail.com;49999624283
605bc22303d23b00198f;Anna Flavia De Jesus Vidori;afvidori8@gmail.com;49984107110
60358af1c4c8f7001411;Raísse Soares;rahh.u2@hotmail.com;49991698880
605bcd9699f63d0012c1;Jênisson Lima;variedades@protonmail.com;49998287752
602576b4d281c200123e;Aline Cofferri;aliny_gba2011@hotmail.com;49991243771
600c967405e8fd001275;Juno Lauschner;jlauschner@icloud.com;49991917919
6019c9ce24a4b70013d4;Raquel X Ezequiel;ezequielmeireles2020@hotmail.com;49991112966
6011d0d03ad1fe0012dc;Gecica Alberton;gecicaalberttonn@gmail.com;49998094315
601dd2e97c0c18001440;Rosangela Maria Vargas;mariavargasrosangela@gmail.com;49991880752
605d0efb9b07dd00124e;Jéssica Oliveira;jeeeh.smo@gmail.com;49991466308
6032d4c94df3e2001204;Cléverson Ribeiro;g.w.promocoes@gmail.com;49991213919
601617cf1dfddb0012df;Aline Pinto Godinho;alinegodinho42@gmail.com;49991913134
605d1d57492d21001366;Suelen  Schneider;suelen.srs@icloud.com;49991694853
604fe2c04ded05001339;Tainá de Almeida;tainadfdealmeida@gmail.com;49991384243
605e2e6104c0f00012f8;Raielly Gruber Anesa Padilha;raiellyg@yahoo.com;49999980332
605e59a9aa11ca001279;Patricia Rost;patirost@outlook.com;49999473217
6009f508ad16070012dc;João Carlos Pereira;jcp2105@gmail.com;49991912722
605e567aaa11ca001279;Marinez Fabricio Fritzen;marinez.franciele.machado@gmail.com;49991388950
60509759ecc34a001447;Daiana Wrege;daiana.wre@hotmail.com;49988369486
605e5ebd5183be00128a;Laís Pivotto;ldpejv@icloud.com;49991011218
601402038a54080012ce;Suselen Carniel;suselencarnieltec@hotmail.com;49999418359
605e61081e0d3300120d;Emerson Martinelli;emerson-martinelli@hotmail.com;49984152494
605e60ceaa11ca001279;Lilian Bolfe;lilianghibolfe@gmail.com;49988657571
605527f56b159600131f;Jacson Marafão;jacsonmarafon@hotmail.com;49991058901
600eef1bfe59df0012a5;Júlio Tiezerini;julio@tznestudio.com.br;49998221601
605e62e03dd7c9001278;Sidnei Bamberg;sidi_bamberg@hotmail.com;49999728787
60131fb1c4fd03001494;Marici Nunes Both;mariciboth@gmail.com;49988148093
605e66b2b6e398001207;Chantrelle Zorzo Wronski;chanzinha_zw@hotmail.com;19983640804
605e664b3dd7c9001278;Sidimar Oliveira;sidijao@gmail.com;49988294899
605e67019fe20a0012ca;Sidinei Dorigan;sidineidorigan@gmail.com;49991580564
605e697bb6e398001207;Julio Cesar Gawski;daiah_smoh@hotmail.com;49991603122
6017142c6da7fe0012b8;Júnior Preis;junior.preis17@gmail.com;49998406521
605e8056b6e398001207;Matheus Baz Ulguim;matheusulguim@gmail.com;53981434603
600f435cdd85ce0012bc;Carla Bohrz;pontov@hotmail.com;49984000889
6018afbeb5580d00128b;Bruna Schaefer Sovrani;brunasovrani@gmail.com;49988369153
605f955d1e0d3300120e;Marta Cenci;martacenci@outlook.com;49991252437
605f9a9d3dd7c9001278;Omar Mahmud;omar.atendimento@gmail.com;49999072009
600a9677ce4f270012f3;Karine Gossler;gosslerkarine7@gmail.com;49991784427
603587aa4fddf300141f;Erika Schlichting;erikkaschlichtingcruz@gmail.com;49920001615
605fa7690c25af001221;Simone Winter Freiberger;simonewinterf@gmail.com;49999423172
604004c6aa118a001374;João Carlos Bueno De Camargo;joaogba_@hotmail.com;49991226835
601483da157c380012be;Patrick Andretta;patrickandretta@yahoo.com.br;49991181895
605fb6893dd7c9001279;Samira Bolsi;samira_bolsi@yahoo.com.br;49988789415
605fb69104c0f00012f9;Valmir Haugg;haugg.valmir@gmail.com;49991716865
6022fe75f2e00f00130f;Rafael Garipona;rafinha.garipona@hotmail.com;49988371223
605fb8e70c25af001221;Ivonete Rovea;ivoneteroveda@hotmail.com;49989238161
605fbcbf5183be00128a;Luciane Dall Agnol;lucianefd@yahoo.com.br;49988583854
60136adac4fd03001495;Fabricio Werner;fabriciopatrimonial@gmail.com;49991577962
601b553dd22fe70012e7;Cristiano Elias;tiano2001@icloud.com;49991911374
601493b394e99a001250;Aline Mara Soares Pereira;alinemara.soares@gmail.com;49985055651
601206c8f27a390013da;Monaliza Viapiana;mona.smo98@gmail.com;49991130361
6060f6045183be00128a;Gabriel Carlos Reckziegel;carmen_reck@hotmail.com;49988179041
6060f6c83dd7c9001279;Paulo Roberto Borsatto;prbsmo79@hotmail.com;49991203111
601079ce8b525a00123c;Daniel F. Bard;danielfbard@hotmail.com;49999984142
606106a80c25af001221;Patricia Da Rosa;patii.gba@outlook.com;49988088196
60610cc1aa11ca001279;Igor Zamprogna;igordini92@gmail.com;49991918668
606102f35183be00128a;FILIPE LUCAS DINIZ;filipelucasd@gmail.com;49998100201
600eca620621c3001230;Henrique Orso;levelupgames0312@hotmail.com;49991017100
606113f50c25af001221;Gilmar Camargo;gilmarmareco3@gmail.com;49991240076
60058ac7f76e430012ed;Marco Aurelio Kich;marcokich83@gmail.com;49998026525
6015ef0f1dfddb0012df;Valdirene Escobar;valescobarsgt@gmail.com;49991382620
60624cc2a2d4620012e2;Samuel Da Silva Araujo;samuhloko069@gmail.com;49991882157
6015e2279f5f700012e4;Fábio Paulo De Ross;fabiozascal@gmail.com;49999910607
60625a1f5183be00128b;Jean Carlos Teixeira;jean.carlosteixeira1@hotmail.com;49991737488
604a9e5fb4fc680013dc;Gabriel Felipe Ferreira Baggio;baggio025@gmail.com;49999455253
60623e783dd7c9001279;Fernanda Patrícia Schneider Balke;nandiqueti@msn.com;49988955230
605dc46b492d21001367;Danimar Antonio;danimarsantin@gmail.com;49991097078
606372ce4d0ed30013d0;Guilherme Prestes;prestesguilherme087@gmail.com;49999152551
605fb35b1e0d3300120e;Leonardo Fernandes;leonardo.fernandes.zappani@hotmail.com;49998414482
601368429134d10012a5;Analize da Costa;analizedacosta@gmail.com;49920017580
6064d9997b13fb0013f2;Camilly Gurkievicz;camillygurkievicz123@gmail.com;49991608610
6064de99fde878001212;Luiza Galelli Trampusch;luizatrampusch04@hotmail.com;49991341070
601084d0b7977000148d;Alex Marchezan;alexmarchezan15@hotmail.com;49991552549
6064f4079763c800132f;Tcharlles KaiseKamp;tcharlles_kaiser@hotmail.com;49991787296
604e953761b68d00121a;Vanessa Feraso;nessabio@gmail.com;49988312425
6064f716cd27ea001344;Isadora Secco martini;qpstw2bw8r@privaterelay.appleid.com;49998132934
605a0cf0c36658001254;Liliane Balbinot;lili.balbinot@hotmail.com;49988860770
60650bb48428e50012d8;Graciela Ritter;psicogracielaritter@gmail.com;49999581311
6019e29150363900127d;Bruno Barreto;brunobarreto_smo@hotmail.com;49992017718
606612452458f6001206;Alexia Aguirre;alexiadejesus2023@gmail.com;51997278187
606636b44b30710012a0;Fernanda Hister Pavanelo;fe_hister@hotmail.com;49988255490
60356db18fd6e600142a;Alan Acordi;alanacordi2016@gmail.com;49991641182
6015aed628e8ed001283;Vânia Mendonça;paulogheno@yahoo.com.br;49985032421
6066517e3b24f00012be;Sirineu José Kovaleski;sirineukovaleski@hotmail.com;49988948088
601b29f1d22fe70012e7;Rafaela Bertagnolli;bertagnolli.rafa@gmail.com;49991220235
60608c7b5183be00128a;Xandy Stoer;xandystoer@gmail.com;49991106226
60667c5ba8efda001256;Suély Thaís Bazzotti;subazzotti@yahoo.com.br;49988562726
60678390640c90001228;Jarbas Soares;js1989br@gmail.com;49991150115
60180bf89bab9400136b;Catia Lolato Franzon;catialolato@gmail.com;49991557375
6019c9c224a4b70013d4;Nayara Mota;nayara.a.mota@hotmail.com;49991616776
606790634b30710012a0;Fabio Giovano Leone dos Santos;fabio_leone1977@yahoo.com.br;55999105075
60679b70640c90001229;Eduardo Rostirolla;rostirollaedu@gmail.com;49988383529
60679bd27bd853001339;Joceani Cristina Saurin;crist_bx@hotmail.com;49999579095
60679c521af077001289;Camila Viapiana;cami.viapiana12@gmail.com;49991207613
6008b23af76e430012ed;Luciana D. C. Carossi;lucianadc853@gmail.com;49991181973
60679c7a2d2d4a0012b1;Thaislene Ribeiro;thaislenesr@hotmail.com;55996144033
60679fce7bd853001339;Nicolas Bacin Baron;nicolasbacin@hotmail.com;49984228680
6063a8fdd5c861001266;Anderson Saldanha;andersonsaldanhadeoliveira_@hotmail.com;49991218961
6067a13a640c90001229;Denise Daltoé Tregnago;denisedt@hotmail.com;49920007822
606666492d2d4a0012b1;Eduarda Bartz;eduarda.bartz068@gmail.com;49988189975
60089e7d5861ae00126b;Irinei Schneider;nei.schneider@hotmail.com;49991780442
6068da62f78a5200152d;Renan Gabriel;renankolln26@gmail.com;49991540042
6068dfb34b30710012a0;Juliane Zappani;julizappani@hotmail.com;49999016073
6068e1f5dd42ad001273;Annynha Brandão Roecker;annynhapbr@hotmail.com;47991795548
6068e4524b30710012a0;Daniela Filipini;danielafilipini@hotmail.com;49991340134
600a1473aefea5001249;Leandro Zanella;zanellasmoleandro@gmail.com;49992006640
6008caa85907de0012c4;Larissa Kelm;lalakelm@hotmail.com;49988955153
6068e8ad1af077001289;Vanessa Pelin;vanessa.pelin@gmail.com;49991910073
6027e31c924cc3001283;Mateus Nelson Oliveira;mateusnelson_@hotmail.com;49991120088
6068f7c32d2d4a0012b2;Cacieli De Andrade Carvalho Chies;cacchies@gmail.com;49984375463
5ce2a3516ca5c00011c8;Juliana Herbert;juliana.herbert@hotmail.com;49991821024
605fbb3204c0f00012f9;Maurício André Wolfart;mauricioandrewolfart@gmail.com;49988169812
605fb6ed1e0d3300120e;Verginia M Corassa;verginiamariacorassa@gmail.com;49988098889
6009e88451ef480012f6;Amanda Ferreira;amandaferreirasmo@gmail.com;49991871005
605a67118d503c0012f7;Eduarda Rossato;dudarossato@outlook.com;49998225522
600ab0ba7b892f001359;Marizete Vendruscolo Berti;marizeteberti6@gmail.com;49991226921
60143ff6518acd00125e;Eduarda Schaeffer Da Silva;dudaasch@hotmail.com;49991190266
601b3553a4cddb001388;Willian Camera;willian.caaaa@gmail.com;49988888515
606a391d1af07700128a;fernando Da Rosa;fernandodarossa@hotmail.com;49999235602
606a415c4b30710012a1;Angélica Pereira Bruckmann;angelica.p93@hotmail.com;49991073567
606a45af1af07700128a;Alisson Gaiardo;vicricker45@gmail.com;49920002982
606a482ef78a5200152d;Andressa Posser;dessaposser@hotmail.com;49991816001
604b93bbecc34a001446;Uesley Furlan;uesleyfurlan@gmail.com;49998291516
606a4f51f78a5200152d;Laura Capelin;laura.capelin@hotmail.com;49999841454
60661f46f9536d001209;Lucas Dal Magro;sussa_dm@hotmail.com;49999954813
606b9e716c8f18001aa9;Thamires Martini;martini.thamires@gmail.com;49988182318
606ba08d1af07700128a;Cleonice Marcos;cleonice.werlang@hotmail.com;49991442260
606ba1dcdd42ad001273;Miriam da Rosa;miriam_da_rosa@hotmail.com;49991349376
60690596dd42ad001273;To Com Fome;oliveiraemanoely23@gmail.com;11930332370
5d3255a36241e60012b9;Hevelyn K. Röpke;ropkeh@gmail.com;49991639625
600f5068a5c3620013be;Thamires Rodrigues;mitizoca@hotmail.com;49988481578
601753e055a79200128f;Everto Carlos Holleweiger;evertocarlos2011@hotmail.com;49991737251
601dcc6f12fd2f00142b;Franciele Antunes;franci24tempass@gmail.com;49991659219
5acaaac178ed2a000f4d;Eliane Pohlmann;eliane.pohlmann@bradesco.com.br;49991433362
6010222d0621c3001230;Juliane Diléia Sehn;julianedileiasehn@yahoo.com.br;49991244484
606cdd226209540012d9;Eduardo Nunhofer;dadosmosc@hotmail.com;49999985495
606ce75a04543700130e;Jonas Schafer;jonasschafer1@gmail.com;47997567080
606ceb3e4dd9260014e0;Leila F. Santos;leilasmosc@outlook.com;49991453177
606ce82104543700130e;Leandro Rissi;leandro@topo.ind.br;49999298909
601dccc812fd2f00142b;Luccas Pedro Ruschel;luccas483@hotmail.com;49991580688
60105c322d807500125d;Paloma Sousa;paloma.sousa2309@gmail.com;49988728690
606e27754dd9260014e0;Willian Matheus;willianmatheus.19966@gmail.com;49998344803
603ad9f6754e1d0012e6;Mari Adriano Barbieri;adrianobarbieri88@hotmail.com;49991181136
60171157c64316001291;Raquel Boff;lororaque47@gmail.com;49991665185
6008af32f76e430012ed;Roselei Rosanelli;roselei.rosanelli1997@gmail.com;49988687312
6011b9080621c3001230;Tatiane Bertotti;tatibertotti22@gmail.com;49984097233
606f87664b56ec0012ce;Leonardo Basei;gutobasei@gmail.com;49998176764
606f8947025f38001402;Celoni Balke;celobalke@hotmail.com;49988617939
6067cf184b30710012a0;Jeferson Dreyer;jefersondreyer41@gmail.com;49989173978
606f9727025f38001402;Alcione Schuck;alcioneschuck6@gmail.com;49991279209
6070ae87f1ac7e00126b;Cris Roecker;crysroecker@gmail.com;49984009001
601d62ef12fd2f00142b;Jaqueline Stroeher;jaque.stroeher@gmail.com;49988521118
6070d328cd62f9001265;Rosania Maria Pazzini;titarose069@gmail.com;49991222272
600b78bd5d7642001384;Paola Cristine de Bortoli dos Santos;paoola.cbs@outlook.com;49988748567
6070a1044b56ec0012ce;Carla Favretto;carlafavreto@gmail.com;49989018172
6070e1583ce2d000142c;Jandrei Lui;jandreilui@gmail.com;49991348714
605f9ad29fe20a0012ca;Beatriz Royer;biaroyer@gmail.com;49999072018
6070e901aa8d190013cc;Maira Klauch;mairaklauch8@gmail.com;49991745364
6070ecedcd62f9001265;Jean Pier;jean.jpl@hotmail.com;49991920383
6070f1393ce2d000142c;Letícia Helen;leticia_h_silva@estudante.sc.senai.br;49988193969
600962ac5907de0012c4;Evandro da Costa;evandrodacosta@gmail.com;49998166770
6013469f21c5b80012d1;Henrique Dyck Scariot;henriquescariot74@gmail.com;49989025718
6071fd02c058710012fa;Eroni Eroni;eronimoura82@gmail.com;49991959039
6070d522b9ce880012e0;Erlei Oberger;erleioberger@hotmail.com;49988182325
600f015bfe59df0012a5;Daiana Loro;daialoro.smo@gmail.com;49991128498
607218ea025f38001403;Chaiane Prates;chaianeprates@gmail.com;49991576518
605d00471a148c0012fd;Daia Trevizol Leandro Bernardi;daiatrevizol23@hotmail.com;49999821437
60721548b9ce880012e0;Lucas Finatto;beautykylie.store@gmail.com;49991951691
6015e052cb778f00127a;Jonas Luiz Derossi;jonasderossi99@gmail.com;49991773658
60721ffb025f38001403;Jonathan Tosti;jonathantoozti@gmail.com;47997840299
60722283b9ce880012e0;Mauro Pietro Biasi;mauropbiasi@yahoo.com.br;49988746645
60721fe0025f38001403;Angélica De Pizzol Wandscher;angelica.wandscher2020@gmail.com;49991841905
60721952c058710012fa;Cristiane Fröhlich Belló;cristianefrohlich@hotmail.com;49988443522
60149d2d1cdc64001222;Cassiano Marcos Rauber;raubercassiano79@gmail.com;49988346774
607226503ce2d000142c;Tati Damacena;tatiana_damacena@hotmail.com;49988001203
6071db67cd62f9001265;Janice Henz;janicehenz@gmail.com;49991293613
6018a98367de7c001313;Victória Ballico;victoriaballico@gmail.com;49991887664
60722c833ce2d000142c;Thaís Teresinha Machado;thais.tm9.tha@gmail.com;49991635767
60723093c058710012fa;Adriano Rodrigues da Silva;adrianokossman@gmail.com;49998010843
603841debfb3c500126c;Eliser Gustavo;elis.enpser@gmail.com;49998351355
6044130f517681001236;Filippe Brandalise;ak47glockcolt@gmail.com;49999756935
605692536b159600131f;Luis Henrique Bieger;luisbieger@hotmail.com;49991161704
600a1d5951ef480012f6;Pedro Alves;hd36222870@gmail.com;49991426555
60736dae025f38001403;Nicholas Zenatti;nicholas.zenatti1012@gmail.com;49988071207
607371cbb9ce880012e0;Joel Fritzen;joelautomoveissmo@gmail.com;49999888052
6071cbd9025f38001403;Riann Coletti;rianncoletti765@gmail.com;49998074945
601dbeb02b56e9001283;Aline Borre;alineborre@hotmail.com;49989236110
6017381f09f9b10012b3;Letícia Machado;leticiareginamachado6@gmail.com;49984265378
6073715d3ce2d000142d;Lucas Miguel Faliguski;lucas_faliguski@hotmail.com;49991193556
607381bec058710012fa;Luiza Frigeri;lufrigeri@hotmail.com;47996609476
6074d44bb9ce880012e1;Valmir André Cavanholli;valmirandresmo@outlook.com;49992020867
6075fce83ce2d000142d;Gisele Petry;gisele.ptry@gmail.com;49998090673
60761d8a025f38001404;Vagner Moreira da Silva;vagner.blendmarine@icloud.com;49999957131
60120b459134d10012a5;Caroline Mattana;carolinemattana@gmail.com;49991251615
60762f953ce2d000142d;Deisi Luci Haugg;deisihaugg1984@gmail.com;49991839449
6076386c4b56ec0012cf;Ana Lúcia Krilov Ritter;hanaritter@hotmail.com;49991954286
6076383daa8d190013cd;Jovani Santos;jovani.santos.smo@gmail.com;49988265959
605fb74bb6e398001207;Alex Silva;alextonida_silva@hotmail.com;47996473547
607766c74b56ec0012cf;Luis Fernando;luiswback@hotmail.com;49988408940
6011871180f2b0001263;Ivanilce Martinelli Westphal;ivanilcesmo@gmail.com;49999928331
607391b8b9ce880012e0;Mariza Benitez;mec_benitez@hotmail.com;49984279858
607764dbaa8d190013cd;Kamila Bello;kamila.jhon73@gmail.com;46991172799
60732b88f1ac7e00126c;Maira Cristina Tumelero Barbieri;mairatumelero20@hotmail.com;49991255882
60777d8ab9ce880012e1;Vinicius Mello;viniciusmello1998@hotmail.com;49998256590
60122640f27a390013da;Davi Peiter;davi.smo@hotmail.com;49991231589
60778d5af1ac7e00126c;Nadine Soder;nadine_soder@hotmail.com;49999320818
5bfb2bc91a23fd000f0e;Renato Lettrari;renatolettrari924@gmail.com;49984008435
600ad6f543ecd8001222;Bruna Siqueira Reinke;brunasreinke03@gmail.com;49991415141
600f3e27dd85ce0012bc;Rosane Silva;rosanerosisilva@gmail.com;49991414243
6078c34fd87127001b0e;Henrique Thomas;hgtoretto2@gmail.com;49998355108
60120a829134d10012a5;larissa rech;larissareck02@gmail.com;49991068878
60084bf02d33b3001299;Taira De Cristo;decristotaira@hotmail.com;49991031943
601d5e067c0c18001440;Aline Fantinel Simonetti;aline_fantinel@hotmail.com;49999461418
60303211143fcd001277;Alessandro de Oliveira;alezascal@hotmail.com;49984229548
607a01a9aa8d190013cd;Tânia Regina Ritter Wendling;taniarrw@yahoo.com.br;49991086045
6053a3e161b68d00121b;Elaine Rempel;lainerempel@gmail.com;49998214861
6025c105b4f7a2001239;Raíra Oliveira;davis2raira@icloud.com;21997068129
6025c105b4f7a2001239;Raíra Oliveira;davis2raira@icloud.com;49988774116
607a0a478a23e1001972;Alex Carlos Roveda;alexcroveda11@gmail.com;49988557517
6046b783217f0f001214;Adriana Paula Pedrotti;adrianapedrotti@hotmail.com;49991312171
6078c65cd87127001b0e;Marcelo Campana;smo12@hotmail.com;49984107062
607a0e4eb9ce880012e1;Sérgio Geovanni Anesa Jr;sergioanesa@gmail.com;49999318878
607a1086d87127001b0e;Quesia Wüsch;quesiawusch@gmail.com;49991983605
607a1117cd62f9001267;Sabrina Gabriele;sabrina.gg@unoesc.edu.br;49991673778
6008d8bef76e430012ed;Rafaela Bedin Siebel;rafaelabedins@hotmail.com;49999091107
6018989d9bab9400136b;Paulo Mittmann;paulomittmann@outlook.com;49984373248
607a1b393ce2d000142e;João Vitor Pichetti;joaopichetti11@gmail.com;49984169004
60440878517681001236;Kalinca Marques;suh.smo@gmail.com;49991220587
601a61a0e104d7001247;Carlos Ricardo Paladini;carlospaladini@icloud.com;49991686839
6048df85517681001237;Adriana Paula Henz zatti;adryzatti@hotmail.com;49984000280
607b26c88a23e1001972;Edivaldo Morandi;edivaldomorandi12@hotmail.com;49991131643
60109b6a1e0063001305;Matheus Bueno Rasche;matheusrasche@outlook.com;49984292079
60084c4d5907de0012c4;Dionatan Genevro;genevrodionatan@gmail.com;49991384524
607b5f303ce2d000142e;Maria Doraci Oro;mariadoraci2005@yahoo.com.br;49999165293
607b63562acf16001999;Lucas Arato;arato_1@hotmail.com;49991697902
607b67778a23e1001973;Cristian Rafael Lazarotto;bourscheidttatyane@gmail.com;49920007392
607b6f12d87127001b0f;Iva Alba;ivonesalba@hotmail.com;49998217222
607b681c8a23e1001973;Dilenir Varela Tiago;tiagolaradilenir@gmail.com;49991397724
60567d827c15700012c3;jheni c;jhenivalladao@icloud.com;49920018575
607b8ef18a23e1001973;Nathy Santos;japatd2mt@gmail.com;49999631825
607b92a0b9ce880012e2;Emily Amanda;clecimoraes467@gmail.com;49991976037
607ca8c1ac3f75001209;Francielly Brunismann;francy_smo@hotmail.com;49991415141
607cab0baa8d190013ce;Pamela Pinheiro;pamelapinheiro10@hotmail.com;49991854880
607cacaeac3f75001209;Karine Guinami;ka1guinami@gmail.com;49991945114
60186ac4b5580d00128b;Bruno Bottcher;brunokaiulo@gmail.com;49988904742
600830b8f76e430012ed;Caroline Marin;liinemarin@hotmail.com;49988246652
607cbe472acf16001999;Mateus Henrique Schoenmeier;mateusschoenmeier20@gmail.com;49991846549
60562a4fd09c9f0013cb;Elis Teló;elistelo@icloud.com;49999143585
607df57d35475000140d;Marcia Camargo;marci.11camarg@gmail.com;49991989598
607a13a83ce2d000142e;Gabriel Felipe Dreon Decandido;gabrielfelipedreondecandido@gmail.com;49999796558
607e15752acf16001999;Vanessa Horst;vh7850766@gmail.com;49985038921
607e2bd5025f38001405;Bruna Vargas Kofer;bruna1997mh@gmail.com;49988446971
607f21adb9ce880012e2;Ana Carolina Colba;colba_ana@hotmail.com.br;49988518097
6011d0e480f2b0001263;Juliana Possamai;fuchs.juliana@gmail.com;49999585881
601723886da7fe0012b8;Luis Henrique Kochhann;luis19kochhann@gmail.com;49999649250
600858be2d33b3001299;Sidnei Elaine Sacardo;sacardoadm@yahoo.com.br;49984267091
607f5702aa8d190013ce;Raquel Frandoloso;raquelfrandolosoadv@gmail.com;49920005644
607f5740025f38001405;Thiago Scaravonatto;thiago.ctecnico@gmail.com;49991068369
601d632112fd2f00142b;Eduarda da Silva;eduardadasilva68@gmail.com;49998290010
60724327f1ac7e00126c;Pablo Schoingele;pablo_schuingele@hotmail.com;49999536331
601b5084d22fe70012e7;Andréia Fiorini;andreia_fiorinibomfim@hotmail.com;49991200091
607f6e05ac3f75001209;Leonardo Vieira Dias;leonardovieiradias@outlook.com.br;46991117667
60118803b7977000148d;Gustavo Rezende Aguiar;gustavorezendeaguiar@gmail.com;49991361337
601b314ee5ae380012c3;Heloísa Pigatto;heloisapigatto2003@gmail.com;49991817125
6011e40d0621c3001230;Maryzete Harnisch;marizeteharnisch9@gmail.com;49999251446
60809ed32acf16001999;Luiz Henrique Decker Kegler;luizhdk@hotmail.com;49988066642
6080a29b2acf1600199a;Karine Muraro;kaari_smo@hotmail.com;49988931696
60104365ee2f4e001244;Emerson Pierezan;pierezansolucoescontabeis@gmail.com;49998117123
6080a311cd62f9001268;Franciele Amalia Agostini;agostini.franci15@gmail.com;49984171701
6080a55daa8d190013ce;Rosane Da Costa;rosanedacosta964@gmail.com;49991149659
606ceeb36209540012d9;Bruna Oseias;wahlbrink20190@gmail.com;49991956333
606a4ad7f78a5200152d;Vitor Mocellin;vitormocellin@gmail.com;49991644540
6080afa1aa8d190013ce;Richele Gonçalves Gizéria;richelegizeria@hotmail.com;49999495760
604d6870ecc34a001447;Franciele Fagundes Dos Santos;francielefdossantos@gmail.com;49999211600
60133d303ad1fe0012dd;Keli Zottis Eger;zottisk@gmail.com;49998212497
6081ed8d08a23a001384;Catia Pompermayer;catiapompermayerloch@yahoo.com.br;49999871479
6081f0b0ac3f7500120a;Gessica Gelci Rucks;gessicarucks@gmail.com;49988179408
6081f4df6b2da80013f4;Cleusa Bernardete Wathier;cleowathier@gmail.com;49999050826
6081f74608a23a001384;Gabriel Paim Lisboa;gabrielpaimlisboa@hotmail.com;49989174675
6080ac4bac3f75001209;Eliezér Uhlmann;uhlmanneliezer@gmail.com;49989123038
60187a3355a792001290;Carla Ciceri;padilhacicarla@gmail.com;49991046217
60833b0a99c5530014f5;Sandra Regina Walginski;sandrawsmo@gmail.com;49991652979
601574672a605d0019b6;Jenifer Batista;jeniferbat1993@gmail.com;49988125488
5f5974310471bf00126a;Rubens Basse;rubens.proj@gmail.com;54991839802
60833546725f9c0019b0;Ketlyn de Paula;ketlynepaula@hotmail.com;49991469542
603ad18d0773aa00124c;Eliege Fátima Kopsel;eliege.acordar@hotmail.com;49991424128
6083486568d266001245;Mariza Faccio;mariza_faccio@hotmail.com;49988523306
608346536b2da80013f5;Juliana Tussi;julianatussip@hotmail.com;49998051970
605a5753c36658001254;Gracieli Regina Giacomelli Tiesca Pereira;gracieli.tiesca@gmail.com;49991960876
60834b3099c5530014f6;Marilei Da Silveira;marileisilveira123@gmail.com;49998228872
60834d6eac3f7500120a;Raqueli Ody Peiter;raquely.smo@hotmail.com;49998012292
6083537d08a23a001384;Sabrina Parise;parisesabrina000@gmail.com;49991362652
60835c866b2da80013f5;João Gabriel Spiecker Wagner;joaogabrielspieckerwagner@gmail.com;49991510995
608364586b2da80013f5;Bruna Rauber;brunaarauber@hotmail.com;49991729692
6000eb8603c4620012a5;Emely Wolfarth;emely.wolfarth@gmail.com;49991136787
6081c0c582a85800120c;Bruna Bulla Colle;y8xpp5zpxd@privaterelay.appleid.com;49988267833
607b64902acf16001999;Tatiane Zanella;taatty_zanella@outlook.com;49988916003
60259f4823d697001258;Caciane Perin;caciperin@hotmail.com;49988184008
60848c2b99c5530014f6;João Gabriel;joaog.balbinot@gmail.com;49991454306
6083492699c5530014f6;Caroline Rasche;carol_rasche@hotmail.com;49988611919
60087bd36a7262001222;Gabriela Bonamigo;gabrielabonamigo85@gmail.com;49991500627
60848e5dac3f7500120a;Leonardo Favero;leonardofaverovieiradasilva@hotmail.com;49991935559
60089e77f76e430012ed;Giseli Pereira;giselipr@8gmail.com;49991112369
608340a308a23a001384;Leonir Bello Jr.;leonir_bello@hotmail.com;49988080950
6028624f91f46b00149a;Diego Rafael Toldo;diegorafaeltoldo@gmail.com;49991465654
60848f8299c5530014f6;Paulo Roberto Schneider;paulo_marci@hotmail.com;49999987009
60849a00ac3f7500120a;Camila Coletto;eucamilacoletto@hotmail.com;49991262662
60849ef1725f9c0019b0;Franciele Fidelis Starck Fritzen;francistarck@hotmail.com;49988525774
6084a0bb31b55e00139b;Dionathan Kamila Fonseca;dion.fonseca@gmail.com;46991193542
6033c25329ad0e0013c6;Bruno Araujo;3ar4ujo@gmail.com;21980690638
6084a3bc08a23a001384;Gustavo Tedesco;tedescogustavo652@gmail.com;49998191117
6084a04c725f9c0019b0;Marcelo Bernardi;marcello_smo@hotmail.com;49991708636
6084af6931b55e00139b;Caroline Kuhn;carolinekuhn_@hotmail.com;49999251060
600c5ff705e8fd001275;Gabi Dal Magro;gaabi.dm@gmail.com;49988064480
6085ccb499c5530014f6;Elaine Genuino Grokt;elainegrokt5@gmail.com;11995504838
60195b7550363900127d;Carine Balbinot;carine.balbinot@hotmail.com;49991081119
6085de8c99c5530014f6;Rosi Jeziur;rosileijeziur@gmail.com;49991804008
6084b23a725f9c0019b0;Kelli Signor;nkcwtvdkkd@privaterelay.appleid.com;49988340808
6085e1816b2da80013f5;Gustavo Andreatta;gustavo.andreatta@hotmail.com;49984144004
6019c700d73a9f001274;Aline Martini;alinecarlamartiniherbert@hotmail.com;49991191254
601434302a605d0019b6;Davi Ereno;erenodavi2@gmail.com;49999078916
6085ed546b2da80013f5;Eduardo Vantoir Feraso;duduferaso@hotmail.com;49988466564
600f675afe59df0012a6;Daiany Martins;mmartinsdaiany@gmail.com;49999185162
6085f18a6b2da80013f5;Carina Schneider Daniel;carina19071997@live.com;49984314373
6085f94d725f9c0019b1;Everson Brun;everson.brun5@gmail.com;46999426754
60736c6e025f38001403;Luiz Henrique;neskauzinbr@hotmail.com;49991022241
600759ed742a82001432;Marciana Maziero Nascimento;marcianasmo@gmail.com;48998138248
6085fc95725f9c0019b1;Maria Eduarda Wesendonck;maria.e.wesendonck@hotmail.com;49988119395
6008c5cb4c00880013e5;Gabriel Cichelero;cicheler0@hotmail.com;49998257488
60861550725f9c0019b1;Marcos Maziero;marcosmaziero1997@gmail.com;49991521598
600f3f05fe59df0012a6;César Alexandre Brune;cesaralexandrebrune123@gmail.com;49991644587
608739847aa454001230;Gilveston K. Glass;gilveston@hotmail.com;49991776875
60873f9979a6bd00146a;Guilherme Erlo;gui.gremio90@hotmail.com;49991453122
608744f97e1dc3001218;Alex Fernando Nora;alexfernandonora@gmail.com;45984027216
608888f82bc2170012d4;Alini Dassi;ally_dassi@hotmail.com;49985015094
5ada639978ed2a000f4d;Debblye Pikula;dedeblye@hotmail.com;49991262825
608891c18d30b1001236;Gildo José Leal Cardona;yumesc1@gmail.com;49991165061
600f4cb8a5c3620013be;Suelen Moreira;sueelenmoreira@gmail.com;49988282647
5c1fe2c0f4bc9600113e;Amanda Manfrin;amandamanfrin66@gmail.com;49999048752
5b7c8dd020a518000fc6;Natália Boff;natiboff@hotmail.com;49991150543
5b7c8dd020a518000fc6;Natália Boff;natiboff@hotmail.com;49999590045
6088900e2bc2170012d4;Tacio Aumeri Garbin Capitanio;fftmtcq56m@privaterelay.appleid.com;49991485685
6089dc65f3222c0013e4;Rafael Diana;dianamarcianapasa@yahoo.com.br;49989223703
60764cb73ce2d000142d;Danusa Manica;danusamanica@gmail.com;49999941898
6089eb2f50051200147e;Tais Bianchin;taiswol14@gmail.com;49999955953
6089fb4250051200147e;Letícia Stieven;leticiastieven@hotmail.com;42998468380
607b7331aa8d190013cd;Jéssica Stöer;jeh_stoer@hotmail.com;49991219125
601881ae9f5f700012e5;Josi Kossmann;josiane123haboski@gmail.com;49991212985
6008a66a5861ae00126b;Clara Cristina Ansolin;claraansolin@gmail.com;49991091168
604a7074301be4001323;Ruan Petry;ruan_petry@outlook.com;49991342059
607a0c6c8a23e1001972;Naiana Pasa;naianapasa@hotmail.com;49991090687
60804de8025f38001405;Itamar Fleck;fleckitamar@gmail.com;49991341440
6086aabf68d266001246;Gustavo Henrique;guhofgu@hotmail.com;49998033098
6014769a157c380012be;Elias Bino;eliasbino1977@gmail.com;49991561932
600ef235ce5c3200127b;Guilherme Dorneles;guidorneles91090232@gmail.com;49999426309
601093f040bb46001472;Jéssica Luana Arcari;jeeharcari@gmail.com;49991340726
600d7230bf9e1a0012a6;Amanda Loesch;amanda.loesch@hotmail.com;49991870016
608c7ee786b93e001279;Ieda Schnorrenberger Trentini;ieda.schnorrenberger@gmail.com;49991397858
608c80125f0d6100127a;Elizandra Klein;elizandraklein@yahoo.com.br;49988311025
6064c022292a16001223;Marciane Tessaro;marcianetessaro@hotmail.com;49991187991
608c826fea35b30012aa;Simone Da Costa;sicosta.adv2@gmail.com;49984264011
6008af4ef76e430012ed;Sandra Demarchi;leilaneramos169@gmail.com;49999200489
60102e068b525a00123c;Eduardo Koop;kooop@live.com;49984141977
6070ecc5c058710012fa;Aline Schneider;vianaschneider@gmail.com;49991238704
6089bb36b50b1800132e;Andressa Ghisleri;andressa_ghisleriira_@hotmail.com;49998280130
6042c5cd517681001236;josiane Da Rosa;josiane.morena986@gmail.com;49988160907
60552ed77c15700012c3;Maira Novello;mairanovello23@hotmail.com;49999746003
6070b4c9cd62f9001265;Jaína Silveira Furlan;jaina_furlan@hotmail.com;49991845859
608c931e7e9a4900135d;Eduardo Fantin;javornik.fantin@hotmail.com;54984450603
608c94c0d16a8c001301;Aziéli Cristina Scopel;azielis.c@hotmail.com;49991193524
608c9858b3a911001211;Roberta Gabiatti Dalmagro;ccsmzh7s4r@privaterelay.appleid.com;49991589294
6016be809f5f700012e4;Douglas Felipe Schroeder;douglassmo14@outlook.com;49998168724
60876bb6e24d1b001302;Vanessa Schmidt;vanessa.luana22@outlook.com;49991555023
6029888ecfdab5001298;Gustavo Wandscheer;gustavomwandscheer@hotmail.com;49991735785
60185916b5580d00128b;Marcelo Stanga;marcelostanga@gmail.com;49999752819
60172e6451d451001367;Luiza Cristina Lorencett;luizalorencett@gmail.com;49999022366
608dd39486b93e00127a;Edione Simon;edione_simonp@hotmail.com;49988470299
608dce3eb3a911001211;Edesio Martins;edesiosmo@gmail.com;49999714219
602ae2d131ba2000139b;Emmanuel Filippi;kalledgames123@gmail.com;49984001467
6080a3dbb9ce880012e2;Kamylla Dayanne;kamylladayanne4@gmail.com;49991157141
608dd7025f0d6100127a;Saullo Gabriel Andriollo;saullogaabriel@gmail.com;49988487375
608dd7f87e9a4900135d;Simone Henkes;simonehenkes0805@gmail.com;49991592884
608dd8ea288ba90012cb;Bernardo Celuppi;beceluppi@gmail.com;49991819292
608becbfea35b30012aa;Luiz Antônio Pancotte;lpancotte@gmail.com;49991799180
6047fb685e869b001368;Lucas Da Silva;lucasitanhaem@hotmail.com;49991141921
6051345761b68d00121b;Carolini Lalisse Heinz;carol_heinz@hotmail.com;49991037693
608de5c57e9a4900135d;Mayane Samara Amancio;mayane.amancio@icloud.com;49989172552
608dea472a8b010012a1;Paulo Henrique Coelho Rodrigues;paulocoelho2201@gmail.com;49991588869
608d8b20b3a911001211;Ana Paula Dhein;ana-paula-dhein@hotmail.com;49991999509
608f1c4b5f0d6100127a;Rayza Sousa;rayzadesousalima@gmail.com;49999040969
608f22dc86b93e00127a;Luiza Wandscheer;luizawandscheer@gmail.com;49988877675
608f228bb3a911001212;Fernanda Machado;fernanda_01machado@hotmail.com;49991438042
608f176c86b93e00127a;Izadora Da Silva;dasilvaizadora70@gmail.com;49999401366
600fe64a0621c3001230;Rogério Antonio Blank;rogerio.blank76@gmail.com;49988437202
608f27a85f0d6100127a;Guilherme Rasche;gui_rasche@hotmail.com;49988333373
604be47461b68d001219;Eduarda Franzosi Lovato;dudalovato2012@gmail.com;49999144513
608dea4a5f0d6100127a;Jociane Bortoncello;jocianebortoncello@yahoo.com.br;49991215329
6012c1773ad1fe0012dd;Willian Barbosa;cantorwills@gmail.com;47999306207
608f32b9288ba90012cc;Leonardo Zanin;leonardo.zanin@hotmail.com;49991832932
608f361a288ba90012cc;Jaqueline Stefanello Giglioli;jaquesgiglioli@gmail.com;49984344747
608f370186b93e00127a;Luísa Heck;lu_heck@hotmail.com;49988456581
608f35a02a8b010012a2;Adrii Faria;adriifaria01@gmail.com;49991973957
60906680b3a911001212;Eduarda Silva;eduardadasilva401@gmail.com;49984255535
60907486d16a8c001302;Anderson Mulinari;andi.mulinari@hotmail.com;49988046461
6090759686b93e00127a;Maria Eduarda Nascimento Ramos Ribeiro;nascimentoramosmariaeduarda@gmail.com;49991079215
6057c3d4b1076f0012b0;Arthur Rezene;arthurrezene686@gmail.com;49991792255
609082c62a8b010012a2;Alexandro Fernandes;alienx015@outlook.com;49984383701
60908c525f0d6100127a;Mariane Isabelly Casaril;mariichood@gmail.com;49991768894
6090911886b93e00127a;Michele Cristina Câmara;mixi_194@hotmail.com;49998008535
609146d6b3a911001212;Eliz Spironello;eliz.cesjo@gmail.com;49999601513
607f529eac3f75001209;Taisso Conceição;kimtaisson@gmail.com;49991162805
6091cdedd785d90013e4;Ivanete Schneider;ivaelcio_smo@outlook.com;49991534446
6091d10ce23efb001439;Eliana X Cleber;cleberpereiraleao710@gmail.com;49984050945
6091d10ce23efb001439;Eliana X Cleber;elianaclebinho1704@gmail.com;49984050945
601b2bb0b995af00126e;Viviane Luciano;vivianeluciano31@gmail.com;49998038496
603d6ed1d2f238001285;Jessica Silveira;jetaissilveira@gmail.com;49992009985
60930e33c1035c001282;Lucas Machado;lukinhas2015machado@gmail.com;49985026911
600b39dcde7f20001298;Silvane Cardoso;schmitzcardoso@gmail.com;49984039053
6068e7fe7bd85300133a;Jucara Sirtoli;jucarasirtoli@gmail.com;49988233570
608c5cd886b93e001279;Maurício Bernat;mauriciobernat@hotmail.com;49991991888
6043ef958d705700125c;Matheus Staub;matheusstaub8@gmail.com;49991713467
60738201025f38001403;Vanessa CarolinaBonatto;vanessa_bonatto@estudante.sc.senai.br;49984337398
60932583c1035c001283;Elói de Pellegrin;eloidepellegrin@hotmail.com;49991589155
609325d7755c4a00121c;Muriel Vendrame;murivendrame@icloud.com;49998146375
6033e5f84d6afb00126a;Caroline Scariot;carolncc@hotmail.com;49998058351
600994584a77a10012d5;Cristian Pablo Pivatto;crisppivatto@icloud.com;49991625619
6092e54579cf6a00130b;Felipe Bleutew;felipekuhn19@gmail.com;49988799876
609460c9cce18800129c;Ana Cláudia Graff Ariotti;anaclaudia.ariotti@outlook.com;49988700734
6086383e6b2da80013f5;Ana Clara Rios Pereira;rnvydmtkz9@privaterelay.appleid.com;49988087686
6025b17023d697001258;Valmir Schenkel;valmirschenkel@hotmail.com;49999821986
609464f3c57eea0013b1;Lígia Sachette;ligiasmo@hotmail.com;49988276227
60946863ceb60d00124b;Gabrieli Moser;gabrielimoser@yahoo.com.br;49984172307
60947325c57eea0013b1;Eduarda Berndt;eduardaberndt@gmail.com;49991919678
60947a7bc1035c001283;Alex Oliboni;alex.oliboni90@gmail.com;49988348650
5d7976aaa1b8f10012de;Thainá Gasperin;thai_smo@hotmail.com;49999168714
5b4e92cdb9a4be000f30;Eduardo Henrique;duuh270@gmail.com;49999539760
6016037ed12d61001284;Isma Maia;isma.maia7@gmail.com;48988352445
60959f82c57eea0013b2;Karine Sulzbach;karininha.smo@hotmail.com;49991410422
600a2bacf0e2230012a7;Angela Matia;angela-matia@hotmail.com;49984276420
6095950bc57eea0013b2;Andrio Dall Agnol;andrio85@yahoo.com;49991091211
601b1621d22fe70012e7;Elisangela Barbieri;q9nvkdtj3e@privaterelay.appleid.com;49991101210
601db194c861250012eb;Paula Roman;paula.r.andreis@gmail.com;49991346656
6031264ba6e835001273;José Buss;josebuss20@gmail.com;49999361902
6095c9c52f231b0015a2;Jaqueline Nunes;jaquelinenunes1404@gmail.com;49991891119
6095ef97ceb60d00124b;Cleber Leandro Falcao;cleberfalcao97@gmail.com;49999418505
60970abfa1a4060019e9;Miria Isabel Pirola;miriapirola@gmail.com;49988770615
60970ad4755c4a00121d;Daniel Panizzon;danielpanizzon@gmail.com;49991432818
60970e3acce18800129d;Tânia Elisa Mascarello;taniaellisa@hotmail.com;48996591732
6077ac86b9ce880012e1;Jovani Cavagnol;jovanismo@yahoo.com.br;49984124878
603283688fc1bc001297;Claudemir Dalsotto;claudemirdalsotto@hotmail.com;49991567200
609713eccce18800129d;Rubia Roman;rubiaroman1604@gmail.com;49991592126
6010beb12d807500125d;Pablo Grassi;pablograssi2@gmail.com;49991688831
6096e0f0c57eea0013b2;Gabriela FERNANDA;gabihfernandaa@gmail.com;49985014507
606a386d53d864001233;Marina Alessio;marina.alessio_smo@hotmail.com;49991431091
60971a2605a40b00133d;Ana Maria Do Nascimento Sousa Neta;anamarianeta450@gmail.com;49988487053
60971a24a1a4060019e9;Gleika Maiara Kuhn Mocellin;gleikamaiara@yahoo.com.br;49999827092
603c01a8ca7082001208;Adrianno Faccin;adrijsjsmajjs@gmail.com;49988238427
60972347a1a4060019e9;André Thalheimer;andrethalheimer28@yahoo.com.br;49991141634
609723b2c57eea0013b2;Morgana Kremer Da Silva;kremer_morgana@hotmail.com;49998409992
6094764bcce18800129c;Francisco Jovenato hOnorato;franciscojohonorato@gmail.com;49999286907
60984abdc57eea0013b2;Cleiton Dos Santos;cleiton10_santos@hotmail.com;49991264586
6086fc97b26b090014a5;Sirlene Maria Werna;sirlenemw23@gmail.com;49991823128
60985b53c57eea0013b2;Angélica Breda;angelicamendesbreda@gmail.com;49991337581
60985d7f755c4a00121d;Vânia Kelly;vaniakelly4635@gmail.com;49991954120
609857f9cce18800129d;Aionny Pikula;aionnypikulaa@yahoo.com.br;49991219398
60985fd4a1a4060019ea;Yasminne Marolli;yasminne1@hotmail.com;49991752260
608b049d256cdc001295;Gustavo Schons Bueno;guhstb@gmail.com;49984086566
60987537c57eea0013b2;Bruno Gabriel Dos Santos;bg40762@gmail.com;49920009682
6098848405a40b00133d;Ana Forgiarini;anaforgiarini5@gmail.com;49999448513
603666215d8d530012a5;Anderson felipe Andrade;anderson__felipe17@hotmail.com;46999350093
6011ece83ad1fe0012dd;Sabrina Gawski;sabrinagawski@hotmail.com;49998142979
601c7cdeccb78300139c;GISABEL HERMES;gisabelhermes@gmail.com;49988137075
609b12ca21f46f001307;Anderson Meirelles;anderteen@gmail.com;49991171184
605e78473dd7c9001278;Kelvi Wronski Hennig Kuru;kelvison.hennig11@hotmail.com;49991206273
609c50ac1b0311001269;Drykka Dias;adrielledias703@gmail.com;49991121945
601d5bad2b56e9001283;Wesley Bueno;wesleybueno07smo@gmail.com;49999697838
608b2fc1bb64d8001216;Shelda Pinheiro;sheldapinheiro@hotmail.com;49991733546
609c5a9d21f46f001308;Cristiane Mara;cristianemarasc@hotmail.com;49999131931
609c5eb6a9b17e00124d;Viviane C. Lösch;vivianelosch475@gmail.com;49991917001
6057c1cce6b1710012ed;Gisele Bernardon;gisalbernardon@gmail.com;49991120950
609d7031624f28001322;Lucas Wronski;lucas.wronski07@gmail.com;49920006754
600b50077b892f001359;Andreia Regina Ternus;deya.maria25@gmail.com;49991764709
609d8ba45e32d80013c3;Izabela Mustifaga;izameau7@gmail.com;49999151185
609d9fb721f46f001308;Luis Henrique Baptista;luis.henriquebatista@hotmail.com;49991594937
60772e8c3ce2d000142d;Anderson Balt;andersonbalt@hotmail.com;49991089505
5e6e40e71575800011da;Eduarda Machado;vidudamachado28@gmail.com;54918455855
609db5015e50e10019c2;WyllyaneAndreia Estrapassola Trindade;wyllyantrindade@hotmail.com;49988003480
5c2fc50f6c7db800117e;Mauricio Verissimo;mauricioverissimo65@gmail.com;49991286981
609dc4192236c200139f;Greici Keli Moserle;moserlegreicikeli@gmail.com;49991590881
602fbb092a9cde00122c;Maria Gabriela de Rocco;mgabiderocco08@gmail.com;49988682716
60259d83b4f7a2001239;Nathalia Dalmina;v3ey9c8ut2@privaterelay.appleid.com;49988701176
609eef1542d3ee0013bb;Kassie Wandscheer;kassi_tequi@hotmail.com;49988738684
609dd55a1b031100126a;Angela Spies;angela.spies@hotmail.com;49991765404
609ef4f11b031100126a;Josiani Berti;josi-berti@hotmail.com;48998246471
609c669021f46f001308;Ciniria Pinheiro;cimiriaprissi@gmail.com;49999164499
609c669021f46f001308;Ciniria Pinheiro;ciniriap2@gmail.com;49999164499
609efed95e32d80013c3;Anderson Godois Ribeiro;adrianogodoisribeiro12@gmail.com;49991982509
602303b3f2e00f00130f;Kamila Marcolin;kamilamarcolin@gmail.com;49991162839
601b27dbb995af00126e;Josiany R Moraski;charles.daniel.birkheuer@gmail.com;49989215705
60101c441e0063001304;Jordana Silva;jor.dana.s1@hotmail.com;49991344131
609f040442d3ee0013bc;Josiane Bueno;josiane.24smo@gmail.com;49984113527
609f11fa21f46f001308;Elias Araujo;praelias@hotmail.com;49984082440
609f211921f46f001308;Marlise Carvalho;ise.smo@hotmail.com;49991631081
609fdbd81b031100126a;Natalia Grando;nataliagrando.gn@icloud.com;49998172399
6084b35b725f9c0019b0;Elizandra Paganini;elizandrapaganinifrigeri@hotmail.com;49999989409
600d7cd7d22cb000126f;Angela Schlindwein;angecamy@hotmail.com;49991454382
603457fa29dcb50013ef;Suelen Cristyna;suelencristyna47@gmail.com;46999312729
6092fbf5c1035c001282;Eduarda Engels;dudaengels@gmail.com;46999147025
60a033252236c20013a0;Claudia Zorzi;claudia_zorzi@hotmail.com;49991191196
60a0404d7a23ed0012ff;Larissa Folmer;laari.folmer@hotmail.com;49991317130
6081a54c31b55e00139a;Fabricio Cella;fabriciocellaprogresso@gmail.com;49920016062
60a01dd75e50e10019c3;Ezequiel Pedro Pacini;ezequiel.pacini@hotmail.com;49988322101
600ad74ade7f20001298;Marli Ramos;ramosmarli540@gmail.com;49991436043
601705edc64316001291;Lis Bernardi;liisbernardi@gmail.com;49998199728
60a0497121f46f001308;Elias Neves;en36119@gmail.com;49991313332
60a0177f21f46f001308;Thacila Pavan Barbosa;thacilapavan22@gmail.com;49988236169
600cd7a405e8fd001275;Maiane Maria Barbosa;maianebarbosa2011@hotmail.com;61995154914
6013341f3ad1fe0012dd;Simone Rodrigues;simone22.smo@gmail.com;49998072020
60a04e9642d3ee0013bc;Josiele Soares Buffon;josieli_smo@hotmail.com;49998038983
609f14ba5e32d80013c3;Dieimis Erlo;dieimis22@gmail.com;49999277318
60a055f71b031100126a;Maria Eduarda Pawlak Berti;mariab.pawlak@hotmail.com;49988379003
60a05ed25e50e10019c3;Hailla Hammes;haillahammes@hotmail.com;49991017503
60a05fd12236c20013a0;Edersonfelipe França;edersonf674@gmail.com;49999431082
607cc7e8025f38001405;Jacqueline Ramos;s.jacqueline98@icloud.com;49988887349
60a091f25e32d80013c3;Rita Inês Zardo;ritaineszardo56@gmail.com;49991530190
60a18d925e50e10019c3;Karen Palú;karenrevers@yahoo.com.br;49991365353
60a197e47a23ed0012ff;Andrielle Brenda Robson;robi.smo@hotmail.com;49999453974
600a1e767b892f001359;Jéssica Fernandes;jessicafernandes273037@gmail.com;49988491361
5d16a4342306670012d5;Eli Pelissari;eli_pelissari@hotmail.com;49991849086
607a5eee2acf16001999;Raquel Garcia Mossolini Schmidt;raquelschmidt22@gmail.com;55984211610
602419f242e8600012dd;Maikon Borges;maikonjkborges@gmail.com;49991857183
60a2eb24071ba10012d7;Guilherme Hammes;agenciahamcom02@hotmail.com;49988542252
60a2ec3e56811f001309;Tais Cristina Belegante;taisbelegante@hotmail.com;49999562562
605a67ca99f63d0012c1;Emanuelle Ecco Ribeiro;emanuelle_04@hotmail.com;49988326464
60a43ba33965d000123b;Gilson Pedro De Oliveira;gael.oliveira014@gmail.com;44997280038
5b89e6f426c92a000ff9;Maria Eduarda Mileski;dudamileski@hotmail.com;49991375761
60a435343965d000123b;MARCELO FRANCO FOPPA;vczwgwxk4w@privaterelay.appleid.com;49984036228
60a44b0184d50c001298;Vania Elisa Pedrotti Alves;vania_smo@hotmail.com;49999514641
60a451fa3965d000123c;Jeferson Douglas Dos Santos;jefersonsmo2021@gmail.com;49991894683
60a451fa3965d000123c;Jeferson Douglas Dos Santos;jefersonsmo2021@gmail.com;49991391548
60a51ce484d50c001298;Katia Diana Dill;katia_diana@yahoo.com.br;49991248747
60a57f39c72c0e001297;Beatriz Paulus;beatrizpaulussmo@gmail.com;47991926007
605fb7e69fe20a0012ca;Fernanda Becker;nandinha_becker@hotmail.com;49988851260
60842c03725f9c0019b0;Gilnei Antonio Pires;gilneipires@gmail.com;49999890869
60a59276c72c0e001297;Camila Angela Simon;csmilasimon@gmail.com;49991517030
600aff37fd8bde0012cb;Larissa Benedetti;laarysmo@hotmail.com;49988512902
600e1d44bf9e1a0012a6;Daise Schuh Lüedtke;daiseschuhl11@gmail.com;49991644587
60a59ce7c72c0e001297;Santiago Borba;santiborba@yahoo.com.br;49988041608
60a59d34a35f210012ce;Fernando Roberto Vidor;fernando_vidor@hotmail.com;49999982734
60a5a2efeab9a9001401;Edenilson Barbieri;d4njp8zqrz@privaterelay.appleid.com;49991706640
60a59ba4eab9a9001401;Dhara Serpa;dharachitto@icloud.com;49999929162
60a5a3f885ee2000132f;Pamela Da Costa;pameladacosta22@gmail.com;49988575547
60567b2cd09c9f0013cb;Volnei Ghizzi;volnei-zinho@live.com;49991550770
60a2c69be503040013dd;Christiane Alves;chrisalvesdoss@gmail.com;49988168089
60a6de95a1d269001202;Denise Anna Martinazzo Blockl;kuthy_mb@hotmail.com;49988665776
6018a18767de7c001313;Kellyn Wronski;kellynmsn@hotmail.com;49984114559
609463312f231b0015a2;Vanessa Braga Oliveira;vanessa.oliveira25@yahoo.com.br;49991102553
60873fac99ee59001219;Cristiane Baldin;criscervin@hotmail.com;49999450651
60a2fd74e503040013dd;Jaqueline Gruetzmann;florzinhabranca@live.com;49998311358
609da6df5e32d80013c3;Sibele Diel;sibele.carol@hotmail.com;49991440650
60a70042ac059e0012be;Luiz Henrique Falavigna;luizhenriquefalavigna@gmail.com;49988306727
60a6ff9049ae6c00124a;Camila Picinini;camilapicinini88@gmail.com;49991610609
60088f6a5907de0012c4;Gabriely frigheto;gabyfrigheto@gmail.com;49998011818
60a813f0e10b450012f1;Cleusa Chiomento;cleusachiomento@hotmail.com;49920002123
60a812936839020017b6;Marcia Colle Ely;marciacolle.ely@gmail.com;49991484822
60808cc2025f38001405;Vitória Guth;vitoriaguth7@gmail.com;49999204869
60a827c3205c6800132f;Vania Maria Monlin Spier;vania@clicrapido.com.br;49998304199
6010223540bb46001472;Silvana Toldo Ruschel;siltoldo@gmail.com;49999786694
601ff4a876bf4f00126c;Lucas Dias Damian;lucasd.damian18@gmail.com;49988675100
60084faf2d33b3001299;Larissa Neiva Imhoff;larissaimhoff@gmail.com;49991666326
60a83afa205c6800132f;Letícia Klein Haas;leticia.khaas@gmail.com;49999538623
608b6b79d8d82b0012d7;Nadiele Ferreti;nadinha_nadi@yahoo.com.br;49998414320
606e2ea94dd9260014e0;Marivânia Casali;marivaniacasali@hotmail.com;49999415243
60a83e97345bb8001205;Monique Boff Macarini;moniqueboffmacarini@gmail.com;49991881610
60a5024684d50c001298;Daniel  Foppa;dffoppa@gmail.com;49999159579
60085609f76e430012ed;Talita Paula Scandolara;cras@santahelena.sc.gov.br;49991789009
60a91c61aa958c00121c;Lediane Both;leidiboth@gmail.com;49991229242
60a97652aa958c00121c;Arthur Montagna;artheuzeez@outlook.com;49984004951
6018854267de7c001313;Vini Menegotto;oddinhentauer@gmail.com;49988111913
608b5862d8d82b0012d7;Iva Moro;ivaciadabeleza@hotmail.com;49988466082
60a97d7d720b9e0012f0;Camila Marina Orso;667z2c4sb4@privaterelay.appleid.com;49999017252
6016f5b151d451001367;Leonardo Franzen;leofranzen@hotmail.com;49991210398
60a982577a7553001285;Gicele Carlesso;gicele.carlesso@hotmail.com;49988433313
600de275bf9e1a0012a6;Jéssica Carolini Doring;eng.jessicadoring@gmail.com;49991210765
60a985a2ed887c00140f;Neuri Barrossi;neuriestamparialz@hotmail.com;49991787993
60a98a5fed887c00140f;Clever Saueressig;cleversaueressig@gmail.com;49991699297
60a98a722d7ab10012c7;Solange Carlesso Fernandes Alves;solange.alves@unoesc.edu.br;49988306787
60a98bebaa958c00121c;Fernanda Faccin Graff;nandaaa_smo@hotmail.com;49991985226
60a98e46d00a8800136d;Alecsandro Paganini;alex.paga@hotmail.com;49984077727
60a98f29aa958c00121c;Maicon  Previde Giombelli;8mfgz8zzzj@privaterelay.appleid.com;49991085661
60103acf0621c3001230;Fernando Suelen Vaz;fernandosuellen2018@gmail.com;49991815479
602b0a6b31ba2000139b;Licia Dos Santos;liciadossantos88@gmail.com;49984044556
6042ceb45e869b001367;Charles Miranda;charles1994a@hotmail.com;49991862021
60a99764720b9e0012f0;Claudemar Persch;claudemar0809smo@gmail.com;49991675484
600f5019624b09001704;Silveirraa Gefe;gefersonsilveira070@gmail.com;49999305876
60aabfa52d7ab10012c7;Djhully De Jesus;djhulyjesus105@gmail.com;47999271324
60aabfa52d7ab10012c7;Djhully De Jesus;djhulyjesus105@gmail.com;42999156494
60aaca88720b9e0012f0;Alexandre Paganini;paganinialexandre5@gmail.com;49984371355
60102e52b7977000148d;Laura Gose;l-gose@hotmail.com;49991717417
6009d52bf0e2230012a7;Roseli Fraporti;rose.oculos@icloud.com;49991039556
60156f8d518acd00125e;Laides Uhlmann;laidesuhlmann@gmail.com;49991181636
60aae4b0d00a8800136d;Josieli Pinheiro;josielepinheirodeoliveira@gmail.com;49991729943
60aaf756720b9e0012f0;Amanda Danielli;amandabrazil56904@gmail.com;49991411133
60ad6cd5ee713b0012c9;Endrigo Modanese;dxx4rm67b4@privaterelay.appleid.com;49988591838
60101ef240bb46001472;Helena Gava;mercedeshelenagava@gmail.com;49988604056
60ad7901a6f81c001254;Thiago Weber;thiago.weber.cv@gmail.com;49991376011
60ad7cdca6f81c001254;Gisele Herbert;giseleherbert.smo@hotmail.com;48998110657
60ad96847b992f001227;Claiton Molinari;molinariclaiton@gmail.com;49999640409
60aeae83c6c7050013fd;Camila Casanova;c.casanova2002@gmail.com;49984055839
60357617fb21ae0012ff;Patrick Peixoto;patrick_peixoto.22@hotmail.com;21999845422
600ee95ba5c3620013be;Gustavo Gewehr;gustavogbs21@gmail.com;49999551159
600ece34bf9e1a0012a6;Gustavo Domeneghini;gutodomeneghini@hotmail.com;49999644840
60aeccf9faf47100124c;Alana Karine De Quadros;alanakarine_pa@hotmail.com;49988674942
6010a5a8b7977000148d;Henrique Luiz Simon;henrique.simon@unoesc.edu.br;49988793358
60aecfeffaf47100124c;Wilian Vendramin;wilianzinho_smo7@hotmail.com;49988286200
601043e7ee2f4e001244;Luana Bregalda Arend;luanabregalda@hotmail.com;49998254630
60aed3cec5cff70012a5;Jéssica Souto Siqueira;jessica_raquels@hotmail.com;55996866315
60aed6b8faf47100124c;Antonio Carlos Souza Filho;antoniosfilho_1@hotmail.com;49991414634
6008c28dd173480012d2;Maria Eduarda Pedron;pedronmariaeduarda@gmail.com;49991917575
5c4df6581789af001144;João Fernando Rossi;joaorossi@live.com;49991189994
60ad96e97b992f001227;Nicolas Divensi;ndivensi@hotmail.com;41999904865
60b016732b3d6c0013d4;Jean Bernardi;jean-bernardi@hotmail.com;49991451163
60b017d9e0a1c20013da;Luciana Berti Lauer;luhmonique1988@hotmail.com;49991786053
601032491e0063001304;Daniel Bueno;danieletaylorbueno@gmail.com;49998032370
60b15a07e0a1c20013da;Rafael Trindade;rafatrindade639@gmail.com;49999172583
60b16708fdd7ab001326;Alexandre Cabral;alexstocabral@hotmail.com;49988491968
602978e2f26cb4001229;Maiara Krumenauer;maiara1303@hotmail.com;49991826200
60a99a52205c6800132f;Manu P. Oliveira;manu.bio@hotmail.com;49998254307
6083ff68725f9c0019b0;Dieli Taise Filipini Battistelli;dielicont@hotmail.com;49999028022
60b16a1a5ac800001218;Jéssica Luiza Tonial;jessicaturra@hotmail.com;49998142806
60284c062b59c600132b;Kamila Santilena;kamilasantilena@gmail.com;49991450645
60aad924d00a8800136d;Kalynca Postal;kalyncapostal@hotmail.com;49984271079
60b16f42fa84820012cd;Jussandra Boff;jussandra_123@hotmail.com;49991569620
60b170379514760012a2;Jana Leila Welter;jana_lw@hotmail.com;49988202100
60b172b25ac800001218;Nathan Wendling;wendling_n@yahoo.com.br;49991864677
60aaf5ac7a7553001286;Andreia Lopes;8dwgscsyzj@privaterelay.appleid.com;49991070827
60b17926fa84820012cd;Felipe Zanella;zanellasmo@hotmail.com;49991067476
60149d292a605d0019b6;Cassiane Trevisan;cassitrevisan21@gmail.com;49984373269
60b17cc8fdd7ab001326;Caroline Dalmagro;marcospaulocarvalho@hotmail.com;49991224888
6019e5feda158e00129e;Caroline Alves;caroline_alvesdelima@hotmail.com;49991608811
60b1817ffcd093001241;Leticia Naue Mota;leticiamota_gba@hotmail.com;49988713916
60108eac8b525a00123c;Vitor Vargas Ribeiro;vitorvargasribeiro@gmail.com;49984133525
601c87d22b56e9001283;Camila Santos;camila.santos.24@icloud.com;49989175399
60b254ff2b3d6c0013d4;Juliano César Soster;juliano.soster@hotmail.com;49991633677
60b25dc817f0c80013ea;Thays Moraes;moraes-thays@hotmail.com;49991833524
60b25dc817f0c80013ea;Thays Moraes;thaysmoraesmendes1@gmail.com;49991833524
60b02c572b3d6c0013d4;Alana Fabíola Da Silva;alanah_smo@hotmail.com;49991589196
60b27cb4fcd093001241;Paula Felicetti;anafelicetti@hotmail.com;49991534657
60b2b8d6fcd093001241;Edgar Ferreira;ferreiraedgar77@hotmail.com;49991813279
609323c3ceb60d00124b;Alzira De Pellegrin;socialsth@yahoo.com.br;49991131963
60931a71623de100128c;Vitória Kuiava;vitoriajk@hotmail.com;49999700430
6080af7bb9ce880012e2;Eduarda Resner Lago;eduardaresnerlago@gmail.com;49991650580
6025b4838cea41001465;Evandro Stefany Camargo;stefaniemidiacamargo@gmail.com;49984377312
60b3edb79514760012a3;Everton Adriano Menegon;evertonmenegon@hotmail.com;49984315111
60b3f7532b3d6c0013d5;Cleiton Spies;cleitonspies18@gmail.com;49991937512
60b40a50c9c2510013c3;Paulo Santos;santosspaulo@hotmail.com;49991275069
60b40980b7f99d001231;Thayvan Mendes;moraes.thayvan@gmail.com;49991536906
600e5a0936e7820012ec;Ana Méndez;ana.renato45@gmail.com;67991955683
607f6dbad87127001b0f;Franciele Tacca Davre;francieletacca@gmail.com;49991749474
60b40709c9c2510013c3;Fabri Zordan;fabriela.dacruz@gmail.com;49991328825
60b416ee2b3d6c0013d5;Keli de Ramos;keli_deramos@hotmail.com;49984284126
60b420cffdd7ab001326;Evelyn De Almiron;evelyndealmiron15@gmail.com;49999831822
6018a49767de7c001313;André Victor;deco_itp@hotmail.com;49991229292
6085ee3d99c5530014f6;Adriane Araújo;araujoadriane605@gmail.com;96984194863
60b44874f8d3cf001200;Gabriel Henrique Bazotti;gabrielhr-smo1@hotmail.com;49991067145
6008a535f76e430012ed;Tainara Menegais;tmenegais20@gmail.com;49984050391
6008e5bfbe40060012c4;Gabriela Müller;gaby.muller107@gmail.com;49991517701
60b56df02e712e00124f;Sabrina Vargas Rodrigues;sabrinaxavier@redelider.com;49998316120
60b5699ef195a30012be;Paulo Alberton;albertonpaulo@ymail.com;49991729115
60b4369df8d3cf001200;Zeky Automoves;zekioliveira89@gmail.com;49991560017
60b6a1f2f196940012f5;Juu Cardoso;juugruetzmann06@gmail.com;49998089891
60b2bbc29514760012a2;Marcelo Grolli;marcelo_grolli@hotmail.com;49999668798
600c4e55ad400f00130e;Alex Martins;alexhensing56@gmail.com;49991015223
601b89a8d22fe70012e7;Miqueias Felipe;miki.lipe.rosa@gmail.com;49991653757
600cb675b01fc8001290;Karlessa Mantovani;kaarlamantovani@gmail.com;49991490103
6008c81d5907de0012c4;monique raiane Herbstrith;moniqueraianeherbstrith@gmail.com;49991912550
601fed1dc35d79001287;Ionara Liliana Moschen;ionnaramoschen_@outlook.com;49991428285
60b6bb18f196940012f5;Vinicius Binder;vinoa034@gmail.com;49991999177
60b6b997f196940012f5;Ana Carolina Allebrandt;ana-ana.smo@hotmail.com;49991217489
60b6bba095633c001467;Aldoir Deivid;deividameida782@gmail.com;49991595534
608c9c0fd16a8c001301;Riann Petersson Coletti de Oliveira;riannperter123@hotmail.com;49998074945
600d6b2bd22cb000126f;Giseli Cirino Defaveri;giselicirinodefaveri@gmail.com;49999005787
60b7fe5a65db70001294;Eliane Rodrigues;teidi.faccio@gmail.com;49991790264
60b80493005d6c0012db;Camila Vitória;padilhacamila26@gmail.com;49991673647
60b804bc2fefde0012e1;Cledimar J. Perin;cledimarjoseperin@hotmail.com;49988118941
60b8054d65db70001294;Julhana Flach;julhianaflach@yahoo.com.br;49998155304
60959c31755c4a00121d;Flávio Henrique Nunes;fh_nunes23@hotmail.com;49998025559
60b80a5ef196940012f6;Ketlin Vitória Da Silva;ketliendasilvasmo@icloud.com;49999285938
6008771a48acdf001320;Mariane Forgiarini;maariforgiarini@gmail.com;49999854264
601053621e0063001304;Alessandro Escher;aleescher276@gmail.com;49999544937
60b81eaa005d6c0012db;Pedro Henrique Genesini;pedro_smo@hotmail.com;49999218582
60b81e402fefde0012e1;Carolize Capellaro;maianacarniel@gmail.com;49988175269
60b8260405f7a200130a;Gabriel Machado;gabizaobr123@gmail.com;49991347199
60103f630621c3001230;Vanessa Lorencini;vanessalorencini34@gmail.com;49991537269
60270b0c61e4380012f5;Naiara Luísa Hammes;naiaraluisahammes@hotmail.com;49991155740
60abf43d8adbcb0012dc;Simone Coito;coitoramossimone@gmail.com;49984313101
60b9479cf196940012f6;Rudinei Schuch;rudinei_smo@hotmail.com;49988839849
60b94d87ba1552001314;Ana Paula Faccio;anafaccio_faccio@outlook.com;49991622023
60b94cb1f196940012f6;Jucelia C Nedel;juce@unochapeco.edu.br;49984219935
60b9527105f7a200130a;Felipe Ternus;felipeternus@hotmail.com;49991354925
60b95efa05f7a200130a;Rafael Ferronato;ferronato_smo@hotmail.com;49984122332
60b96047005d6c0012db;Julio Cesar Saramela;julio.saramela@gmail.com;49999912841
60b96a341b74ab00122b;Guilherme Kraemer;guilherme.kraemer12@gmail.com;49984238503
6089d191f3222c0013e4;Jordano Wolhmuth;jordano_r@hotmail.com.br;49991468388
60baa16a1b74ab00122c;Eliane Zarpelon;eliane_zarpelon@hotmail.com;49991764367
6042bdd43a0529001282;Patrick William Cavalheiro;patrick_desc@hotmail.com;49991463959
60495fbcca6ac7001227;Maristela Dalmoro;maristela-dalmoro@hotmail.com;49999914372
60baaa922fefde0012e1;Pedro Pinheiro;trovadorpedro@gmail.com;49991822727
60baad4a05f7a200130b;Cristian Tiago Benatti;cristiantbenatti@gmail.com;49988069795
600c6d22b01fc8001290;Camila Zappani;camilazappani26@gmail.com;49991632954
60baaee2005d6c0012db;Thais Mara Casagrande;concrethaeng@hotmail.com;49991762832
608dcae8ea35b30012aa;Valmir Sott;valmirsott@gmail.com;49984111964
6019d28de104d7001247;Ileti Schneider;mustifagalete@gmail.com;49988210972
60bab47b65db70001294;Ariel Alba;w78cywchp8@privaterelay.appleid.com;49988525727
60679df4640c90001229;Catiéli Mittmann;catieli.marfim@gmail.com;49984079291
609ef97f2236c200139f;Sidinei De Paula;sididepaula@gmail.com;49991246765
60bab90d65db70001294;Volmir Giumbelli;vjgiumbelli@hotmail.com;49991910555
609ae4055e32d80013c2;Alan Leandro Haag;alanhaag021@gmail.com;49991760249
60bb9378005d6c0012dc;Vinícius Antonio Bernardom;vinibernardon32@gmail.com;49998266975
600ad93943ecd8001222;Amanda Back;amandaback99@gmail.com;49999154406
60bbe71d005d6c0012dc;Alessandro Alves;alves.chm@gmail.com;49999625355
60bbe8d765db70001295;Marcelo Both;esportegc@gmail.com;49991425719
600bddf65d7642001384;Ivanize Luciane Dalla Rosa;ivanize.fronteira@cresol.com.br;49991333903
600969735907de0012c4;Cláudia Berlatto;claudiabsmoo@gmail.com;49988491035
60bbf62b1b74ab00122c;Victor Brites;victor.lopes@sesirs.com.br;49984238572
6089e5c6b50b1800132e;Angélica Mezzaroba;angelica-mezzaroba@hotmail.com;49999233129
60bbf4f195633c001468;Fernanda Malacarne;fermalacarne8@gmail.com;46999702625
60bbfa6a95633c001468;Kathyhenrique Rubin;henriquerubin521@gmail.com;49988237398
60bbfa6705f7a200130b;Rosmery Bacin;preta.bacin@hotmail.com;49984051435
60bbfe5295633c001468;Tatiana Cichelero;tatianacichelero@gmail.com;49991464374
60bc06a81b74ab00122c;Flávio Junior Basotti;fjbasotti@gmail.com;49984137215
60a581d37ba9ff00131d;Karin Marcia Lopes Da Silva Schaeffer;karin.lopes@hotmail.com;49988212640
60bc1a0b05f7a200130b;Andressa Vicentina Carvalho;andressacarvalho515@gmail.com;49991489740
601743dd520cdd00139d;Eric Thessing;thessing2018@gmail.com;49992026475
60aa9c83aa958c00121c;Taís Oliveira;otaais10@gmail.com;49991420446
602037155b537a001383;Andressa De Souza Nunes;souzanunes1991andressa@gmail.com;49991192244
60bd37aeba1552001315;Daniel Rogeri;daniel_rogeri@hotmail.com;49991836052
6008a7026a7262001222;Tatiane Turcato;tatiane.turcato@hotmail.com;49991710616
60bd46f6005d6c0012dc;Diego Zanatta;diegozanatta@yahoo.com.br;54991381228
60b15b752b3d6c0013d4;Gian Marcel Ludwig;gianludwig@gmail.com;49991265700
60bd49f32fefde0012e2;Andre Wathier;andrewathier19@gmail.com;49991798564
60bd4d451b74ab00122c;Giovani Virgilio Gomes;qpzpjpcszm@privaterelay.appleid.com;49999498110
60bd486295633c001468;Andressa Sansigolo;andressa.vale@outlook.com;49991588059
60bd4d41ba1552001315;Leila Kojoroski;postogaroto.atendimento@gmail.com;49999700434
60bd53e765db70001295;Sandra Straes;sandra_straes@outlook.com;49999175686
60a2f58afc8c32001211;William Pessato;pessatto001@gmail.com;49991369942
60bd5cbd95633c001468;Hernesto Murilo Rodrigues;hernestomurilo@gmail.com;49999201044
6008936b48acdf001320;Jaqueline Oliveira;jaky-18smo@outlook.com;49988423751
6008936b48acdf001320;Jaqueline Oliveira;jaky-18smo@outlook.com;49999378109
6091a00251db8a001241;Nicoly Gomes;nicoli.gomes052002@gmail.com;46991397393
60be404f2fefde0012e2;Simone Scaravonatto;moni_natura@hotmail.com;49991454455
6011c3325c5fb30017d2;Jéssica Rodrigues;jessymoorena@gmail.com;49991882788
60bfecab65db70001295;Camila Paula;camilapaula_sc@hotmail.com;49991629550
6078ac7ad87127001b0e;Heloisa Ferraz;heloisaducatti@hotmail.com;49999984635
60bff3172fefde0012e2;Franciele Giongo;giongo.fran@gmail.com;49992027260
60bff25395633c001469;Kennya Andréa Souza Do Nascimento Mendes;kennyamendes24@gmail.com;49999356465
60bffef705f7a200130c;Jonathan Specht;jonispecht_@hotmail.com;49988575612
60c00d73005d6c0012dc;Dimas Godoe;dimasgodoe@gmail.com;49991919923
60c0cefb888d3100127f;Manueli Hubner;manueli.h155@gmail.com;49999987134
60c0f100d08355001315;Izaqueu Silva;izaqueudasilva2012@hotmail.com;46991397393
60134b168a54080012ce;Fernando Weiss;fw.weiss@hotmail.com;49991132194
60c144b41be59800131c;Yasmin Friedrich;yasmincaroline12345@gmail.com;49991626358
60c168daf7263d0014a9;Guilherme Romio;gui.romio@outlook.com;49988477909
60abd5acf40a7700123e;Idiamara Wolhmuth;marawpreta@hotmail.com;49988561360
600d7afe1bf0560012bb;Franciely Aparecida Da silva;claudineimarcelotrein@gmail.com;49999340762
60c285a93ae3e6001299;Tatiane Zanata;tatianezanata@hotmail.com;49984223810
608487cb6b2da80013f5;Daniele Vianna;danieleraquel3@gmail.com;49999111988
60b7f2992fefde0012e1;Rafaela Perondi;rafaelaperondi@hotmail.com;49991159763
60c292dda1fae7001386;Mikaela Saraiva;mikaelasaraiva@hotmail.com;49988233631
609c42e51b0311001269;Henrique Luciane;henrique_ternus@hotmail.com;49991085318
60136cbe8a54080012ce;Emanuele Weiss;emanueleweiss@gmail.com;49991585070
60c1596a22d2b40013cf;PauloHenrique C Rodriguês;paulohenrique43@outilook.com;49991588869
60c29e3ea0ec340012bf;Tiago Hoppe;hoppe.madeiras@hotmail.com;49998357627
60c2a028a0ec340012bf;Fran Lima;franp_lima@hotmail.com;49999239784
60c2a4f0b837ea0014e0;Tainã Dallagnol;dallagnol103@gmail.com;49991833530
60bd74df95633c001468;Rayane Moreira Ribeiro;rayribeiro719@gmail.com;49999467845
6037b1868c82cc00126a;Júnior Fernandes Da Costa;juniorfercos@gmail.com;49998028671
5fbeb023a711c1001271;Gabriel Mocellin;gmocellin864@gmail.com;49988055558
60c3de77c5d0d7001253;Paulo Ricardo Drumm;prd_smo@hotmail.com;49988369144
60b559d49cc2cb0012dc;Kelin Patrícia Lunardi;kelinpatricia@yahoo.com.br;49991736262
60c3e4382cebae001218;Adriana Regina;adriana.schmitt@ifsc.edu.br;49988680888
60c3e3b82cebae001218;Maiara Beckenkamp;maiara.b@unochapeco.edu.br;49991256766
60c3ef24a0ec340012bf;Katlyn Poletti;katlynpoletti2014@gmail.com;49991364532
60c3fd252cebae001218;Marta Lima;leticiasy19@gmail.com;49991063619
60c40944bd2ba700137a;Victor Procópio;victorrodrigues_smo@yahoo.com.br;49988785786
60c4bff504ad130013dd;Fabiano Bender;fbendersr@yahoo.com.br;49991784495
60c516d5bd2ba700137a;Paty Paty;patriciaadriana22@hotmail.com;49985016784
6025bb3e445bd700137f;Taires Belmonte;tairesbelmonte@gmail.com;49985026839
60c52244c5d0d7001253;Marciel De Oliveira;marciel16deoliveira@gmail.com;49988122480
600f6a1cdd85ce0012bc;Adriih Lerner;adriih.lerner@gmail.com;49991781492
60c51d70b837ea0014e1;Silvio Possamai;possamai551@gmail.com;49988760841
60c529b2b837ea0014e1;Leila Ferrarez Canesso;leila.fabio@hotmail.com;49988240353
60c52a0dc5d0d7001253;Katlen Staub Siqueira;siqueirakatlen@gmail.com;49991219195
60bab70e2fefde0012e1;Ketlyn De Oliveira;retroboutique_@hotmail.com;49999404908
600afdbe20323a001336;Simone Duarte;simoneduarte76@hotmail.com;49999718163
60c52d8104ad130013dd;Fernanda Conte;fernandaconte1@hotmail.com;49991735250
60c52df52cebae001218;Anderson da Paz;andii_smo@hotmail.com;49999238321
60c53752bd2ba700137a;Nerilson Nerilo;nnerilo@yahoo.com.br;49999255980
600b5d95a31f7c001228;Hemely Flávia Meneguzzi;hemelyflavia@hotmail.com;49991120817
6015faa02a605d0019b6;Viní Nericke;vnericke@hotmail.com;49991779385
60c53896c5d0d7001253;Gustavo Felipe Clemente;clemente_smo@hotmail.com;49991583344
60103e7b8b525a00123c;Evilym Corbari;evilym2009@hotmail.com;49991092132
60c53c1f2cebae001218;Junior de Alencar;junior.alencar2008@hotmail.com;49991750954
60c540a9bd2ba700137a;Gelcira Bergamaschi;gesaberga@hotmail.com;49991823439
60c400fba0ec340012bf;Silvia Galan;silvia.galan@unochapeco.edu.br;49998143995
60c54229a0ec340012bf;Franciele Pauletto;francipauletto@hotmail.com;49988353919
60c545c71b22040012e0;Gabriela Zangrande;gabishow2009@hotmail.com;49989063804
60c54604a0ec340012bf;Adreano Bettoni;adrebetto@gmail.com;49991089058
5ff634d9ea2c130013ff;Stefhani Zancanaro;stefhanizancanaro.scandolara@gmail.com;49988142496
60c66d500c73900012a4;Elisangela Faria da Silva;lisa-faria1@hotmail.com;49991554726
60c67a2141e8c000125a;Giordana Pietta;giordana_pietta@hotmail.com;49991239379
60c6813e43186c001350;Maristela Teodoro Fernandes;teodorofernandesmaristela@gmail.com;49988192133
60b951cd05f7a200130a;Lucas Schakofski;k6x5gnx6sq@privaterelay.appleid.com;49988706086
60101e958b525a00123c;Daiana de Oliveira;daianadeoliveira55@gmail.com;49988317415
5d5dbea45146640012cb;Maria Eduarda Griebeler Berte;mariaeduarda-bg@hotmail.com;49991524732
603060d3e62f40001412;Jéssica Duarte;jessicaduarte15@hotmail.com;21966007200
602460d0837ae00016ee;Roselaine Françozi;rmfrancozi@gmail.com;49991035286
60c6984b89d7d9001294;Rafa Mezalira;rafamezalira@hotmail.com;49999064425
6056508a68e56f001238;Déborah Sehn;dehmoeschsehn@gmail.com;49991206369
609312132f231b0015a1;Willian Dorigan;williandorign@gmail.com;49992003717
60679e792d2d4a0012b1;Gisele Belegante Filippini;gi.filippini@outlook.com;49985059095
60c91eb30c73900012a5;Fernanda Scherer;fer.css31@gma.com;49984196563
60204bd876bf4f00126d;Jardel Machado;jardelpizzaria@gmail.com;54981115840
60c92ea8d0648b00128c;Tainara Jiulkowski;nara_jiulkowski@hotmail.com;49991166067
60b022c65ac800001217;Helio Ferri;hfspfc@hotmail.com;11984727318
600b732afd8bde0012cb;Ivanir Balbinot;ivanirbalbinot@gmail.com;49999751567
60cbc4f6af17ef00131b;Jenifer Maria Benedetti;jeniyjeny@gmail.com;49989120373
60cbd9d989d7d9001295;Luana Martiny;luanamartiny@hotmail.com;49991372980
60cce4410c73900012a6;Joice Caroline;joicecarolineritterdeabreu@gmail.com;49991889545
603a2fe3fe3478001231;Alexandre Blockl;alexandrebusnelo@hotmail.com;54997054934
60cd0d033e88920012fa;Wellington Rech Ziglioli;20052002wel@gmail.com;49991675134
6011c28980f2b0001263;Jhonatan Antunes de Lima;jhonegaslima@gmail.com;49991949136
60cd12c643186c001351;Tati Mocellin;tatinha_smo@hotmail.com;49999386514
60aacf197a7553001285;Helenah Boff;helenahboff0612@gmail.com;47999468690
60cd195941e8c000125b;Gabriel Voltolini;gabriel_voltolini@hotmail.com;49999367341
60cc953fd0648b00128d;Thaís Gasperin;thaisgasperintrentin@gmail.com;49984389036
5d7eddd883899d0013bd;Dany Diego;daniely_biomedic@hotmail.com;49988237428
5db0d30a5990800012a3;Charles P. Bauermann;charles_p_b@hotmail.com;54991409771
6070c54cf1ac7e00126b;Angélica  Piovezan;ekinha_up@hotmail.com;49988177488
609db7ac1b031100126a;Patricia Vidi;patyvidi@gmail.com;49991524894
60c3f01ac5d0d7001253;Ana Carolina;carolinnagustavoo@hotmail.com;49991954382
60ce0a1689d7d9001296;Bruna Letícia Kemmer;brunaleticia68@hotmail.com;49991428790
60ce4133f75a03001a93;Eduardo A. Dalla Picola;eduardodallapicola6@hotmail.com;49991065768
6015fe661dfddb0012df;Diana Cristina  Ludwig;arqdianacristina@gmail.com;49999257118
60ce577efd25bb001980;Pedro Henrique Hennika;g897ybku7y@privaterelay.appleid.com;49991423410
60ce6afaadfe70001915;Carolline Soares;carolcassiasoares@gmail.com;49984154350
60ce6afaadfe70001915;Carolline Soares;carolinecsoares53@gmail.com;49984154350
60ce6c1bb0fc5d00124b;Bruna Zanatta;adrianoferreiradecamargo@gmail.com;49988460130
60ce6c10c2554c001283;Fabio Rodrigues;vargasnoeli38@gmail.com;49991378202
5fd28b0018ef0c00121d;Gabriel Alba;gabrieltr1@live.com;49988905416
6008567148acdf001320;Ana Júlia Monlin Spier;anajuliamonlinspier@gmail.com;49998304199
60ce71e9f9ef3e001cea;Sara Ellen;saraellen_sc@hotmail.com;49991661856
60ce75acb0fc5d00124b;Jaqueline DalBello;jaqueline.dalbello@hotmail.com;49999200375
6008ca7e2d33b3001299;Graciele Reinke;gracielereinke@hotmail.com;49991499967
60bfe3c12fefde0012e2;Stefani Frozza;stefanifrozza36@gmail.com;49991637386
601773819f5f700012e5;Isadora Lunardi Londero;lurdesisadora@hotmail.com;49999441850
60ce7b313ec8dd001a7c;Marcos Morandi;marcosmorandi2013@hotmail.com;49991110643
600f3bab0b3f09001280;João Vitor Roecker;joaov.roecker@gmail.com;49988877731
60ce837dfd25bb001980;Resinas Alves;pinusalves@hotmail.com;49991518793
60bc07dd2fefde0012e2;Valdecira Muhl;valdeciramiihl@hotmail.com;49988183602
60cfa5f63ec8dd001a7c;Luciana Suzelei de Moura;suzeleonarda@yahoo.com.br;49991275632
5ee2b78ff26ffd001227;Samara Engel;samaraengelzan@hotmail.com;49991089814
60cfb8f23ec8dd001a7c;Alexandre Souza;xandiq2@hotmail.com;49989134856
60108de40621c3001230;Gleicon Edian;gleicon0907@hotmail.com;49991837319
60cfbca0adfe70001915;Andrisa Assis;diiludwig@icloud.com;49991420764
5d57600c5146640012ca;Vanessa Pandolfo;vanepandolfo@hotmail.com;49991053202
60cfc5edb0fc5d00124c;Cibele Sci;cibelemendonca85@gmail.com;49988766105
600980c873f87c001264;Gisele Freider;giselefreider@gmail.com;49999260094
60d10da815c458001241;Clerio Bonora;cleriobonora@hotmail.com;49991574142
600b530fce4f270012f3;Hawana Fleck;hawanafleck2@gmail.com;49988911721
60d116dad950f100126b;Alberto Maximiliano Petry;albertomaxpetry@outlook.com;49991817850
60d11cfca392a80013e7;Laerte Almeida;laertejuninho.1991@gmail.com;49998364198
60d25a51d950f10012e8;Gledson Luis Duz Giongo;gledson_giongo@hotmail.com;49988257196
6016d5076da7fe0012b8;Felipe Lucca;felipeunder2@gmail.com;55996514443
6025d427b7611c001275;Thalya Guerra;thalyaguerra2003@gmail.com;49991569117
602685f455c899001204;Fabiano Charnoski;fabiano.charnoski@gmail.com;49991782244
60c3d9fd1b22040012e0;Edinei Paulus;edinei_paulus@hotmail.com;49999507790
60d3ae7bd93a810019b4;Pamela Santos;pamela_santos00@hotmail.com;49999043768
60d3b215b9063a00135f;Elisabete Thuns;betismo@hotmail.com;49991054432
601abf55e104d7001247;Ana Paula Garcia;anynha_garcia17@hotmail.com;49998403996
6095e3fdceb60d00124b;Vanessa Mattana Farias;vanessa_mattana@hotmail.com;49991851534
60a06686624f28001323;Bruna Siqueira Reinke;brunasreinke@gmail.com;49991936421
60cfc5da3ec8dd001a7c;Elysson Vitor Colle Mella;elysson.smo@hotmail.com;49991834622
6010905d0621c3001230;Sueli Bugança;suelibuganca@gmail.com;49991579272
60c93b5489d7d9001295;Valdisnei Bourscheid;mestre1pastel@gmail.com;49991867866
60d648ace9d40d001368;Carine Farias;carinefarias2021@gmail.com;49991939395
60d64ae57161f200125c;Bruna Zanatta;brunazanattadecamargo@gmail.com;49999143587
60d650ce4515bf0016a4;Gustavo Henrique;guto.200496@gmail.com;49999648600
60b2c05d9514760012a2;Edenilson De Ramos;edenilsonramos81@gmail.com;49991966504
60d65321818a5500140c;Mateus Disegna;tekodisegna@hotmail.com;49984250002
601172a65c5fb30017d2;Karina Souza;karinagracidesouza@yahoo.com.br;49999619026
60d653e6f3697700124d;Irlete Maria Michielin Castilhos;irletesmo@gmail.com;49991161020
60187db8da158e00129e;Jamili Vitoria Iutes Canova;jamili_vivicanova@outlook.com;49991228830
5d0434915d0268001853;Adriana;adrianapres@hotmail.com;49991830086
6039049219c49d0012a3;Tais Zanatta Lermen;tais.zanatta@unoesc.edu.br;49988116929
600b709e6491f7001325;Quesia Rohde;kesia-rohde@hotmail.com;49999801964
60d66031348de4001227;Victória Sahra Moscon Brugnara;victoria.smb@hotmail.com;48991024608
60d665b3b7e5300012dc;Fernando Camilo Schneider;schneiderfernandocamilo@gmail.com;49998155317
60d66b4a7161f2001287;Eloi Antonio;eloisbarde2@gmail.com;49991254150
60455d9baa118a001375;Andre Baratto;andreluisbaratto@icloud.com;49988046824
60d68777e9d40d0013ad;Thalis Henrique Maciel;thalishenry2003@gmail.com;41995610854
60d7a00f818a550014d8;Vania Souza;vs031674@gmail.com;49991832429
5da22cf6b557dd001270;Francieli Bazanella;francielibazanella@hotmail.com;49991572125
60d79fb27161f200122f;Jhenifer Constancio;jhenivalladao1@icloud.com;49920018575
60c5305687d94d0012e9;Cristiane Klement;cristiane_klement@yahoo.com.br;49998048484
60d7a709e9d40d001345;Diego Márcio Potulski Pedroso;perosodiego07@gmail.com;49988733329
60d79f4be9d40d00133c;Camila Araujo;camilaraujo_smo@hotmail.com;49991975018
60bc0ad1f196940012f6;Junior Pires;cjp96013666@gmail.com;49991978052
6040364d56a7c6001229;Tiago Pires;tiagolimapires@outlook.com;49988020236
60aad6bded887c001410;Cleuvinson Da Silva;vininter1@hotmail.com;49988048930
60d7b1a8e9d40d001352;Flavia Uczai;favi_smo@hotmail.com;49984011994
60103d9f40bb46001472;Patricia Pierezan;patricia.pierezan1975@gmail.com;49988398326
60271e2b6a5890001244;Arlete Teloken;arleteferreirasmo@gmail.com;49991191772
60d7bbecf36977001237;Daniel Junior  Medino;danielmedino65@gmail.com;49998057341
60d8d1374515bf001604;Angela Regina Tiesca;angelareginatiesca@gmail.com;92991599778
5f2ff132d6df9500122f;Karin Weitzmann;karin.smo@hotmail.com;47992531533
60d8edc77161f20012db;Lauren Mezzomo Alba;laurenmezzomo@hotmail.com;49991041512
5cb285db811720001178;Daiane Carla;daiagiongo@hotmail.com;49988017760
60d8f8a4e9d40d0013f2;Giliardi Barbosa;giliardibarbosa1234@gmail.com;49991347575
60d8f7294515bf001620;Feliphe Blatt;felipheblatt.fb@gmail.com;49999080958
60d8f8c2e9d40d0013f2;Daiara Barbosa;daiarabarbosa97@gmail.com;49991724399
600b30f4fd8bde0012cb;Navilly Follmann;navillyfollmann11400@gmail.com;49991645348
600adb4543ecd8001222;Divanete Christofoli;di.vanetec@hotmail.com;49991317251
6084369b725f9c0019b0;Eloisa Fernanda;eloisa_dutra@hotmail.com;49991523530
60da56bd818a55001414;Thaís Giumbelli;thaisgiumbelli@hotmail.com;49991671117
60514f5161b68d00121b;Ana Paula de Moraes;ana.paula.sjc32@gmail.com;49991362410
60dba2c6e00c500019c9;Léia Balzanello;leialp-@hotmail.com;49991317861
60dbabfbe00c500019cc;Patrick Goergen;patrickgoergen1234@gmail.com;49992017559
60db5fbf4515bf0016dd;Juliane Mantovani da Rosa;julianemantovani@outlook.com;49991918779
60dc8acb73406d0012cc;Lilian Rita Castagna Baldissera;lilianritacps@hotmail.com;49991916222
60dce4b5cfadab0012c7;Gustavo Strege;gustavo-strege@hotmail.com;47991327532
60dcef21cfadab0012cf;Diangele Faccin;diangele_natalia17@gmail.com;49999194045
60dcf00652f384001289;Gabriely Cinthia;gabriely.cinthia@hotmail.com;49984021566
60dcf23f69d81800126f;Samuel Malheiro Filgueiras;samukafigu@gmail.com;49988374896
600d702dfd8bde0012cc;Isaque Carrocha Nardes;isanardes@yahoo.com.br;49991889765
60d7c3efe9d40d001368;Bruna Eduarda Fernandes Garcias;fernandesbrubs052@gmail.com;49988515893
60de32896b0f0f001230;Erick Santos;erickmanapreto@gmail.com;49992026705
601a2090e104d7001247;Marivane Lurdes Pozza;pozzamary09@gmail.com;49988922765
60de3a2a73406d00125d;Diego Karling;diegoo_smo@hotmail.com;49991853385
60de42be52f384001208;Rose Visagista;rosedocetrato@hotmail.com;49988883137
601b0e9bd22fe70012e7;Weslley Maldaner;weslleymaldaner@gmail.com;49998006299
6010c4b2ee2f4e001244;Bianca Grando;grandobianca@outlook.com;49991076307
60df941b0e8bb400120a;Évelin Lazarotto;evii.lazarotto@gmail.com;49988288809
601084f840bb46001472;Jonas Maziero;jonasmazieroglobal@gmail.com;49992027774
60df9d1152f3840012af;Marina Jung;marina.jung@hotmail.com;49999038490
601f51288d37040012b6;Jean Erlo;jeantiagoerlo@gmail.com;49988288047
600c370ad5409c00130a;Danielly Rodrigues De Almeida;daniellyalmeida123@gmail.com;49991421997
60df9ee873406d00120f;Andressa Rodrigues Moreira;andressarm.smo@gmail.com;49991358826
60dfa09152f3840012b2;Dieimis Luiz Erlo;di_ei_miserlo@hotmail.com;49999277318
600f064a624b09001704;Elizabete Barbosa;barbosaelizabete00@gmail.com;49991183328
60d50e57862afa0013dd;Juliana Muginoski;juuuullyh@hotmail.com;49991592850
601b3570c64cc30012eb;Emily Bauer;emily.tb@outlook.com;49988888515
60e0d30352f384001237;Arthur Federhen;federarthur@gmail.com;49984387858
606f2bde4dd9260014e0;Trinyclaer Steffenon;trinysteffenon@gmail.com;49991554926
600d2542fd8bde0012cc;Fernando Schallenberger;fnsfernando18@gmail.com;49991828217
60e0da8873406d00129c;Jaime Grokt;jaimegrokt5@gmail.com;11998093256
60e0dc4ed8cfb10019a5;Andreia Micheilof;micheilofandreia@gmail.com;49992017730
60e0e0c469d818001230;Ana Paula;aninhamachadosmo@icloud.com;49991080148
60e0ddcaa02cca001249;Alanis Gabrieli;grasismo72@gmail.com;49920008448
60440338517681001236;Deise Eduarda Rodrigues;deise.eduardaa@gmail.com;49991486395
6011fabd3ad1fe0012dd;Cleyton Lazarotto;cleytonlazarotto1@gmail.com;49999980440
60e0ee9ad748c500123a;Karios Roger Scapin;kaio_scapin@hotmail.com;49991668889
60e0ef1dd8cfb10019b8;Leonardo Motta;motta3698@gmail.com;49991630285
60e0ef96d748c500123c;Franciele Pauletto;6ntzhdtz57@privaterelay.appleid.com;49988353919
6057d33111e128001274;Jevelton Barbosa;jeferson.b2016@outlook.com.br;49991927185
60e0f81773406d0012bc;Pedro Alberto Segalin;pedrinhosega@gmail.com;49999425167
60c27e35a76268001227;Isabel rugeri erlo;jacsonmoveissmo@yahoo.com.br;49998110559
60e229ff69d8180012bb;Lilian Lucia Lucotti Volpi;lilianlucotti@yahoo.com.br;49984047526
602ac9ab1aebca00120c;Marília Munerolli;mariliamunerolli@hotmail.com;49991019676
600b690b5d7642001384;Danieli Dalla Rosa;dani.tanica@hotmail.com;49991549944
602acbdbd31fc70013eb;Cleiton Paulus;cleitonpaulus02@gmail.com;49991782058
60e23b536b0f0f00120d;Nickolas de Pellegrin;nickpellegrin@hotmail.com;49991468919
60b01f8617f0c80013ea;Daiane Garzlaff;daiane.garzlaff@outlook.com;49991359911
6009adccf0e2230012a7;Guilherme Strieder Cagliari;sparta00300@gmail.com;49984091126
6009647a5907de0012c4;Alessandra Gasperin Toral;alexandemaria@outlook.com;49991762712
60e4db08a8b1d00013a1;Mariane Uésley;uesley_mariane@yahoo.com.br;49998291516
60972bea2f231b0015a2;Marilene Terezinha das Chagas;chagasmarilene01@gmail.com;49991866213
60e61f69261ef7001285;Rafael D'Lamb;dlamb_smo@hotmail.com;49988483198
60e6201a1cd7ac0014a1;Marines Ludwig Canesso;marinesludwig@hotmail.com;49988824949
60e6244e492d490012d3;Mari MASSINHANI;mmassinhani2021@gmail.com;49999704083
5a6cedca10854f0015cf;Tanara Dos Santos;eutanaraa@yahoo.com.br;49984117671
60e62c0e261ef7001293;Atilla Marcel Bulhões;gn7h5gsvqf@privaterelay.appleid.com;49991418281
60e62c195a89a6001393;Loreci Fusieger;loreci-mak@hotmail.com;49984274555
60232478938a360013e3;Mateus Simon;mateussiminho@gmail.com;49999211383
60232478938a360013e3;Cláudio Audio;mateussiminho@gmail.com;49999211383
60e647d5a8b1d0001342;Jane Cleia Carteli;janecleiacarteli@gmail.com;49999789616
60e64443e6a28d0013da;Bibiana Bilibio;bibispotter@gmail.com;49988070760
60e64f3fc4126500136f;Douglas Rodrigues;douglas_dagalera@hotmail.com;49991075823
60e74f73492d4900123c;Lucas Giovanaz;9k85q2ppk6@privaterelay.appleid.com;49992022823
60e76e1c261ef700120b;Juliana Schneider Basso;ju_schneider90@hotmail.com;49988184672
60e770f1a8b1d00013a7;Rosane Rigo Herbert;nadirerosane@hotmail.com;49991921252
60e78676c09f37001a78;Camila Mottes;milamottes@yahoo.com.br;49999732934
60e78ec3492d4900126b;Diego Zanatta;dzanattaodonto@icloud.com;54991381228
60e79416717e960019d0;Vanessa Zorzi;vizi25675@gmail.com;49991472520
60e7a70c042f6b0012f2;Ezequiel Petry;ezequielsilveira837@gmail.com;49998021380
60e8b814811ead0013ea;Tais Fernanda;taiseregis11@hotmail.com;49991125234
60dfac1c254ef3001af7;Jhenifer Bergamaschi;bergamaschijhenifer@gmail.com;49991472015
5c0c64b71a23fd000f0f;Charles Lunardi;charleslunardi@outlook.com;33999910115
60e8d19a811ead001306;Ricardo Valnei Alba;albaricardo09@gmail.com;49988033767
60c10c9984d757001377;Mariele Regina Orso;mariele-orso@hotmail.com;49991966670
60e8cc93811ead001300;Joacir Schmitz;joacirschmitz@yahoo.com.br;49991086255
60e8d367751cfe00128e;Liliane Wibrantz;liliane_tst@hotmail.com;49991513281
60e8d7e8811ead00130e;Rafael Sarasol De Oliveira;r.sarasol@hotmail.com;45998412149
60e8e0c32bf0770013a6;Vitor Mateus Alves;vitor_a1999@hotmail.com;49991164609
60e8e27a76920a001385;Cristian Rauta;cristianrauta730@gmail.com;49991091396
60e0d01452f384001235;Jamile Kuhn;jamilekuhn_@hotmail.com;49998071421
60e252dc6b0f0f001222;Fabio Lucio;dh9gkvtt27@privaterelay.appleid.com;44997284697
60e8fcaf76920a00139d;Luan Engler;z49rbbypqf@privaterelay.appleid.com;49991493204
60ea07ed38838a001ac8;Clenodir Ferreira;clenodirferreira@hotmail.com;49991570887
60ea15c785ea58001298;Diogo Lohmann;kartzaodamassa@gmail.com;49988294491
60ea1c3da3ad640013d8;Nicleia Albring;nicleia2004@yahoo.com.br;49988031010
60087f2f4c00880013e5;Luísa Ellen Folmer;luisafolmer1608@gmail.com;49984137464
60ea1c9338838a001ae0;Jaqueline Rodrigues;jaquelinerodrigues.tecenf@gmail.com;49991799779
60ea2a122bf07700133d;Andreiaewyllyan Estrapassola Trindade;andreia.strapassola@gmail.com;49989128142
60136b8c21c5b80012d1;Bethânia Bresolin;bethaniabresolin@gmail.com;49984366735
60ea4435ab93f3001317;Aline Galleazzi;8qkgjvd2gc@privaterelay.appleid.com;49989110174
60ea46d588ca1b001a88;Guilherme Renostro;magrunder123@gmail.com;49991143116
60eb5f3d2bf07700139f;Flávia Marina Piaseski;flaviamarinap@hotmail.com;49998162989
60eb5cdbf53c930013e2;Luiz Ricardo Scharnoski;ricardoscharnoski@gmail.com;49998003006
60eb634485ea58001214;Luis Henrique Baptista;baptistaluis420@gmail.com;49991594937
60e61e32a8b1d000131c;Jessica Rafaela Roden Imich;luizfbrusto@hotmail.com;49991791940
60eb6808ab93f300136b;Higor Minozzo;minozzoh@gmail.com;49991152591
60eb67da7a5f0600137e;Edinéia Godois;edineiaf.godois@gmail.com;49991357776
60eb6ce02bf0770013aa;Gabriela Favero;6c996yhtjz@privaterelay.appleid.com;49991790060
60eb6dc7811ead001322;Paloma Sousa;palomasousa1810@gmail.com;49988728690
60eb6d40a3ad64001355;Dayan Júnior Braun;2wzr9pcd77@privaterelay.appleid.com;49999455281
60eb6f88f53c930013f1;Paula Binsfeld;paulabinsf@gmail.com;49991068999
60eb6734a3ad64001350;Ody Oliveira;jynwgke136@netmail9.com;49991249822
60eb74b685ea58001223;Ghisleine Sprada;ghisasprada_sprada@outlook.com;49989232984
60eb8422a3ad64001367;Maiqueli Schmitt;maiquelischmitt213@gmail.com;49991915338
60eb88c37a5f0600139b;Helio Ferri;helioconsultorimoveis@gmail.com;49991712772
60ecbb37fa3f74001978;Wellington Rech Zilgioli;y6pxxzjtbb@privaterelay.appleid.com;49991675134
6008896348acdf001320;Bruna Steffens;brunasteffens01@gmail.com;49984172683
60d3b6ef7e211600121b;Cristiano Disner Elias;tiano2001pani@gmail.com;49991911374
60e0892ab327bf001a92;Bernardo N Souza;bernardosouzan1@outlook.com;49991551223
60ee0b0888ca1b001ab9;Alex Da Silva;alexsilvatoni1986@gmail.com;47996473547
6010a3fd40bb46001472;Luiz Maurina;dudu866@gmail.com;49991136365
60d8a1f57161f20012b4;Lisandro Smontiel;lisandrosmontiel@gmail.com;49991169826
60ee1500fa3f740019da;Marina Tomazelli;tomazelli.marina@yahoo.com.br;49988541261
60b80247ba1552001313;Ana Dahmer;anadahmer2@gmail.com;49991242071
60087951f76e430012ed;Adir Ortiz;adirortiz2013@gmail.com;49991576580
60ee2cab88ca1b001ad4;Isabelle Puppi;isabelle.puppi@hotmail.com;41997555569
60ee2fba494526001dfe;Franciele Mulinari;francielemulinari21@hotmail.com;49991068317
601dc6dde077400012eb;Edson Vizzotto;jussaracolle@hotmail.com;49988479565
60148c6eb17e70001272;Matheus Schmitt;matheusschmitt007@gmail.com;49999217824
60ef67aefa3f74001959;Leandro Wirth;leandrobogornywirth@gmail.com;49991957235
60ef73e127a83000197e;Bruna Mara Dos Santos;brunasantos_m@hotmail.com;47996791838
60b8086d1b74ab00122b;Simoní Carlesso;simoni.carlesso@yahoo.com.br;49998410148
60f0afaf2db208001281;Irma Lutz Wagner;irmalutz.w@hotmail.com;49984111285
60e4fe03492d49001278;Gabriel Pinheiro Carneiro;gabrielcarneirop@gmail.com;49991255950
60f0bdcc88ca1b001ad1;Laura Rauber;laurarauber711@icloud.com;49998011613
60f0b3dc88ca1b001ac6;Ana Paula de Almeida;aninhhh2@gmail.com;49999728787
60f0c3b9811ead001316;João Vitor Katschor;joaovitorkatchor@hotmail.com;49988408515
60f0c268fa3f740019d8;Pamela Pompermayer;pamela_smo@hotmail.com;49999729517
60f185de88ca1b001a24;Erick Lucoti;ericki_felipe@hotmail.com;49991474865
60f1eccb2c58880013cd;Monique Herbstrith;moniqherbstrith@gmail.com;49991912550
60f200d19144cf0012b7;Edivandro Arcari;edivandroarcari@outlook.com;49999349243
60ea0f302bf07700131e;Mariely Flach;mary_smo95@hotmail.com;49999775257
60d66473e4ee69001215;Ana Júlia Dahmer;anajuliasmo@hotmail.com;49991962086
60e632ca1cd7ac0014b2;Thais Machado;thais.mahoe@gmail.com;49991635767
60d9d9b24515bf001671;Vitor Hugo Lenz Naue;vthg99@gmail.com;66996572728
60f3479bdc8bd000139b;Karin Lais;karinlaiscarvalho@outlook.com.br;49998344893
60f346d8dc8bd000139a;Jacke Corá;jacke_gabi99@hotmail.com;49991285809
60f34f10227646001356;Miriam Goldschmidt;miriamgoldschmidt@hotmail.com;51981486886
60f33a81dc8bd0001392;Fernando Verissimo;fernandoverissimo.contabeis@gmail.com;49991335866
60f34d8adc8bd00013a0;Leonardo Ody;avantpar1@hotmail.com;49984002413
60f34ff7c4b434001414;Fabiano Da Silva;fabiano_smo_fabiano@hotmail.com;49991116595
60f34fb82fb5f3001394;arthur montagna;pzkmdd4frc@privaterelay.appleid.com;49984004951
60f3525a227646001359;Fernanda Dresch;fer_dresch@yahoo.com.br;46999083446
60f353c9fc86e4001260;Michele Do Carmo Agostini;michi_agostini@yahoo.com.br;49988331234
60f3533e22764600135a;Gabriela Damian;gabi.cdamian@hotmail.com;49988190169
60f35602c4b43400141a;Cassiane de Araujo;cassi-cassi12@hotmail.com;49991093884
60f3581cc4b43400141c;Iracema Tuni Machado;iracematuni3@gmail.com;34998896421
60f36003fc86e400126c;Willian Herbert;willian.gustavoherbert@hotmail.com;49998061369
60103c7b0621c3001230;Rosana Sales;rosanasouzasales@gmail.com;49991571363
60f36422dc8bd00013b7;Leandro Roani;leandroroani0@gnail.com;49991170747
60cfc043adfe70001915;Maicon Barbosa;barbosamaycon592@gmail.com;49991470871
60f36754c4b43400142b;Willian Sousa Padilha;willianspadilha157@gmail.com;49985013641
5b3966b3c7865b000f13;Aji sushi bar;cristiano.pinheiro07@hotmail.com;49989200760
60f37614bf243600134d;Victor Gabriel Ferreira;victor_g_ferreira@outlook.com;42988288958
60f37bd1fc86e4001284;Guilherme Oliveira;gui.oliveira3881@gmail.com;49991613474
60f4b736bf24360013b9;Eduardo Scaravonatto;nkw9s2fjh9@privaterelay.appleid.com;49991959551
602302c556165a001367;Claudinei Luis;executivos.ca@gmail.com;49999974021
60f5f0bdbaed41001224;Jayne Stela;jaynestela@hotmail.com;49991325558
60f71374ba736c001268;Daniela Allieve;daniallieve@gmail.com;49999343892
60f749733506aa0013ad;Juliana Basso;julianabasso1997@hotmail.com;49999169716
60f74cc010acbe00128b;Marci Tressoldi;marci_tress@outlook.com.br;49998295756
60f74dfd3506aa0013b0;Fabiane Moraes;moraes_fabiane@hotmail.com;49991932739
60eb6d9aab93f3001371;Gian Reis;reisgian@outlook.com;49984273473
60f7637f3506aa0013bf;Dionatas De Quadros;52fmvmt6tp@privaterelay.appleid.com;49988097545
60184e4ad73a9f001274;Kézia Alana;kezia.smo@hotmail.com;49998259824
60eb84c985ea5800122f;Alexandre Wolschick Ruppenthal;alexandre_wolschick@hotmail.com;49991468628
60f87878dc6dfb001368;Catiane Alves Paulino;catianepaulino@outlook.com.br;49984114643
60f88ebd18adad001323;Gabriela Zanatta;gabi_131097@hotmail.com;49991095408
60f879283506aa001308;Alexandre Silva;pch9ynvwh9@privaterelay.appleid.com;91985113038
60f89c2635c02c00136a;Leandro Zanella;zanellasmoleandro@icloud.com;49992006640
60f75df513d6da0013cf;Vanessa Carine Da Silva;vaane-smo@hotmail.com;49988474835
60f8a1b313d6da00131b;Alice Martins;alice.martins2706@gmail.com;49999656837
5e6e41209ce59a001c3d;Vinícius Pereiira;vinicius_taru@hotmail.com;54992524022
60aa6d6d345bb8001206;Jhéssica Nascimento;sy_je@hotmail.com;49989172694
60f8af2f13d6da001325;Ander Coito;lokavidaminha@gmail.com;49991499325
60f8afc613d6da001326;Karol Nunes;funny_kah@hotmail.com;49988502323
60f8b888dc6dfb00139c;Julia Lopes Candeias;julialopesdascandeias0512@gmail.com;49984137532
60f8cf9035c02c001399;Alex Marques;alexjuniormarquesmo@gmail.com;49999118353
60f9c42ba433290012b4;Jediael De Andrade Carvalho Chies;jediaelandradecarvalhochies@gmail.com;49991249233
60b7f9e82fefde0012e1;Aline Valerius;alinevalerius@outlook.com;49984198906
60098fc951ef480012f6;Rogério Luis Mainardi;rogerio.mainardi@outlook.com;49991570606
60098fc951ef480012f6;Rogério Luis Mainardi;rogerio.mainardi@outlook.com;49991803197
60f9da23a433290012bc;Marlon Zeppe;marlon.zeppe@outlook.com;49988695776
60f9e133c99f75001460;Eduan Serafini;eduanserafini2109@gmail.com;49999907528
60f9ec7a6000bb0013f6;Andreia Micheilof;deiamicha@hotmail.com;49992017730
60f9f4226000bb0013fc;Sidnei Rosa;sidneirosa546@gmail.com;49999843472
60f9fadcd806da0013eb;larissa reck;bqh6v2872x@privaterelay.appleid.com;49991068878
60f9f9ed9d927e001396;Mzt Muros;lauramazzutti-22@hotmail.com;49998303044
60f9fe4a6000bb001304;Rodrigo Massarollo;rmassarollo@yahoo.com.br;49991848731
60ea08b585ea58001289;Rita Ines Zardo Zardo;rita_mediatre@hotmail.com;49991530190
60e7907c9ec9cb001a1c;Luciane Rauch Debastiani;fernandesbotelhorodrigo@gmail.com;49991079705
60fa154feaf7d400127d;Nicolas Romancini;nickromancini@hotmail.com;49984383446
60faf846eaf7d40012ab;Taisa Mariane;taisa-mariane1@hotmail.com;49999017629
60fb3d38c99f750014f8;Marisa Favero;marisafavero@hotmail.com;49991239239
60fb3de9d806da00136e;Rafael Werner;rafadbozo@hotmail.com;49991432017
60e8d988811ead00130f;Juliane Lapazini;juh_lpz@hotmail.com;49991051416
60fb434d6d3b080013ff;Jessica Rugeri Polli;jessye_smo@hotmail.com;49999017440
60fb46796d3b08001302;Roseni Gulich;rosenigulich@hotmail.com;49988411409
60e5b78e492d49001299;Tatiane schoingele;schoingelet@gmail.com;49988866906
60fb434975f6190012eb;Andreo Boff;andreo_smo@hotmail.com;49988011946
60fb481bc99f75001401;Rafael Do Santos;pereiradosantos@gmail.com;49988020681
60fb4a75d806da001379;Alex Martins;alex_hensing@hotmail.com;49991015223
60fb4cd76d3b08001307;Josiano Guilherme Puhle;puhlejosianoguilherme@gmail.com;49998098169
5d1fc5823e37b4001236;Iago Gabriel;iagosimoneti@hotmail.com;49991497544
60f9e81f6d3b08001391;Denner Batista;denner_pig@hotmail.com;49984042822
60fb615fd806da00138d;Dedé Ivoott;andreivoott@hotmail.com;49999455313
5f79036da6a92f00143a;Francielli Boff;fran_boff@hotmail.com;49989103346
60fc8af39d927e001389;Fabiano Luiz Martiny;martinysmo@hotmail.com;49984138717
60fc8a9bc99f75001487;Evandro Patricia Soares;vandro-pati@hotmail.com;49991653331
60fc8303c99f75001481;Ana Paula Vivian Grassiolli;kk2jybd9rj@privaterelay.appleid.com;49991323944
60082e3e4c00880013e5;Franciele Sirena;franciele.sirena@outlook.com;49988485901
60fc90f49d927e001390;Taís Betina Braun;twww4j4vzr@privaterelay.appleid.com;49988251286
60173fe251d451001367;Camila Rauta;camilarauta@hotmail.com;49991808260
60fc285bd806da0013ca;Ana Paula Machado;machadoanapaula249@gmail.com;49991629319
60fcac306d3b080013b2;Graci Ody ChiapariniBritto;gracielichiaparinismo@gmail.com;49999783661
6010da7c0621c3001230;Jullyê Pacheco Silva;jullyepsilva@gmail.com;49985043271
600ca268c623c1001251;Eduarda Tomazelli;uj7wbckqss@privaterelay.appleid.com;49988728945
60fdda9fd806da001390;Cris Geremias;kris_1010@yahoo.com.br;49991176603
60fddb5d6d3b08001317;Karine Bedin Cechini;kari_smo@yahoo.com.br;49991688373
60ea1471a3ad640013d0;Alana Diodato;alanaoulanny@hotmail.com;41998567543
6015fd0a51d451001367;Vítor Arcaro;vitor.arcaro16@gmail.com;49998300821
60fde19d9d927e001313;Jessica Oliveira;jeeh2605@gmail.com;49991466308
60fde3ced806da001397;Jennyffer Dayane;jennyffer_dayane@hotmail.com;81998252803
60fde4e0d806da001398;Elizete Nilton Camera Souza;eli_nilton@hotmail.com;49988730015
60fb394dd806da001369;Guilherme Bonavigo;ng2qmqxqqa@privaterelay.appleid.com;49988409595
60fdef1e75f61900121d;Leonor Uhlamnn;leoniruhlmann91@gmail.com;49988414037
6020902368716b00128f;Greicy Bedin;greybedin@hotmail.com;49991379788
60fb6190d806da00138d;Alessandro Mg Da Rocha;alessandrogomes0808@gmail.com;49999838246
60dfc3f252f3840012d8;Maicon Douglas Rodrigues;maiconsilva9816@hotmail.com;46991260082
6095cf1a755c4a00121d;Carlos Pinheiro;carlos_pinheiro@live.com;49988708686
60fdb266eaf7d40012d3;Ingrid Monique Diniz;ingriddinizsmo@gmail.com;49991908731
6010b07a03fb8c0013a9;Andressa Maria Lui;dressalui@hotmail.com;49991762396
60d9236b4515bf001647;Aline Tais Fernandes Ochoa;alinetfo@gmail.com;49988080715
610086f5f840f00012d5;Tiago Gallina;tiago.smo@hotmail.com;49999488309
6100977511a5f40019d7;Giovani Fernandes;gicagica.smo@gmail.com;49999364150
60f8b9370c9bf7001371;Vanessa Carolina Bonatto;vanessanessa_@hotmail.com.br;49984337398
6100a73bf840f00012ec;Nice Grings;nicegrings@hotmail.com;49985019473
61015a53fb4bd80012eb;Dani Moreira Steffens;dani_smo7@hotmail.com;49991273311
6101af32fb4bd8001205;Gabriel Santos Ribeiro;gabrieldsrg123@hotmail.com;49988774998
60ff50c86d3b080013a8;Robson Oliveira;robson.oliveira0408@gmail.com;42998031510
6101d96111a5f4001935;Camila Andréia Bernardi Lorencett;camilaandreia@yahoo.com.br;49999180566
60c105e176a6770012a2;Naor Ferreira;naor.33@hotmail.com;49998164237
601058a28b525a00123c;Eliane Da Silva;elianepedott@gmail.com;49984185674
6101d6f211a5f4001933;Alan Pontes;psouza.alan@gmail.com;49999174047
60171d7455a79200128f;GABRIEL ATHAYDe;cantorgabrielcosta@gmail.com;49992015441
5d83b17354a93800185f;Júlia Gabriela Lauxen;julauxen2000@gmail.com;49991977770
610479de9341d500127b;Marli Takes;marlizinhat@hotmail.com;49992008170
6104798ba64c640013e7;Fernanda Castamann;flcsmo89@gmail.com;49991544870
610318d10f1d3a001315;Jéssica Cristina;jc975318@gmail.com;49998025154
61048238e4ff9c0013e1;Talita Mara Folgiarini;folgiarini14@gmail.com;49999548245
60f89b30ba736c0012d4;Tatiana Fritsch;tatyne2019fritsch@gmail.com;49991838062
61049509e4ff9c0013f1;Bruna Eloìsa Kopsel Nunes;bruna.eloisa2006@gmail.com;49991418894
61049991059fb9001287;RAFAEL NEUMANN;rafaelneumann13@gmail.com;49998309053
6011b742f27a390013da;Cleber Freitas;adrireginafreitas74@gmail.com;49991685244
6105c02f9341d50012fd;Lisandra Paganini Birkheuer;lisandrapb@gmail.com;49984184889
6105c02f9341d50012fd;Lisandra Paganini Birkheuer;lisandrapb@gmail.com;49984371355
6105c4321cfc3200134c;Andreia Gossler;deiagossler12@gmail.com;49991782788
60fca0fc6000bb001320;Eliana Luz Amaral Mundstock;eliana.luz.amaral@gmail.com;49988712607
60fc9c666d3b080013a5;Rafael Scheffler;rafaelscheffler@gmail.com;49998113070
61032e1b11a5f400199d;William Lima;wkpsicologia@gmail.com;49991311317
6105d7e87c546d00152a;Carla Kelvin;carlarheinheimer5@gmail.com;49991577528
6105d7e87c546d00152a;Carla Rheinheimer;carlarheinheimer5@gmail.com;49991577528
6105d6431cfc3200135a;Francisco Jovenal Honorato;franciscojhonorato@gmail.com;49999286907
6105e095059fb90012ee;Síntia Talissa Britto;sintia_smo@hotmail.com;49999410707
60208bcec35d79001287;Jonathan Henrique;jonathan-b2@hotmail.com;49999437448
600f3ccbbf9e1a0012a6;Wilson Brandão;wilson.tt15@gmail.com;49991940754
61070dfb5d4f040013fc;Vanise Cassia Peter Coletto;nise_smo@icloud.com;49991364441
6107209d9341d5001278;Fabio Imhoff;fabiojimhoff2@gmail.com;49988155374
610723c8a64c640013c7;Ana Júlia;anajuliafw@hotmail.com;55999486408
60f5f2e9d2853800134b;Djzim Claudenir;claudenirdossantos32@gmail.com;49985059389
60f5f2e9d2853800134b;CLAUDENIR DOS SANTOS;claudenirdossantos32@gmail.com;49985059389
60f5f2e9d2853800134b;DJZIM Claudenir;claudenirdossantos32@gmail.com;49985059389
610868fc0a60cc001355;Lucass Silva;lucasssilva806@gmail.com;49991785730
610875ffc0c64a0013fb;Letícia Mallmann;leticiamallmann813@hotmail.com;49998295860
6108962129db40001333;Edio Spiecker;edio_spiecker@hotmail.com;49984111022
6109c01b335c3b00131e;Jean Paulo Kehl;jeankehl87@gmail.com;49991034456
6109cd5d3167cd0014a1;Eleandro Martins;eleandro.mh123@gmail.com;49991819042
610345ffe4ff9c001381;Luan lima pinto;luan92472@gmail.com;49999489660
6109d3ebf3461f001286;Pedro Santos;djlaranja93@hotmail.com;33999610193
6109d5f483cf4c00133b;Alexandre Pereira;alexperelolgate@gmail.com;49988016441
6109d7483bb44c0012e6;Fabio Junior;fabiojr.amaral@hotmail.com;49991018201
610b1162ed746200127b;João Vitor Gonzatti;vitorjoao25@hotmail.com;49991353778
60f35a8bfc86e4001267;Elisa de Aguiar;elisadeaguiar.deaguiar67@gmail.com;49999332326
610b16befab6000013be;João Marcos Bratkoski;jmbratkoski@hotmail.com.br;49998117190
6014668b94e99a001250;Fernanda Konflanz;fernanda27021998@outlook.com;49991316299
60baab2095633c001468;Marielli Eh Mateus Fraporti;marieliverdum35@gmail.com;49991065195
610c63508016a8001239;Igor Roecker Da Rosa;igorrdarosa@gmail.com;49984355138
610056c063368100126b;Greison Kummer;greisonkummer2016@hotmail.com;49988581450
610db72d222c4b0013a7;Nadir Mocellin;nadirmocellin063@gmail.com;49988055558
601498e42a605d0019b6;Vanessa Grando;vanessagrando65@gmail.com;49984235100
610db82de7f74f001301;ana Cláudia mühl Schneider;isfp.anaaa@gmail.com;49998157450
61072e7ee4ff9c0013e5;Eduardo Luíz Scopel;tdxdqvgpqq@privaterelay.appleid.com;49991343033
602d79280e5a3600127c;ANA PAULA CONRAD;annapaaula8@gmail.com;49991941156
610dd103222c4b0013c0;Matheus Santos Bissat Leite;matheusbissat92@gmail.com;49999901875
610dd103222c4b0013c0;Matheus Santos Bissat Leite;matheusbissat92@gmail.com;68992178989
610dd22f4af8450013a9;Gessica Gelci Rucks;rucksgessica@gmail.com;49988179408
6017202f09f9b10012b3;Luiz Henrique Martins Pinto;luizhenrique.smo3@gmail.com;49999964752
610de5e097cea90014be;Júnior Preis;juniorpreis17@hotmail.com;49998406521
610deaf210610c001251;Andrikeli Bueno;8yn8kpvjw8@privaterelay.appleid.com;49988735744
60f35d05c4b434001421;Jéssica Carine Erlo Endres;jecarine98@icloud.com;54999148002
610ef649222c4b001331;Raquel Heberle;raquel-heberle@live.com;49991609178
6008cbed5907de0012c4;Carina Dreyer;duda031012@outlook.com;49998056378
5bb48bd4b01a36000f3c;gessica de oliveira;gessicaturcato@hotmail.com;49988161724
6100b4460f1d3a001364;Diogo Rubiele;diogowebersmo@hotmail.com;49988549790
610f1bc822dac20013eb;Helena Cardoso;helena_78smo@hotmail.com;49992003717
610f21cde7f74f0013a4;Andréia Neumann Paula;andreia_kk@hotmail.com;49984272339
610dcfa697cea90014ae;Rudimara Pereira;rudhydesc@gmail.com;49991040509
6110476e22dac2001357;Débora Siqueira;deborasqa@gmail.com;49991416252
6110513022dac200135f;Segiane Dorneles;segiane.dorneles08@gmail.com;49984009380
6110597897cea9001495;Andreia Lopes;andheika@gmail.com;49991070827
61106003e7f74f001305;Nádia Maria Ioris Janovitz;zdd4wbwcrh@privaterelay.appleid.com;49999247743
61105f4897cea900149a;Andressa Dill;andressac.dill@gmail.com;49991532880
6110727d97cea90014a9;Sidinei Lara;sidineilara@gmail.com;49991738817
60f9f8e075f619001263;Eliezér Uhlmann;uhlmann.eliezer@hotmail.com;49989123038
6113f682dacf340013b7;Estéfani Caroline Teixeira Wagner;estefaniwagner005@gmail.com;49991617476
61145baf2c2da0001320;Maickon Felipe Pereira;kwpcantu@gmail.com;49999153881
61158d1a49518e00123d;Tatiane Luft;tatiluft@hotmail.com;49999145022
61159f4706635a00137d;Larissa Schenatto;larissa_schenatto22@hotmail.com;49999346005
6115a78049518e001253;Saionara Spada;saionaraspada@hotmail.com;49999088052
611457052c2da000131c;Caio Kennydy Burin;kennydy998@gmail.com;49999121286
61167f38c06e800013d0;Raquel Kunz;raquelkunz@hotmail.com;49999827646
6008b7f35907de0012c4;Felipe Douglas Costa;costa.felipe17@gmail.com;47992070961
60f897130c9bf7001351;Sheila Bianca Cestari Machry;shei_bianca@hotmail.com;49991933426
601189fcf27a390013da;Matheus Ferreira;matheusferreira63695@gmail.com;49999542529
6116f10833218600153a;Maria Eduarda Zorzi de Lira;zorzimarialira@hotmail.com;49988644543
6011f3e55c5fb30017d2;Fernando Bruch Dimer;fernandobruchd@gmail.com;49998233443
6117143033218600155c;Andressa da Silva;andrydasilva715@gmail.com;49991167004
61183354dbe980001487;Roseli Fraporti;rosely_fraporti@hotmail.com;49991039556
61183782d78ebe0012f2;Nathan Henrique Moreira;nathan.h.moreira@hotmail.com;49991490057
611840184dacf3001257;Jardel Bregalda;jardel_bregalda@hotmail.com;49999017445
61183f09dbe980001495;Kauan da Silva;mortalsonik@hotmail.com;49991366614
602af4d80dcfe0001270;Maria Klering;maria.klering@gmail.com;49991541620
611848724dacf3001260;Franci Balbinot;francielebalbinot@yahoo.com.br;49991936989
602afd85d31fc70013eb;Maria Eduarda de Souza;mariaeduardadesouza12@yahoo.com.br;49991282281
611988f533218600153e;Gustavo Pinto;spowksmo@hotmail.com;49999235593
607caef1ac3f75001209;João Paulo Rockenbach;paulo-rockenbach@hotmail.com;49991231770
611998bc06635a001340;Indiane Marchetti;indianemarchetti@gmail.com;49991713471
6119a27d49518e001218;Guilherme Alves;guialves2302@gmail.com;49991607511
6031a42d197fb30012d1;Lacir Bueno;buenolacir@gmail.com;49999023565
6119c48749518e00122c;Neimar Mello;neimarmello@hotmail.com;49988193969
604fcb34ecc34a001447;Misael Araujo;araujomisael02@gmail.com;49988589797
611c3a0c7a857400129b;Ana Paula Floss Souza;ana_paulafloss@hotmail.com;49992005935
611d7e00aa52e900120c;Davi Miranda;davialves3983mzbv@gmail.com;49999612138
60149922b17e70001272;Carlos Alves;prof.carlospinheiro@outlook.com;49988708686
611d8bf489753c001234;Bernardo Werner;bernardovictorwerner@gmail.com;49991047786
611d96e366dfcb0012d6;Alessandra Carpes;alsssandramassignanicarpes@gmail.com;49984063845
611ec801aa52e9001268;João Vitor Brustolin Amaral;brustola2020@gmail.com;49999108483
611bc11d06635a0013cd;Thamires Hilger Spohr;thamireshilgert@icloud.com;49998287586
600881914c00880013e5;Manoela BARBOSa;barbosamanoela963@gmail.com;49920017476
61203b9814bdab0013e4;Janice Henz;djconstrucoes09@gmail.com;49991293613
61203fbf597c1e00125b;Alan Leandro Haag;alanhlhaag021@gmail.com;49991760249
60f7522118adad0013dd;Beatriz Royer;biaroyer@hotmail.com;49999072018
611d959d89753c00123c;Naiana Zambiazi;naizambiazi@hotmail.com;49991894616
61217b9a5205c7001231;Miria Pirola;miriapirola@hotmail.com;49988770615
6105dbc87c546d00152d;Aline Gnatta;alinysmo@hotmail.com;49988257605
612178dbbd43ca001209;Jandir Ahmann;jandirj10@gmail.com;49991431277
612184155205c700123b;Rodrigo Alencar;alnecar_rodrigo@hotmail.com;49991196208
612185ee597c1e0012cd;Gabriela Marasca Schneider;gabriela_marasca_schneider@hotmail.com;49984097226
600b187ea31f7c001228;Saulo Benedetti;saulo.benedetti@hotmail.com;49988376430
6121876b14bdab00134e;Júlio De Conto Tiezerini;juliotiezerini@gmail.com;49998221601
61218bd814bdab001352;Mauro Pietro Biasi;mauropbiasi@gmail.com;49988746645
61219954f31b69001262;Anderson Pelegrini;andersonpelegrini@gmail.com;49991433253
611846964dacf300125e;Lauane Dorigon;lauanedorigon49@gmail.com;49999008296
6122e46ca060d9001294;Mayara Chagas Beppler Santana;mayarasantana6113@gmail.com;49998193135
61242c371abec3001942;Lucas Pivatto;lpivattoace@gmail.com;49999107204
60fcc922d806da001332;Joao Pedro Medeiros;rcp4xydp2v@privaterelay.appleid.com;55996346487
61256d550bc5c20012f3;Vanessa Braitenbach Benetti;vanessabbenetti@gmail.com;49991231578
6125744da11cff001b2d;Galgo Antiguidades;ismael.magalhaes@hotmail.com;49991891992
6125744da11cff001b2d;Ismael Magalhães;ismael.magalhaes@hotmail.com;49991891992
6125799820816f0019ac;Micheli Di Berti;michi_amadinha@hotmail.com;49999024026
6126b39c1abec30019e1;Taís Kossmann;taiskossmann9@gmail.com;49991510028
5c96a6865b36a70011d1;Lucas Mazzutti;mazzuttilucas@gmail.com;49991913001
6126d1ee1abec30019fb;Cristiano Ciolan;cris_ciolan@hotmail.com;49991355024
600ad764de7f20001298;Andressa Bazzo;andressa16.bazzo@gmail.com;49991878148
60097ae39f0933001229;Cibele Mueller;cibelemueller8@gmail.com;49991088731
612808775faf64001c51;Andrei Carlos Nichel;andrei.nichel@gmail.com;49991718473
60171ba9c64316001291;Matheus Sassi;matheusgs-16@hotmail.com;49999821907
60440fe43a0529001283;Franciele Martinotto;franmartinotto_ml@hotmail.com;49988314789
6129696f0bc5c2001214;Alexander Assis;assisalex1234567891@gmail.com;49984252365
60e8ce372bf077001394;Bruna Di Berti;bru_amadinha@hotmail.com;49991396292
612973f95faf64001cc8;Líslie Stulp;lislie.stulp@gmail.com;49999485584
609ad9cf83f64900122d;Neiva Fernandes;neivafer@bol.com.br;49988746739
612abba980914e00144d;Juliano Krzyzanowski;julianokrzyzanowski402@gmail.com;49991174834
610a9af73167cd0014d2;Maira Fernanda Pavi;mairafernanda97@hotmail.com;49999558373
60f9fdf375f619001267;Matheus Stertz;masi.11pou@gmail.com;49991574179
60aaceca720b9e0012f0;Victor André Batagin;victorbatagin@gmail.com;49999615254
60eb67c7ab93f300136b;Vanessa Bernardi;vane_bernardi@outlook.com;49991640922
612ac4b280914e001456;Janete Felipa;janete.felipa@gmail.com;49988633013
612ac9ad7aca5200121a;Henrique Pereira;pereirah669@gmail.com;49999729286
607768173ce2d000142d;Gleicon Lösch;gleiconsmo@gmail.com;49988155015
611057d810610c001253;Ronaldo de Lara;croco_peres@hotmail.com;49991311148
612d5bd0d2f3630013c5;Kély Hart;kalyhart@hotmail.com;49991113019
6116edd1c06e80001313;Adinan Igor de Lima;adinanigor@hotmail.com;49998407572
613001f780914e0014cd;Marcia Spenassatto;diskaguasmo@gmail.com;49999231832
6057c02a11e128001274;Eduardo Panizzon;elpanizzon@hotmail.com;49999041790
6130208cde68c0001231;Tailon Zanella;tailonsmo47@gmail.com;49988293586
61315ed83846d500128c;Adriano Carvalho;adriano.rodrigo.carvalho@hotmail.com;49988832554
6017488c520cdd00139d;Camila Paz;camila.paz1996@hotmail.com;49999410707
61328a30d33c62001379;Aelcio Soares;afarias12@msn.com;49991719669
60bc0213005d6c0012dc;Luana Alves Da Silva;lu03silva0310@gmail.com;49998021396
6106f2dc059fb9001234;Andressa de Almeida Daltro Cordeiro;andressa.daltro@hotmail.com;49984001007
61329febdac79500146c;Alana Amarante rigon;alanarigon@outlook.com;49991013612
6010888f03fb8c0013a9;Elisangela Sousa;elisangela3947@gmail.com;49998413871
6132baf8d33c620013a7;Rodrigo Giacomelli;rodrigogiacomelli@live.com;49991714061
6133e655de68c000127c;Rodrigo Silva Souza;rodrigo_ipo14@hotmail.com;49991595711
6133e8533846d500127d;Priscila D Maia Rodrigues;primaia@yahoo.com.br;42988036978
60f0abc3494526001dd9;Mateus Borba;mateborba@gmail.com;49991590205
600f6158a5c3620013be;Gabriela Klein;gabiklein1209@gmail.com;49984357432
613402c52569f40012eb;Sabrina de Sousa;sabrinadesousaparecy@hotmail.com;49984230624
600ebdafbf9e1a0012a6;Salete Micheilof;saletemicheilof060@gmail.com;49988095886
60fb4a646000bb00138c;Nubia Mercês;fabi_merces@hotmail.com;49999310457
61340fe6dac795001412;Raquel Casagrande;rake_casagrande@hotmail.com;49991341274
61341245dac795001415;Christiane Beatriz Costa;chrystyanecosta@hotmail.com;49991685958
6133d7282569f40012bc;Glenda Campos;glenda.alexandra@hotmail.com;49999951999
61353a1c2569f4001255;Cleiton Cogo;cleitoncogo10@hotmail.com;49991565552
60a99593d00a8800136d;Anaceli Torcatto;celi-torcatto@hotmail.com;49999057785
61354714dac79500147e;Elaine Pereira;laine099az@gmail.com;49991016327
613549c5d33c620013a0;Claudia Oendili Both da Cruz;claudia2307oendili@gmail.com;49920003540
6135574180914e0014f9;Jady Da Silva;jadysommer297@gmail.com;49991755488
613566107aca520012b7;Isley Rodrigues;isleyrodriguesdapaixao@gmail.com;49991369797
600a332851ef480012f6;Paula S De Bona;paula.schneider@hotmail.com;49991377425
61368a4ad2f3630013f2;Bianca Heinen Toillier;biancaheinentoillier@gmail.com;49998176228
61369154d33c62001314;Luani Faria Padilha;luanifaria84@gmail.com;49988028439
6136a439d2f36300130e;Agnes Gonçalves;6kkf6bqcmh@privaterelay.appleid.com;49991629637
6137e28a80914e0014f3;Luciano Cazarotto Kunz;lucianokunz46@gmail.com;55996391365
6115aacb49518e001256;Bruna Bortolini;brunabortolini99@gmail.com;49991698817
613930dfd9e57b0012b7;Patrick Marques;pitymarques0712@gmail.com;49991213566
60ca8151af17ef00131b;Ju Terci;ju.terci@hotmail.com;49999128004
601c88e57c0c18001440;Kaue Klein;kaueklein29@hotmail.com;49998016065
613a80ea161b070012c3;Fernanda De Souza Cugler;ferediogo@hotmail.com;15996136903
611db05facf50100133c;Thayla T. Lucena;thaylatlucena@gmail.com;81991237281
613a9b683896340012a9;Henrique De Souza;ique.cabal@hotmail.com;49988424877
61329e98d33c6200138a;Andressa Weber;andresa_weber@hotmail.com;49989229727
5a0cab08548149000f6d;Denise Tapparello;denise.bt@hotmail.com;49991913391
613bd507161b07001245;Eduarda Resner Lago;eduardaresnerlagosmo@gmail.com;49991650580
600b20d9ce4f270012f3;Rodrigo Blockl;rodrigoblockl@hotmail.com;49999918212
613bdb61014dba0013b3;Douglas Andreis;douglasandreis@hotmail.com;49992028770
613be5f90d491700125b;Kenia Bandeira;kenia_smo@hotmail.com;49998203885
613a8231bb641e00123f;Marceline Wermuth Beckenkamp;marcelinewb@gmail.com;49999401442
601c70392b56e9001283;Gabriel Almeida;gabi.alves.almeida2020@gmail.com;49991624741
613cba8f7d6fba001201;Anderson Boff;anderson.boff.22@gmail.com;49988469994
613bdd600d4917001253;Gabriel Pavoni;pavonigabi02@gmail.com;49991384740
613d2a3ad9e57b001236;Paula Roberta Bacin;paula_bacin_@hotmail.com;49984239261
613d2ed9d9e57b00123b;Mara Godois;mara_pilla@hotmail.com;49988072555
601034b940bb46001472;Lucas Antônio da Silva;lucassmo0206@gmail.com;49991372361
613d295e8f778c001320;Paulo Sérgio Da Costa;paulo808@gmail.com;49991217565
5ff63ffc6bf8e40014ff;Kamila tais Basso;kamilataisbasso2000@gmail.com;49998154240
609469b2623de100128c;Joana Rios;joanasrios@hotmail.com;49991158612
613e6fd0d9e57b0012b0;Agata Luiza Konflanz;agataluizakp0234@gmail.com;49991242893
612c04467aca52001277;Viviane Cristina Oliveira Zanin;viviane.zanin@yahoo.com.br;49998148949
613e9a4bbb641e0012d1;Kamila Santos;kamilasantoswelter840@gmail.com;49920016164
61410021d9e57b00126f;Luzenir Maria Bizotto;luzenirb@yahoo.com.br;49991589834
61412856ca80aa00128c;Bruno Rossi;brunoruese@hotmail.com;49991700493
603abccbfe3478001231;Amanda Daltoé Cardozo;amandacardozo38@gmail.com;49991157094
61414156b1e78f0013ea;João Victor Lunardi;rq7tgpdfmk@privaterelay.appleid.com;49988839009
614261f02d882d001200;Juliana Marcon;w8kttwzmsy@privaterelay.appleid.com;49991064826
61426f19033ea90012f1;Elison Veneral;elison.veneral@bol.com.br;54991423842
6142819829bacd0012e2;Patrik Dos Santos;patriksmo21@gmail.com;49991156675
6143bbc04532dc001216;Soniamar Pirola;soniamar_pirola@hotmail.com;49988140972
61439a475d20a500140e;MARINNA ANNONI;marinna_annoni@hotmail.com;49984039140
6144f97db9899f001266;Thifani Vieira Mendes;titixxe15@gmail.com;49999381617
61452b51983c3c0013a7;Deise Facchinetto;deisedafne@hotmail.com;49991670792
601325da3ad1fe0012dd;Rafael Delpino;rafaeldelpino159@gmail.com;49998157721
61453d0909ca8c00137c;Diogo DA Luz;diogoeariele@gmail.com;54999446002
61464f80983c3c001314;Cleusa Rosa Rodrigues da Silva;cleusarosarodriguesdasilva@gmail.com;49998135875
61465e245d20a5001407;Aline Schneider;dossantos.clarice@gmail.com;49991238704
6011e6d069ea78001250;Diana Mara Anghinoni;diana.anghinoni@gmail.com;49991668608
614671a84532dc001205;Lucia Massolini;luciamassolini@hotmail.com;43988475985
6147b3db824a41001349;Tiago Nhoatto;tiago.nhoatto@gmail.com;49999366776
6147be094532dc00127d;Odilon Ludwig;odiludvig@gmail.com;49999553105
6147e2415d20a50014b4;Polyana Maria Schons;polyschons@gmail.com;49991571262
614a5a52a6335c00137c;Luana Da Silva Rodrigues;luanadasilvarodrigues83@gmail.com;49991227073
614ba37909514200123c;JOÃO MARCIO TRENTINI DE ARAUJO;trentinitransportes@gmail.com;41991863263
6018398b55a79200128f;Debora Rissi;deborarissi.med@gmail.com;49999928856
614bc2a277bf8d001252;Vanessa Muraro;vanessamuraro21@gmail.com;49991071337
614ce7b137c4d100122c;Lucas Alves Paulino Da Silva;lucas_paulinho@hotmail.com;49998294944
614cff5777bf8d0012aa;Di Patricia;dionepatricia2011@hotmail.com;49999342511
614d0ab077bf8d0012b3;Thays Enzo;moraes-thays@hotmal.com;49991833524
614e04adb116d20012e5;Marcelina de SOUSA Parecy;marciaparecy@hotmail.com;49984091290
614e42cc61650f001296;Carla Favretto;euzinhafavretto@hotmail.com;49989018172
614e4efc37c4d10012a1;Elisandra Lurdes Guzatti;elisclaiton@gmail.com;49991065912
614e5509d9ec520012cf;Madeleine Nunes Fortunato;madeleinenunesfortunato@yahoo.com.br;49991162312
614e6a70b116d2001217;Gabriel Lenz;gabriellenz10@yahoo.com.br;51995841226
614e74bd37c4d10012c0;Maricler Mezzaroba;mariclermezzaroba@gmail.com;49998272962
614f95423c40e7001364;Adriele Bourscheidt de Costa;adri.bdecosta@hotmail.com;49991121585
60102232ee2f4e001244;Paulo LUDWIG;pfludwig@gmail.com;49991849797
614f9950fc395900129e;Hevelyn Priscila Menegassi;hevelynmenegassi2003@gmail.com;49991148231
614fa308b116d2001280;Isadora Guaresi;iedaguaresi@hotmail.com;49989093838
6137f4d5d33c62001399;Édina Gasperin;edina_gasperin@hotmail.com;49989010343
614fa73e095142001294;Marcelo Felipe Giovanaz;marcelofellipe@hotmail.com;49999646151
614faa0d77bf8d001294;Marcio Ceolin;vanesinha_smo@hotmail.com;49991458412
614f670561650f0012f9;Morgana Salvador da Cruz;morganasdacruz@outlook.com;48991918732
6150fe84b116d2001200;Alan Tibola;alantibola@hotmail.com;55997035346
60639e451ee9f200133c;Alan Balensiefer;alan33bal@hotmail.com;49999293339
61510da1b116d200120a;Rodrigo José Borghetti;rosanebberjb@yahoo.com.br;49999143680
61525dd3d9ec52001234;Anna Luiza Casagrande Voos;annaluizacasagrandevoos@gmail.com;49988772261
610c84253ffa8d00136b;Tamara Gularte;tamara.gularte95@hotmail.com;49991748695
5cba43374b8c5d00114f;Lucimar Galiazzi;lucimargaliazzi@hotmail.com;49984267802
6153a9ae2b0c750012a0;Lucas Pereira;lkwpereira@gmail.com;49999293290
6153b024da0bf5001479;André do Valle Araújo Alves;a_valle@icloud.com;49999419414
613906e37d6fba0012a9;Dioni Marcos Gromann;dioni.gromann@amo.delivery;54999455573
602b01f08c546c001279;João Cetolin;jcetolindo@gmail.com;49991456939
6154da4199e61a001228;Lucas Eduardo Finatto;euamotuprofe@gmail.com;49991951691
6154e141da0bf50014a7;Alex Balen;balenalex9@gmail.com;49991661165
6009d0637b892f001358;Natália Regina Torrel;nataliatorrel@hotmail.com;49988474765
6150d0b43c40e70013bb;Sophia Passamani;sophiapassamani@gmail.com;51993380337
6154ebb9fdb5bc00124a;Vanderlei Cesar Kosmann;mercadokosmann@gmail.com;49991316030
6154ebb3da0bf50014af;Lizi Dos Santos;lizi_izotton@hotmail.com;49999997040
615500b5da0bf50014bc;matheus Pedroso;matheuspedroso2503@gmail.com;49999204671
6147b218824a41001347;Eron Castro Calasans;zaice44@gmail.com;49984234541
615788ab99e61a001200;Maria Carolina Bueno Nardi;bueno.nardi.2001@gmail.com;49989222944
61578efdfdb5bc001202;Marcelo Kunst;5pkhycjqsz@privaterelay.appleid.com;49984114102
61040b525d4f04001300;Emanuella Scopel;maanuscopel@hotmail.com;49991436789
61579e8538d3d70012d9;Juceli Terci;juceli_gba_@hotmail.com;49999128004
6158d72538d3d7001221;Diana Simon;dianasimon_smo@hotmail.com;49991256092
6158e23338d3d700122b;Matheus Bazzotti;bazzottimatheus@gmail.com;49991646851
604d5cc04ded05001338;Carina Neumann;carina.neumann@outlook.com;49999954186
6159076738d3d7001248;Maísa Valar Silva;maisavalar@gmail.com;49999148080
61590b4891690a001348;Giulia Gomes Zart;gj9k9ksfj9@privaterelay.appleid.com;49999752646
613e979fb1e78f001322;Cleonice Maria Bolezina;cleonice76@hotmail.com;49988747223
615a1d9591690a001391;Cristiane Patrícia Bedin;cris-bedin@hotmail.com;49984280046
615a2817da0bf5001434;Rafael Lemes Ternus;rafaaternus@icloud.com;49991530847
615a29ec2b0c750012bb;Tainara Bado De Oliveira;tainarabadot@gmail.com;49999783152
615a3034fdb5bc0012da;Mauricio André Wolfart;mauricio.a.w.0@gmail.com;49988169812
6121997ef31b69001262;Rafaela Steinmetz;rafaa510@hotmail.com;49988113190
6158e2ade48f210012d5;Franciele Heck;franci_heck97@hotmail.com;49991096468
615a3f652b0c750012cd;Poliana Bertoletti;polianabertoletti123@gmail.com;49991838129
615a5060da0bf5001454;Juliana Kegler;juli.kegler@hotmail.com;49999013772
610092af23551f001350;Andressa Carvalho;andressavocentina515@hotmail.com;49991489740
60100cb01e0063001304;Roseli Fachin;roselirehbein2209@gmail.com;49985046149
615cabfad345ae001361;Marisa PROVENSI;marisa_provensi@hotmail.com;49999567009
615cd39acf9d3a0013f9;Sidnei Battisti;paulaewidy@hotmail.com;49991957299
615ba2f42b0c75001249;Shaiane Ribeiro;shai.santos123@gmail.com;49991570523
615e1ea6f3d905001306;Valdomiro Rodrigues;valdorodrigues2013@gmail.com;49989251215
615cccef506ff90014ab;Luana Flávia Martiny;luana.martiny0711@gmail.com;49991372980
614fb455d9ec52001257;Aléx Júnior Fagundes;fagundes_alex@yahoo.com.br;49998178411
615f6cc81e09a7001325;Gabriela Cristina De Andrade;gabryellaa22@gmail.com;46988003367
612aae45dac7950014f1;Alex Sandro;alexsandro_smo@hotmail.com;49988357678
61606153df335900134e;Felipe Sonalho;sonalhofelipe14@gmail.com;49991033890
6160bb951e09a7001391;Jéssica Dill Tonet;jessica_tonet@hotmail.com;49998152361
6160c65c8137d90012d1;Emily De Oliveira;eemiihaag_@hotmail.com;49991615267
6160c8d0e234e70012ce;Giseli Ortolan;gisi_ortolan@hotmail.com;49998308971
611d8ebeec051500134e;Karine Farias;karinefarias2021@gmail.com;49991939395
61620d73fd341d0012f8;Franciele De F Souza Bueno;iurybucgs09@gmail.com;49999037413
61620d57e234e700122e;Victor Eduardo;victorwathier@gmail.com;49991915250
5ae39cc978ed2a000f4d;Marco Antonio Martins Laier;m.armani_laier@hotmail.com;49999324351
616229c28137d900124c;Eduarda Barp;fy4pnyhnfx@privaterelay.appleid.com;49984024865
613d3acd38963400129c;Ana Das Chagas Pacheco;anagiceldapacheco@gmail.com;49984246121
6162302bdf3359001303;Emmanuelly De Pieri;clienteconsertaemmanuelly@gmail.com;49999080967
616230a11e09a7001323;Taina Cassol;tainacassol1@gmail.com;49991824624
616233d3df3359001306;Aline Carolaine De Souza;282gnbbfn7@privaterelay.appleid.com;49999900176
616357f5e234e70012a4;Luan Saretta;sarettaapps@gmail.com;49991786532
6133f5043846d500128d;Francis Paulo Mueller;mueller.fpm@gmail.com;49991199009
601944f0da158e00129e;Tiffany Erlo;tiffanyerlo@hotmail.com;49991493666
61637a4f0b35d100121f;Jaqueline Taísa Weber Mahl;grzk6mdb5f@privaterelay.appleid.com;49991888534
616387c78137d90012ca;Tiago Dias;tiagodbdbhd@gmail.com;49998415034
6165edb91e09a700130d;Bianca Letícia Ortolan Da Silva;biancaleticiaos52@gmail.com;49999263396
6165fd8ddf33590013f0;Maria Lurdes Brandemburg;marialurdesbranden8@gmail.com.com;49991510606
61661c624ff6b60013bd;Bruno Gawski;brunogawski@hotmail.com;49991064826
603981deb7d12d0019ef;Cahuã Dheividy;dheividy94@gmail.com;49984153961
6168ba3fb005110014dd;Henrique Luiz Simon;ninosimon_h@hotmail.com;49988793358
6168c32ddf335900139a;Meirelle Joceani Tavella Faria;meirelle.milly@gmail.com;49999494528
6168cc602214ae001991;Igor  Márcio dos Santos Antunes;igorclaci@hotmail.com;49991485839
6169ed51e234e700125d;Lucas Gomes;luks_gomes@hotmail.com;13997280123
6169f81afd341d001232;ADRIANA DA SILVA DE MATOS ALVES;dasilvaadria@gmail.com;49999199013
6169fee5df33590013f1;Gabriel Antunes;gabrielantunes_15@hotmail.com;49999447854
6010669240bb46001472;Feer Teichmann;feh.smo@hotmail.com;49991354154
616a07cedf33590013f8;Gabriel Alba;albagabriel012@gmail.com;49984292003
616a0cfd2214ae0019de;Fabio Moser Agostini;fabiomoseragostini@hotmail.com;49999461383
616a1309264ccd001c51;Luana Paliano Guardini Meotti;luana.meotti@unoesc.edu.br;49991277662
616a2c5be234e700128c;Liliane de Souza;souzalilianee68@gmail.com;49988690427
616b50b5ba8aed001956;Gizele Paula;gizele_paula16@hotmail.com;49999351327
616b629eba8aed001967;Gelcir Siqueira;gelcirsiqueira97264@gmail.com;49999558076
616b6f6bfd341d0012c7;Vera Lucia Ciechovicz;veralucia_1970@hotmail.com;49984361270
60172ab66da7fe0012b8;Keli Cristina;kelialvesdesouza268@gmail.com;49988338855
602a871931b9660012e1;Vanderlei Dos Santos;vande.cafe2504@gmail.com;49998187137
616f3c2406c0640014b8;Maicon Pasa;maiconpasa45@gmail.com;49999661909
61493d1870cbb10013d9;Alexandre Rodrigo Da Silva;xandesilva@yahoo.com.br;49991145936
61521810b116d2001236;Caoe Do nascimento;9ydk695pd8@privaterelay.appleid.com;47997582594
61521810b116d2001236;Caoe Do nascimento;nascimentocaoe@gmail.com;47997582594
5c7b0afa0dd83b001159;Francione Albring;albringfrancione@gmail.com;49991803665
613bb6b80d4917001238;Lucas Disegna;disegna33@outlook.com;49989007296
614e3f5077bf8d001206;Joabe Manoel;joabemanoel2@gmail.com;49991937686
605bf3f499f63d0012c1;Mario Ferrari;mario_ferrarismo@hotmail.com;49991916655
61733d566169340013c0;Dirceu Belusso;dirceucoreia@hotmail.com;49991712420
617348d1b38468001296;Ângela Mara Schafer;aaangsch@gmail.com;49988051386
617355386169340013d2;Edivaldo MARINHO;tunadoes12@gmail.com;47997053483
61523fa477bf8d001252;Adilson José Weber;adilsonweber14@gmail.com;49999623751
60f8bb173506aa00133d;Tiago Arend Fonseca;tiagofonsecat2@gmail.com;49998232840
617487b407837d001238;Andressa Rother;andressa_rother@icloud.com;54991428753
6174865943d0af0012ff;Juliano Spier;spierjuliano@gmail.com;49992024040
61748d1843d0af001206;DIONES Schneider;dionessmo@gmail.com;49984050383
6174917943d0af00120a;Jhonatan Pompermayer;jhonatanpompermayer1@gmail.com;49988534873
617492e407837d001242;Gabriela Machado;machadogabriela221@gmail.com;49988360639
60c5415a1b22040012e0;Deizi Moretti;deizimoretti0@gmail.com;49998112217
5fda10f7226fc80014ed;Lucas Valandro;lcsvalandro11@gmail.com;49999240507
6175e30256f6f2001236;Adinan De Campos;adinanbjj@gmail.com;48988046220
6175e6d7049790001306;Rodrigo José Borghetti;rodrigojoseborghetti@yahoo.com.br;49999143680
5f77bb3551075f0012c7;Patrícia Bianchix;patricia.abianchi89@gmail.com;49999001799
6175f0d422824300127d;Mauren Joana Wingert;maurenjoanawingert@gmail.com;49984250659
61776e509bb33900139c;Naiara Stanguerlin Chemin;naiaraachemin@gmail.com;55992082646
61788b93d6484e001386;Francisco Clavero;anbudokaiclavero@gmail.com;49984273623
6179d195671cf90014c1;Raquel Giehl;raquelcarolinegiehl23@gmail.com;49984264715
612d8b1fd2f3630013da;Caciane Pelissari;cacipelissari27@gmail.com;49991627716
615cd46eae5aec0012e8;Talita Follmann;atilatf@gmail.com;49991143346
60c024a72fefde0012e2;Anna Tonial;annaltonial@gmail.com;49991873777
617c6d91a1260b0013f0;Mônica Francesca Zanatta;monicafzanatta@outlook.com;49991664813
617c7a8537e00b00120d;Ana Paula Stanga;anapaulastanga@hotmail.com;49984322457
617c8200a1260b001303;Nelita Muller;nrlita_muller@hotmail.com;49984282712
617ca07f074eee0013af;Vanessa Frigo;vanessasilfrigo@gmail.com;49991557439
617dc73fa1260b001380;Luíza Tischer;luizaptischer@hotmail.com;49988877675
617dd34504d1d10013c4;Katia Marquardt Marquardt;katia_smo@hotmail.com;49999650804
604d4a764ded05001338;Thaís Britto;thaiscb72@gmail.com;49998333053
6011766f0621c3001230;Lucian Bazzi;adm.lucianbazzi@gmail.com;49984077890
612ec1702569f4001218;Anderson de Britto;andersonbritto13@gmail.com;49991596568
617f37e4671cf900145b;Douglas Machado;do2glas@hotmail.com;49991956821
61806bf382e6bc001338;Guilherme Bronzoni;guilherme3003@hotmail.com;55997251882
6180735937e00b001247;Letícia Mallmann;leticiamallmann813@gmail.com;49998295860
618071b2534ea80012d3;Alessandro Arconti;projetec.eng@hotmail.com;49991540501
603993660773aa00124c;Ricardo Souza;jornalismotvgc1@gmail.com;49991644560
6136986f3846d50012a6;Amanda Perlla De Melo;amanda.perlla@hotmail.com;49998012775
6122c7455205c7001287;Eduardo Tozi;eduardo_tozi@estudante.sc.senai.br;49984087330
614b4499fc395900122d;Louine Zacharias;louine.corretora@gmail.com;41991755010
6185b0c451c7d7001211;Willian Eleodoro;willianeleodoro@hotmail.com;49998367515
6016b25809f9b10012b3;Jhonatan Mittmann;jhonatanmittmann886@gmail.com;49984283017
6186b120dfe63f0013f0;Rafael Wallace;rafaelsmo11@gmail.com;49999342534
615e225e93011400136a;Jéssica Lang;jesslang95@gmail.com;49988327008
61871c5826c255001300;Débora Letícia;deboradracheski32@gmail.com;49991054853
61871b566f21780013b8;Celoni Donada Balke;celonibalke@gmail.com;49988617939
61884da825949c0012fc;Jhona Marques;jhonamarques27@gmail.com;49991615677
6188542edfe63f001396;Juliana Pinto;julianapinto05@gmail.com;49984354381
61886e3a58df840013ff;Flavia Tres;tres.flavia@gmail.com;49991563156
60f22131c4b4340014a0;Lohana Gozzi;lohanag564@gmail.com;49991891761
618999fb57b2ec0012ef;Anderson Baumgratz;ander.11.baumgratz@hotmail.com;49991138025
618afcca6f21780013ae;Thiago Kempa;thiagomonstrosmo@hotmail.com;49988266757
618c46059b7a8f00126f;Jaqueline Fridirich;jaquefridi.vet@gmail.com;49991233983
617083f3112676001208;Andressa Deliberalli;andressa.dlb@hotmail.com;46999085722
618c424f51c7d70012ca;Bruna Stanislawski;brunastanislawski13@gmail.com;49991835397
618d9d0888fefb001325;Adriane Baldissera;adrianebaldi4@gmail.com;49988211244
618de0fd300d22001241;Alisson Lucheski;alysson-lu@bol.com.br;49989114621
618efaa45ea47600129c;Neiva Rockembach;rockembachneiva66@gmail.com;49984052398
61903f28e00664001460;Elisabete Mazzutti Cambraia;bete_23@hotmail.com;49999453704
61904c377ea056001307;Andressa Serigheli Groth;andressa_serigheli@yahoo.com.br;49988072830
618a99c99b7a8f001222;Fabiula Felipa;fabieufelipa@gmail.com;49988463811
61918d818c53f60012f9;Laura Taís Gava;laura-g@outlook.com;49991585149
6191a231e006640014da;Sidney Battisti;sidneipasqualinbattisti@hotmail.com;49991957299
6192c9b15ea4760012b1;Jason Silva Silva;jason2007silva@gmail.com;49999189000
619420ecf7bc6100125f;Douglas Linch Seibert;douglasseibert1998@gmail.com;49991931108
61958c837e2a19001906;Paula Lima;paula_carol_@hotmail.com;49988210976
6195a3db8c53f60012e9;Alexssandro Schappo;aleschappo@gmail.com;49984038931
60dcc7a66b0f0f00129c;Aghata Fernanda Nardes;fernanda.nardes@hotmail.com;49991123611
600e09befd8bde0012cc;Isabel Bello;isabelbello6@gmail.com;49998091572
61919f917ea056001371;Kauani Thome De Moura;kauanithomedemoura17@gmail.com;49988402121
61990fcf7ea056001359;Marcelo Redecker Da Silva;bigmds13@yahoo.com.br;49988355876
600e17effd8bde0012cc;Indi Teodosio;indianarateodosio4@gmail.com;49998036775
61943d06f7bc6100126c;Aryel Cardoso;cardosoaryel716@gmail.com;49991246446
61621fd4fd341d001209;Ana Paula Pazzini;anappaz_2201@hotmail.com;49984220176
602b08c231ba2000139b;Talita Souza;talitasouzaingles@gmail.com;49999846485
61004a436d3b080013eb;Joice Coletti;joicecoletti001@hotmail.com;49999692203
61999ec8f7bc610012e8;poliana Bertoletti;mateusbertoletti123@gmail.com;49991838129
6199a0f17ea0560013a1;Luh Terterolla;luma646@hotmail.com;47991876823
60b96ceef196940012f6;Sinara Walginski;narynha14@hotmail.com;49991207416
619ae650d2756600128f;Alessandro Paixao;alessandropaixao977@gmail.com;54992454334
600b5f3d20323a001337;Ana Figueroa;freitesana299@gmail.com;49984364450
619fff4870a3110012d0;Lilian Ghisleri;lilian_ghi@hotmail.com;49988657571
60adcc868e38e8001262;Marciane Uhlmann;marcianeuhl@gmail.com;49991722995
61a026842d884f001347;Carolina Vincenzi Watte;carolinavincenziwatte@gmail.com;49988220787
61a039be0327eb00131c;Ronaldo Fortes;ronaldofortes093@gmail.com;49998335011
61a167fd2d884f00137c;Gabriel Fassini Soares Antunes;gabriel.fassini.8@gmail.com;49999424577
61a166be70a31100122b;Luiz Fernando Strapassola;fernandos905@hotmail.com;49988711600
613a46fb389634001282;Kelvin Da Silva;kelvindasilva895@gmail.com;49991195794
5d0d754df3b2240012b9;Marcus David Artuso de Souza;buthy88@gmail.com;49999032718
5cc37df851ec52001194;Eduardo Muller;duzin_muller@hotmail.com;49999674888
6020731a76bf4f00126d;Bianca Leticia;biancaleticiaos@hotmail.com;49999263396
61aaa7e034f1290013b7;Edenir Ferreira;edenirtex@hotmail.com;49988444746
604950e0ff2b21001366;Alan Signor;alan_saomiguel@hotmail.com;49991682617
61abf5d5364e670013db;Elizabete Noll;elizabete1992@outlook.com;49991795565
61ac0b4c364e670013eb;Guilherme Kessler;guilhermekessler0@gmail.com;49988256920
6011b8403ad1fe0012dc;Geni Sheen;genisehn@hotmail.com;49999235650
61a8e1e86ef6b5001287;Pamela Tonetta;tonettapamela@gmail.com;49999156269
61a7f53cfdb0de00137d;Gabriel Luiz PIlger;gabriel_pilger@outlook.com;49988155075
6012e83721c5b80012d0;Josiane Hinterholtz;josianehinterholtz@gmail.com;49988348977
61b26de4f775970012c5;Janaína Moschen;cristinajanaina131@gmail.com;49988832434
604d56834ded05001338;Daiara Puntel;daia_puntel@yahoo.com;49998235131
61a241d2e58e6100131d;Jocemar Lüän;jocemar_luan@hotmail.com;49991280471
6158e18099e61a00128f;Vania Maria Monlin Spier;vaniaspier@gmail.com;49999300058
61b3e26b7c44e00013c1;Alex Ferreira;alexferrera190@outlook.com;49991442219
6154f26138d3d700121b;Luizane Camera Antonietti Lui;luluizane@gmail.com;49991245342
61539d8f38d3d70012d7;Diana Pasa;dianamarcianapasa@gmail.com.br;49989223703
60b1974afcd093001241;Sandra Beatriz Kreuzberg;sandra_beatriz_1976@hotmail.com;49991902149
61b52efaf7bbe90013b3;Fernanda Malacarne;fernandamalaca@hotmail.com;46999702625
61b66d60352c7a0012b1;Deisi Thomaz;deisithomaz3754@gmail.com;49989190440
61b661f7f7bbe90013f0;Rodrigo Rother;rodrigo-rother@hotmail.com;45991390317
61b676157c44e000135e;Cledson Luiz;cledsonbaronio2017@gmail.com;11956198340
613f99338f778c0013fe;Gabriel Kern Bisollo;gaby91731544@hotmail.com;49991363024
602db0e754c3b90012dc;Eduardo Pereira;eduardopereirafleck1329@gmail.com;49991276554
61b9162a14575a0013c8;Diovanna Sala;diovannasala@gmail.com;49991240901
60fc97596d3b0800139f;Leonardo Brandt;pagodeleo@hotmail.com;49999412002
602afca31aebca00120c;Fabiano Siqueira;fabianosiqueira001@gmail.com;49991195292
601344d08a54080012ce;Valdecir Barbosa;thacilapavanb@hotmail.com;49988236169
61bbbcc63c49fa001265;Thalia Ines Pasqualotto;thali_pasqualoto97@outlook.com;49998356360
61bbcb573c49fa00126c;Wilian Pandolfo;wilian.pandolfo@hotmail.com;49991414628
61bbd0d83c49fa00126e;Alexandre Tedesco;alexandretedescocco@icloud.com;49999312360
613d0d920d49170012bb;Pâmela Da Costa;pamelacosta22@gmail.com;49988575547
615213fa095142001246;Jaine Da Silva;dasilvajaine16@gmail.com;49988555305
61bcfe85007ab7001329;Matheus Laste;mathelaste@gmail.com;48996681216
600ef9300621c3001230;Silvio Jose Mainardi;tito0378@yahoo.com.br;49988110086
61bd18ad007ab7001335;Vanderleia Costa;wandokka88@hotmail.com;49998344444
60c925d2af17ef00131b;Eduarda Macedo;eduarda.nm9@gmail.com;49991749504
61be59286a82e6001319;Bruna Franzen Gauer;bfgbruna@hotmail.com;49991773693
61be573f007ab7001370;Marina Ferreira;marina16dacosta@gmail.com;49988020553
61424b4304eda7001361;Deisi Garbin;bagnarafabiano754@gmail.com;49991810774
61be65e114575a0013dd;Tatiana Carla Araldi;tatianacarlaaraldi@gmail.com;49988322669
61be679f3c49fa0012e7;Edesio Medeiros Martins Filho;edesiosmo@yahoo.com;49999714219
61bfb488007ab70013b7;Kleberson Burin;kleberson6045@gmail.com;49998368626
6015f970eab1a80013e8;João Victor Rodrigues Padilha;padilha2210@gmail.com;49991948905
60c4e690c5d0d7001253;Rafael Ongaratto;rafael.ongaratto@yahoo.com.br;49988347869
61c0924bf9e66f00142d;Fernando Roberto Lorencett;fernandolorencett@gmail.com;49999168757
61c1df1d14575a0013bb;Jeferson Lemes;fefelemes15@gmail.com;49988340113
6020728ff0ba6600123a;Emely Roman;emilyromanrosaemi@gmail.com;49999270876
61c257f66a82e60013f4;Diogo Boff;dio.go_boff@hotmail.com;49999672757
6008d13a5861ae00126b;Leonardo Dos Anjos;leodosanjos2@hotmail.com;49985030375
61c3a574e6e40900133f;Gustavo Henrique Reblin;gustavohique12@gmail.com;47999065756
61c39a1dd679d8001310;Ana Julia Toral;jeancarlotoral@gmail.com;49991796232
61c3b19a4a6f3b00126e;Enzo Natanael Faccio;brenzo123@hotmail.com;49991778777
61c3b2f891cf270012a3;Leonardo Crestani;leogolincrestani@hotmail.com;49988016041
61c3c499fc9e1f0012e4;Anna Caroline Cella Tariga;carolineanna2705@gmail.com;49998024548
61c3c5c34a6f3b001279;Denise de Lima;denisealveslinhares@hotmail.com;49991638978
61c5061c8a51e10013fc;Ana Paula Brandão Roecker;annynhapbr22@gmail.com;47991795548
61c5106745224f001327;Jussara Gugel;jussaragugel17@gmail.com;49988177133
61c7b9a70a2a8d001346;Rodrigo Milani;m_rodrigo6@hotmail.com;49991316141
61c8c63dd2d14900127b;Simone Klein;simonesc89@hotmail.com;49999075331
613696cbd33c62001318;Ricardo Casagrande;riki_casagrande@hotmail.com;49991444780
6133f484d2f3630013e7;Marcus Vinicius Silva Mendes;marcusmendes30@gmail.com;83996679962
61c8fbb4ff845700142b;Eliane Vidi;elianev_anderson@hotmail.com;49988106081
61ca34d37dbf94001266;Maria Madalena Goncalves;madagoncalves@gmail.com;48991874860
61b402ef3209cd00139b;Chaline Souto;chalyeccel1111@gmail.com;54996600664
61a148a520312b00141c;TAINARA LAUSCHNER;nara.lauschner@gmail.com;49991446102
60d90a42818a550014a0;Nathiely Caroline;nathigutz@gmail.com;49991702959
61c100306a82e60013a9;Rivaldo Emílio Schiffer;rivaldoschaeffer9@gmail.com;49991508144
61ce5df37dbf94001231;Cristiano Elias;christiano_smo@hotmail.com;49991911374
61cf1addbaee5d001323;Alecson Joaquim Flores de Oliveira;grafittar.estamparia@gmail.com;49984067662
61d228cd7dbf940012b1;Marivana Rossetti;fernandarossetti@hotmail.com;49984057598
61d45cf17dbf94001207;Vinícius Zorzo;viny_zorzo@hotmail.com;49991984758
61d4cfccf27c190019f0;Jonas Leuck Rodrigues;jonasllrr@hotmail.com.br;49991147402
61d10447ff8457001456;Karol Perico;karolperico53@hotmail.com;49992023585
6011fb7a80f2b0001263;Thiago Portaluppi;thiago-portalupi@hotmail.com;49991769977
61d61945d0ccb900192d;Rosani Maria Corbari;taiscorbari10@gmail.com;49991429546
5f7fa33e5887eb00123d;Djovani Weber;djovani.weber@gmail.com;49998014716
61d765060a2a8d0013a1;Marisa FaveroSchmidt;marisafavero_40@yahoo.com.br;49991239239
61d785bcd0ccb9001974;Daiane Benedetti;daidaizin@outlook.com;49991266667
61d78bd82a28a5001367;Claudia Dal Magro;claudiarfdalmagro09@gmail.com;49991445749
61d9fc2d2a28a50013f1;Gabriela Bonamigo;gabrielabonamigo71@outlook.com;49991061379
61db70ecf27c19001940;Suelen Tender Sbaraini;57mbqr4d9n@privaterelay.appleid.com;49984334331
61db5bcc3bcc070013ec;Luh Caroline;ls6413305@gmail.com;49991416876
6137e7f7d2f36300137d;Fortunato Ledeleine;ledeleinenf@yahoo.com.br;49991392876
613927490d491700127c;Sueli sbardelotto;sbardelottosueli00@gmail.com;49999313084
61439649983c3c001322;Igor Filippini Ribeiro;igorfr2013@gmail.com;49991466661
61dcbad52a28a50013b0;Anderson Miguel Christ Giehl;sundachrist@gmail.com;49999659974
61df5ec0ff8457001440;Alexsandro Perin;perin_alex@hotmail.com;49991679423
61df5e767dbf9400121c;Nariele Rodrigues;rodriguesnariele7@gmail.com;55996254632
61d0fa027dbf94001282;Pamela Galina Vicari;pamelavicari1810@yahoo.com;49991410637
61df6104d0ccb900193f;Salete Facin Grutzmann;saletefacin@gmail.com;49991519955
61d6123fff845700142f;Karina De Assis;karyna22smo@gmail.com;49991439797
600af74ea31f7c001228;Débora Aparecida Mascarelo;sididebora7@gmail.com;49999427977
61d3a9ffcc1309001349;Douglas De Oliveira Schayder Modesto;schayder_9@hotmail.com;21985708052
61e1e27bf27c19001971;Maxsuel de Moraes;demoraesmaxsuel2@gmail.com;49999229926
60a589f885ee2000132f;Laura Battisti;lauri_nha10@hotmail.com;49999550182
61e03b46ff845700148a;Tatiana Cristina viccari;tatismo@outlook.com.br;49988691849
61d8a534d0ccb90019a4;Arthur Falchetti;arthurfalchetti@outlook.com;49984170436
61df61183bcc070013ae;Gabriel Zorzi;freioretrovisor12@hotmail.com;49988588913
6083535608a23a001384;Maisa giaretta;maisagiaretta@unochapeco.edu.br;49991082489
61e3524ff27c190019c7;Fernando Ciepielewski;n_ando_fc@hotmail.com;49984342712
61df75a90a2a8d00137d;Carlos Henrique Bordignon;carlossmo815599@gmail.com;49991380473
61e48fd4eaca0c00130c;Deisi Thomaz;deisithomaz@gmail.com;49989190440
61b1726d0df43d00122a;Felipe Augusto Soares Da Silva;soaresdasilvafelipeaugusto60@gmail.com;49998003212
61d786d6f27c19001970;Eduardo Franke;eduardokfranke@hotmail.com;55991019054
60fcb3016000bb001332;Gerson Luis Zugel;ger_smo@hotmail.com;49991380123
61e5e69609a68100135c;Capao Tonolli;fernandoluiztonolli94@gmail.com;49999312530
61e0aaa4cc13090013b2;Luiz Arent;luiz-arent@hotmail.com;49988045365
6017576a55a79200128f;Leandro Luiz Batista;leandrobaptista563@gmail.com;49991448815
61e89ef8abfb3d0012f3;Fran Oliveira;fran26enzo@gmail.com;49991686869
61e8ab00481bac001555;Deny Jaroseski;deni_jaroseski@hotmail.com;46988125362
61e1d9da0a2a8d00132e;Débora Cristina;deborasilva.mv@gmail.com;49988258484
600b001843ecd8001222;Fernanda Ramon;fernandaramon680@gmail.com;49988128418
61e9f2effad774001218;Thiago Alessio;thiagoalessio91@gmail.com;49991021269
61e883d531c90d0013c2;Rodrigo Zilli;rodrigo_zilli92@hotmail.com;49998241173
61e20371d0ccb900190b;Vinicius Kuhn;vinicius_h_k@hotmail.com;49999301802
61e008502a28a5001361;Diego Kohnlein;dksmo@live.com;49991918905
61e9e7bdfad774001213;Vera Riffel De Oliveira;verariffeldeoliveira@hotmail.com;49984384911
61e9e7bdfad774001213;Vera Riffel De Oliveira;verariffeldeoliveira@gmail.com;49984384911
601448292a605d0019b6;Tamara Kickow;tamarakickow12@gmail.com;49991329663
61ec278d379ac9001246;Cleria Petry;cleriapetry1@gmail.com;49999605725
61ec7485d02df9001329;Micheline Santos;micheline_artefinal@hotmail.com;49989271142
61ec83566f8dc100120a;Daniel Wronski;danielwronski@icloud.com;49991365623
5c680ec3d91e840018ce;Vanisse Baggio;vanisse@unochapeco.edu.br;49988114784
61e1efac0a2a8d001335;Marco Antônio Duarte Lima;bile.smo@outlook.com;49991878250
61ec97ab75e3bf001314;Rodrigo Divensi;divensi@hotmail.com;49988068177
61ec9e00333ea60012b8;Deise Camilo;deysi_smo@hotmail.com;49988106316
61ede99263bf2c001283;Cristiano Da Silva;tianosilva08101221@gmail.com;49991227827
61ede99263bf2c001283;Cristiano Da Silva;tianosilva08101221@gmail.com;49991144605
61edf14f9c3a510012a4;André Felipe Tumelero;andrefelipetumelero@ymail.com;49991475548
61c664f0ff84570014eb;Eluziane Melz;luluzinha_deus@outlook.com;49991440203
61f47bb6c177aa0013dc;Marcelo Lauterio;lauteriomarcelo300@gmail.com;54996886633
6143d26a5d20a500142f;Carolize Capellaro Angelo Carniel;carolize_sc@hotmail.com;49988175269
60352aaa51dd2f001211;Léoo Bedin;leo.bedin99@gmail.com;49999760133
61dcc2dcff84570014c8;Marcelo Giovanaz;9f2zjsnzmc@privaterelay.appleid.com;49999646151
61f5df3663bf2c0012f2;Jaine Sehnen;inesehnem@gmail.com;49999815867
61cb9eceff8457001484;Talis Arardi;talis.arardi@hotmail.com;49991853567
61f87777dfbdfc001256;Jessica Diel;jessicamdj2003@gmail.com;49991352230
61f882738f1e3800137c;Ketlen Karina;ketlenscain44@gmail.com;49991169826
61fb0ee71ac5a300139e;Asuen Sedeug;asuensedeug@hotmail.com;49991413696
61fc664877a915001376;Daniela Mottes;danielamottes@yahoo.com.br;49999298324
61fda69804916b0013a8;Rogério Basso;rog_basso@hotmail.com;49991748364
61e9e387be61230012f3;Luana Busnello Moreira;moreiraluanabusnello@gmail.com;49998067184
600a05b44a77a10012d6;Kamili alana Andrin;kamilialanaandrin@gmail.com;49991593732
6138fd6e161b07001241;Roseli Zanatte;rosizanatte2212@gmail.com;49991199219
61f9db8770dad40013be;Fernanda Alves;mullergaliao@yahoo.com.br;49991607511
61f88a04ffe791001395;Leticia Brum;lbrum0475@gmail.com;54999747313
61ff0392e96c0c001371;Samara Alonço;samaraalvesalonco15573@gmail.com;49998259142
6078b7ac2acf16001998;Cristiane Bruchmann;naneursa35@hotmail.com;16991879164
5f55576018f915001235;Vinicius Marca;valdecirmarcasmo@gmail.com;49988578030
620056187c1956001239;Janaina S. Sims;luizhenriquesimm@gmail.com;49991316743
6201a63fe96c0c0013ed;Cristiana Reichert;cristiana_edf@hotmail.com;49984317947
6201af9fc027e000121d;Matheus Eduardo Estraich;matheus.estraich@hotmail.com;49991580541
6202f59ae96c0c00132f;Andreia Severo;moacyr423@gmail.com;49984082434
60a99fcdaa958c00121c;Kamila Mocellin;kami_mocellin@hotmail.com;49988314126
620460094520960012ec;Jane Maria;mfreitas.jane@gmail.com;49991710804
6206f4210991b9001293;Jefferson Pilatti;jefersonpilatti17@gmail.com;49984045251
6015f7011dfddb0012df;Felipe Rodrigues Da Silva;felipesmosc@hotmail.com;49991179495
6031997c61525b00156b;Ana Carolina Maggioni Lajus;analajus17@gmail.com;49991366614
62080c146d5a7900140a;Gabriel Angelo Carminatti;gabrielcarminattimusic@gmail.com;54996051977
6208341559d13a001244;Tiago T;tiagotenga@yahoo.com.br;49991815633
620837ea59d13a001248;Gabi Oliveira Sebben;gabriela_smo@hotmail.com;49988014305
62083d886d5a79001421;Christian Carpeggiani;chris_carpe@hotmail.com;46999072749
62098498b320ca00130f;Bruna Andréa Bernardi;bruna.abernardi@gmail.com;49999032151
6147b72e09ca8c001350;Caarine Carla Casagrande;carinecasagrande1@gmail.com;49991665775
62099533c0c762001244;Ezequiel Passos;ezequiepassos@gmail.com;49984261244
61d22b73cc1309001304;Gustavo Nunzio;gustavonunzio@outlook.com.br;49991681028
600deed51bf0560012bb;Danieli Taís Bazzotti;bazzottidanieli@gmail.com;49984081227
620c3064564deb001381;Vinicius Fusieger;vinni.smo@gmail.com;49998114243
620d755304c918001342;Vinícius Yuri Muller Barp;viniciusyurimb@gmail.com;49991361891
620d8345614dad00130e;Luciano Candaten;lucandaten@hotmail.com;55999321634
5eab56fc5bd115001862;Fernando Rodrigues;frodrigues.sc@gmail.com;49998279462
620eea3868ee5100124d;Camila Santos;camila_mh@outlook.com;49989175399
61b7ba973209cd001364;Marcos Andri Freire;marcosandrieli37@gmail.com;46999334897
62118a0604c918001313;Juscilene Ivandro;juscilenecaceres@hotmail.com;49991599332
601b0fd0b1f7e5001248;Lucas Rempel;lucas_rempel@hotmail.com;49988125623
6017346551d451001367;Nathan Sarzi;natam.smo@hotmail.com;49999375121
6213af19ffa4d800121c;Rodrigo Neukamp;rodrigo.neukamp@gmail.com;49991629747
62158005775525001374;Janaina Gilmara;janainagilmara123@gmail.com;49985046600
6216c595172002001431;Nelci Dendena Barcello;nelcifotografias@yahoo.com.br;49988128959
6216d1902b1b4f0013cc;Gustavo Gabriel;gustavogabriel580@gmail.com;49991913088
62181a0191b9820014f0;Diego Guimarães;diegosmo_g@hotmail.com;49991469168
607a0845b9ce880012e1;Vanessa Hanauer;vanessasmo2010@hotmail.com;49991888207
6219539f2c896a00137e;Fabíola Teochi Reis;fabiolateochireis@gmail.com;49988162177
6219550f4555a400136a;Eliane Juchem Both;dsmjcr6krr@privaterelay.appleid.com;49991913630
621956754555a400136b;Sandra Denise Grolli;sandradenisegrolli@hotmail.com;49991613320
621a9d1e5e12c10013b6;Marina Sardella;marina_sardella@hotmail.com;21996139696
621ab4fe852d4800131b;Cleudes Maziero;euquedo@yahoo.com.br;49991661909
621a42ac41dbb50013f7;Marilei Paula Licks;mpliks@hotmail.com;49985030393
61392abc7d6fba0012b6;Simone Coito;antoniacoito370@gmail.com;49984313101
621c0d605e12c10013fe;Fabrício Martinazzo;fabricio.martinazzo@gmail.com;49988064839
621e8f6b41dbb50013b1;Pedro Do Couto Costa;pcoutocosta@yahoo.com.br;55999372754
621e8ffb4555a400134b;Pablo Felipe Ramos;pablo.f.r.0309@gmail.com;49999351316
5d3dddb4e01fdc00125b;Samantha Toillier;samantha_samile@outlook.com;49991473796
621ff01801accf001374;Daiana Berte;daia_berte2017@hotmail.com;49984052838
62214d36ad110b001260;Andreia Moraes;clipper.andreia@gmail.com;49984197381
622158c441dbb5001322;Claudia Helena Fleck;qjbjbrmm72@privaterelay.appleid.com;49988474659
62229ff0829d000012fb;Paula Stoll;stollpaula44@gmail.com;49991653800
6222a0219c9c40001373;Alex Silva;alexba2000@yahoo.com.br;55981665774
61d7671a3bcc07001317;Julia Teczak Da Silva;teczakjulia@gmail.com;49985035618
60132aee9134d10012a5;Maria Eduarda Nunes Souza;mduda0722@gmail.com;49985044209
6052077e4ded05001339;Vinicius Macedo;vini.mg.br@gmail.com;49988888473
6224d03fdd39330013ac;Lisandro Montiel;mxpw8gj5th@privaterelay.appleid.com;49998182981
60fb712cc99f75001423;Pedro Henrique Filippi;pedro.naue.filippi@gmail.com;49991482210
600e38cfd22cb000126f;Renan Gustavo Correia Herbert;renangustavoherbert@hotmail.com;49991869085
602c3cb9f9eaa80013af;Karoline Willembring;anawillembring@hotmail.com;49989156684
6211011f3cd2a50012e5;Fábio Heinen;fabio_heinen@ibest.com.br;49991473408
61d4cfcf3bcc070013a4;Gilvani Forgiarini;gilforgiarini3@gmail.com;49999077843
622a82512f4e770012ea;Joao Vitor Da Rosa Chaves;ffg6vntd4s@privaterelay.appleid.com;49999169365
622bba572f4e77001229;Jhyonnattann Ganzer;ganzer@ganzer.adv.br;49984270107
6228c58f2f4e770012a1;Dhomini Lopes;dhomini.dalzut_123@outlook.com;49991991347
622a6d062f4e770012e3;Kevin  Appi;kevinappi11@gmail.com;49991943089
620a9d1d2825dc00134e;DeisiCristini Mossmann;deisii_m@hotmail.com;49991531699
622d38d22f4e77001280;Alan De Assis Sousa;alansousaelcalina@gmail.com;31972588786
622e6d5bc0daad001348;Claudia Favretto;claudinhafavretto@gmail.com;49991331901
622fbb3426f2000013f7;Cristiano D. Hahn;cristianohahn.ch@gmail.com;49998341135
6232654d5a9b8a001367;Tatiana Sotilli Vilanova;hfgtv2fscn@privaterelay.appleid.com;49999857374
62350e7378c190001285;Letícia Hetwer;letihetwer@gmail.com;49991290843
62351f5276c7d20014b1;Luiz Antonietti;luiz_antonietti@outlook.com;49988587407
60e9ac7c76920a0013c4;João Vitor Sandini;joaovgs13@gmail.com;49999670332
62365c96a91a4b00120f;Jéssica Santos Lima;jsl.jessicasantoslima@gmail.com;49999197351
61e4c2aae5e7bc00134a;Jéssica Luana Martello;jessica.martello@outlook.com;49991516150
62366245ab64c400132f;Ediane Canali;edianecanali@outlook.com.br;49999482909
62367782f49a80001299;Zani Freitas;zenirodrigues363@gmail.com;49991915661
622d371c85886b001394;Deize Maria Mayer;deizemayer@gmail.com;49991099608
6237a5250845630012d9;eduardo perotti;ykt2mxm7h8@privaterelay.appleid.com;49999167303
6237c1f64f799a0013e0;Bruna Bortolini;87tr7t2jzg@privaterelay.appleid.com;49991698817
60df862469d81800127d;Sidinei Girardi;sidineigirardi12@gmail.com;49991572260
623a51d17ade33001447;Pamela Zatta;pamelazatta@yahoo.com;49991192289
623a5ad6f7c08300121a;Silvana Dias Resner;silvaninha200473@gmail.com;49999850286
623b999845439f001395;Vitor Maldaner;vitor_ipo@hotmail.com;49991504052
601ddfef398f4700122d;Renan Agnes;renan02.men@hotmail.com;49991645114
6032e26b8fc1bc001297;Matheus Spiecker;nego_smo@hotmail.com;49984125562
623cf4a37f74540013a3;Nardel Buffon;nardelbuffoni@gmail.com;49988166517
6102b657f840f0001288;Oneide Maria Ruschel;oneidemtuschel@gmail.com;49991447774
623cf641b4d1aa001306;Wilian Cruz;wilianwc@icloud.com;49991797705
623cf641b4d1aa001306;Wilian Cruz;wilianwc@icloud.com;49988913416
623cf641b4d1aa001306;Wilian Cruz;cruzwilian36@gmail.com;49988913416
623cfa972f231a0012f2;Alisson Costa;buda_costaaa@hotmail.com;49988052302
61f5d2ecd02df90013ff;Eduarda prior;6d5wchn5nq@privaterelay.appleid.com;49988132955
623e510548632400132c;Marcelo Rubin;marcelorubin@icloud.com;49991061394
602828de8ef4820013d8;Nilvania Dalbosco;nildalbosco2015@gmail.com;49991712409
623f961c521b3d00136c;Aparecida Prestes De Oliveira;aparecidaprestesdeoliveira94@gmail.com;49988988037
617365380471ce00131c;Gabriel Silva;gabrielsilvaoj@gmail.com;49991312123
623fa3c638f8f1001336;Luis Granetto;luis.granetto@gmail.com;49999720263
623fa30d38f8f1001336;Roberto Aurélio Merlo Filho;robertomerlof@gmail.com;49999275820
6211942a04c918001317;Ivandro Trilha;ivandrotrilhait@hotmail.com;49991589017
6240eb63c46438001375;Leticia Both;leticiaboth2016@gmail.com;49998400948
6240ec75dab1a1001382;Thays Bulin;thays_colibaba@hotmail.com;49991562029
6240f09fc46438001377;Kelly Regina Ramgrab;krramgrab@gmail.com;49985041791
623cfc7adda7340013b7;Renata Schaeffer;renataschaeffer2005@gmail.com;49988400871
622eb34124c6400013a4;Camile Limberger;kalezinha@icloud.com;49999186499
6244df8fca08f20013e0;David Toral;davidjao17@hotmail.com;49984137114
621c067b2c896a0013fd;Tamara Oliveira Dos Santos;t88441119@gmail.com;49991079164
62477d6686e9ff00135b;Arthur De Bortoli;arthurbortoli0@gmail.com;49999935544
624780b09d47da001271;Mirvane Chemin;mir_vanee@hotmail.com;49991530809
6247860885ddb000149a;Marcelo Fusieger;fusieger.eng@gmail.com;49988351689
6240f3a7dab1a1001385;Leandro Gomes;gomesleandroh@gmail.com;49988092076
6248e890ee6631001259;Jaqueline Nunes;njaqueline158@gmail.com;49991546726
622e64fe0cd90f0013b3;Maicon Natan Vidori;maicon_vidori@hotmail.com;49991949356
618bd89825949c0012a9;Daniela Severo;danisevero_smo@hotmail.com;49999733891
624345a1ee77f1001206;Junior Lazarotto;j.lazarotto@hotmail.com;49991021991
624b6ada42f00d00125a;Gabi Maziero;wellingtonmaziero3@gmail.com;49991969480
624c7c90d2d44600138c;Letícia Finardi Lutz;lefinardi@hotmail.com;49999330842
61d0ea090a2a8d001384;Eliana Daniele;cleberelianinha1704@gmail.com;49984050945
61d0ea090a2a8d001384;Eliana Daniele;cleberelianinha1704@gmail.com;49984059951
6008441f5861ae00126b;Jéssica Pavan;jeh.pavan123@gmail.com;49999735523
624f587b072ba10013f1;Luci Bizotto;servico@habiteto.com.br;49991589834
6250e7581240fe001421;Caio Kennydy Burin;kennydy98@gmail.com;49999121286
625224616caa3c0013b3;Alan De Assis Sousa;alansousaala152@gmail.com;49991836183
625362c368e86c00135c;Inaie Batisttella;inaiebatisttella@gmail.com;49988553890
6211391a74411e0012af;Suelen Andreghetti;suelenandreghetti2@gmail.com;49991755120
6258a14f576cf2001380;Letícia Adriane Stohr;leticiastohrmh@gmail.com;49999793793
61735f63b384680012a6;Félix Michael Paz;felixmichaelpaz@gmail.com;49991634665
6259ebc7113e19001337;Graciela Medianeira Rosa Ribeiro Marks;ribeiro_graci@yahoo.com.br;55991714227
602fb8dd143fcd001277;Leiridiana Ortiz;leiri.lgl@gmail.com;49999724389
625b398e2caa550012e6;Luciane Fritsch Alanes;luciane.f.alanes@hotmail.com;49991584569
6254ba9661119f00122e;Jonathan Zorzi;jonathanzorseoutlookcom480@gamil.com;49998314572
625c8b9ce420990013ed;Kelen Gisch;kehg57@gmail.com;49991215843
625b95192c87b3001291;Maiara Vieira;maiaravieira15.mv@gmail.com;48988135189
624e1b0ff698c600132e;Mateus Paloschi;49m95pskmr@privaterelay.appleid.com;49999063664
62607811584454001203;Eliseu Paulus;eliseunaparatismo@gmail.com;49998072303
6260800c9f25c90013c7;Maxwell Ventura Martins;maxwell_vmartins@hotmail.com;49999090306
6261dc6e22889e00130f;Igor Rafael De O.;igooorraaf@gmail.com;49991682923
62632c4ed6dbc00012d3;Deisi Mossmann;deisicristinimossmann@gmail.com;49991531699
6263312fbdf6110013b5;Ivan Vaider;ivanvaidersmo@gmail.com;49999846510
61660611e234e7001262;Rafael Vinicius Machado;machadovini09@icloud.com;49991609785
626464a1d55bb10012e0;Kerli Elisa Birck;kerlibirck@gmail.com;49999696448
600ae657fd8bde0012cb;Fernando Dala Santa;fernandos.101@hotmail.com;54996596642
62647a664c104900121b;Hellen Barth Putti;78h28frtmm@privaterelay.appleid.com;49999250711
6265bd4436901b00130b;Vanessa R;vanessarost31@gmail.com;49988213571
6265bd4436901b00130b;Vanessa Rost;vanessarost31@gmail.com;49988213571
600de8a64f1a7100120e;Alan Lottermann;4l4n28100228@gmail.com;49988880762
6268010d66c27c001307;Janpier Alex Menin;janpieralexmenin@gmail.com;48999897809
60527864ecc34a001448;Lizioni Fontoura de Freitas;lizionif@hotmail.com;49991806787
6269cec59c9a15001305;Janaina Da Silva;janagilmara2@gmail.com;49985046600
626b0f7fe523260013ee;Leonardo Fernandes Pinheiro;leofernandespinheiro@gmail.com;98988995590
60083fa25907de0012c4;André Perin;andreeperin7@gmail.com;49984246311
6268a808669ce5001289;Fernanda Natália Ciríaco Silva;ferciriaco13@gmail.com;49991391815
626b10f7ba901d00121d;Dilce Colombo;dilcecolombo@gmail.com;49991124953
626abe21e523260013e1;LIZANE DALBERTO BRASIL;lizane.d@aluno.ifsc.edu.br;49999571706
626b14645bf2580013e8;Tifani kluge Sacardo;vz59dg97wb@privaterelay.appleid.com;49984110967
626b1231e523260013ef;Andressa Machado Weis;machadoweis@outlook.com.br;49991461568
626a96bcafc6ff0012aa;Juliana Palu Cristofoli;julianapalu.adv@gmail.com;49991732223
6269d63d9c9a15001307;Alice Elaine;aliceelainetadoliveira@gmail.com;49984124439
626b3540e523260013fe;Márcio Gago Show;marcymachado12345@gmail.com;49991919222
6025b3e9b4f7a2001239;Ana Paula Wolfart;aninhapaulaw1@hotmail.com;49991223989
60100e781e0063001304;Andreia Zambiasi Cerbaro;andreiacerbaro@gmail.com;49992028031
626c64586886ac001396;Lucas Gabriel Boita Teixeira;lucasboitateixeira@gmail.com;49988746547
626c69249c9a15001358;Eduardo Petry Dias;rodoviariamaster@gmail.com;49999878462
6021659f4c6de300124f;Nathalia Mea;nathalia.mea@icloud.com;49999433712
626c698fea5e4c0013f5;Itamar fleck;itamarfleck@gmail.com;49991341440
626c70929c9a1500135c;Luiz Henrique Borges;borges.br.particular@gmail.com;49991848010
626c722d599add0012a1;Angélica Lucia Gaspodini;angelicagaspodini@hotmail.com;49988682647
626c723707698a0014d7;Suélin Ritter;suelenritter57@gmail.com;49991796396
626c728231c5be001407;Daiani Raquel Thiele;daiah_smoh@yahoo.com.br;49991670634
626c7b3e07698a0014db;Carla Daniela Fetter;medcarlafetter@yahoo.com.br;51982792644
626c842707698a0014df;Willian Thomas;willianthomas600@gmail.com;49988860127
626da4c1b7b8710012b1;Romeo dos Santos Pohlmann;rpohlmann2002@gmail.com;49991641279
61538e0f2b0c75001293;Larissa Cieplak Lunkes;larissacieplak@gmail.com;49991070059
626db81ab7b8710012be;Alessandro alves;heurunosakura27@gmal.com;54992454334
626db7b09c9a15001390;Denise Daltoe;denisedaltoe@gmail.com;49991920224
626dba09b7b8710012bf;Isabella Furlan;adefurlan@yahoo.com.br;49984311818
626dbc3fb7b8710012c1;Marcelle Andrade Moreira;mam.wckf@gmail.com;49991119100
626dbc7c0ad4eb00137a;Douglas Alves Pereira;douglas159753dgs@gmail.com;49988082144
626dc2a99c9a15001397;Gabriel F P Moura;pradogabriel627@gmail.com;49988614611
620d67d4684986001507;Carlos Eduardo Wolfart;kadu96.dw@gmail.com;48988400587
626dc803b7b8710012c8;Veronica Araujo;veromasmo@gmail.com;49991495997
626dc803b7b8710012c8;Veronica Araujo;veromasmo@gmail.com;49991078892
626efb803bf8c300120b;Henrique Stringhini;henriquestr@icloud.com;49988521112
626c5b72064b58001373;Kelly Kroth;kellyfarma2@gmail.com;48996370695
626af6d9e523260013e5;Daniela Fiorese;daniifiorese@hotmail.com;49984342453
626f0f48c0562e00137a;Tailine Lima;tailinecosta@gmail.com;49999389105
626f13339f70a70012ab;karolina ziglioli perico;karolperico867@gmail.com;49992023585
6235346c5a9b8a0013e2;Eduardo Nadin;eduard.nadin@gmail.com;49991790146
626f24f5496f7e0013ac;Maria Joana;j9fgy4wkyk@privaterelay.appleid.com;48991723824
626c5ac631c5be0014fa;Juliana Wronski;jwc35515@gmail.com;49989237500
625de66b32cebf001462;Lucas Paini Berton;lucaspainib@gmail.com;49999713803
60101f6f40bb46001472;Cirlei Inês Bracht;cirleiibracht@gmail.com;49991171092
626c90f1064b5800138b;Alice Eufrasia Da Cruz;alicedacruz70@gmail.com;49998171712
6271ac4e99a52400139b;Nicoli franzen;nicoli.franzen@soulasalle.com.org;49999309989
626b14aae523260013f0;Gabriel Zorzzi;nathanhenrique3110@gmail.com;49984072408
624a22989fe3660014be;Andreia Redecker;andreiaredecker16@gmail.com;49988477849
626af596afc6ff0012b2;Simone Da Costa Luz;9xw8kz7p6p@privaterelay.appleid.com;49988314575
6271b79b831caa0012ba;Juliana Imhoff;juliana.imhoff@juli.com.br;49999587877
6271b765f3ba040013b7;Gustavo stella;gustavo.stella.18@gmail.com;54999892999
6272da56584999001449;Mauro José;mauro.dandino@gmail.com;14997381590
6272ef50ab24bf0013fc;Vitor Nóbrega De Oliveira;r4p9n2ggj2@privaterelay.appleid.com;43996011165
6272f7a258499900144f;JUCIELI ROHR;jucielialmeida@gmail.com;49999825173
6272f9ce00189400137d;Herik Cardoso;janiraflores508@gmal.com;49984277490
62719f2899a524001397;Guilherme Matei;zydm5pqvy9@privaterelay.appleid.com;49991050279
62706a893c44b3001395;Débora Scortegagna;dehscortegagna@gmail.com;49991977822
62744b00cabd110012a2;Joziane Brasil;jozibrasil47@gmail.com;49998406379
626da7be0ad4eb00136b;Mathias Freitas Reinke;mathiasfreitasreinke@gmail.com;49991729490
6274549c27182d001363;Tiago Prause;tiagoprause@hotmail.com;49999652914
604be69db4fc680013dc;Marciane Rafaela Picon;rafaela_picon@hotmail.com;49984294895
6274600027182d001367;Jose Henrique Dal Cortivo;josehenrique@dalcortivo.adv.br;49984355042
61e35c47f27c190019cf;Leonardo Schmitz;migue.schmitz@gmail.com;49991476199
6018864b9f5f700012e5;Loreni Finato;lorelufinato@gmail.com;49992014535
608eb2d35f0d6100127a;Pedro Paulo Dariff;pedro.dariff11@gmail.com;47992328841
62703578f9e93c001319;Rayanna Sbruzzi;9vcdcrknts@privaterelay.appleid.com;49991812942
6276e1e62ec0ca001356;Cesar Arnhold;cesar.ipo@gmail.com;49991867151
6276ea49c0cb73001432;Helton Luciano de Souza Da Silva;helton.ilha@gmail.com;49991912036
6276eb4b2ec0ca00135c;Juliana Nunes;juliananunesdr@gmail.com;49984255632
626da95172a1250013aa;Giseli Spada;giselispada07@gmail.com;49985048770
6274010b3c60e30012c7;Sil Kesseler;siilkesseler@icloud.com;49998075379
6276f8e428d39a00148e;Ivonei Martins Machado;ivoneimachado20@gmail.com;49991067559
627701782ec0ca001369;Elga Aparecida Schubert Landt;elgalandt@gmail.com;49988163520
626dddf272a1250013c9;Sara Zucco;sarazuccosmo@icloud.com;49991659314
60df96c56b0f0f0012d4;Fabi Maziero;fabimaziero1@hotmail.com;48999285432
6232725578c190001227;Douglas Motter;motter.agente@gmail.com;49991329232
62786a9e1df0f5001239;Marcos Vinicios Ortiz;marcosviniortiz@gmail.com;49991220721
601d997be077400012eb;Tatiana Kohnlein;tatilozzza@gmail.com;49999417882
6231168301d0d8001268;Ariani Paula Bonfanti;arianibonfanti@gmail.com;49984217671
627c28deea1da10013df;Vinícius Steffens;vinipbvini@gmail.com;49991953255
627c2c5fe716a60013d0;Jociane Juchem;jocixuxa@gmail.com;49991152916
60e23572a02cca0012e2;Ueliton Salvi;usalvi70@gmail.com;49999766412
627d857e018672001293;Dionathan Nunes;dwnunes12@gmail.com;49991181977
627d8c9f34811700120b;Taiana Dal Pian;taianadalpian7@gmail.com;49985040733
626acfdce523260013e2;Vânia Almeida;vaniaalmeidajf@gmail.com;49984152734
627da08edad89000147e;José Valmir Pinto Lopes;valmirplf1@gmail.com;49984369463
627db136348117001219;Cleber Leão Pereira;cleberleaopereira1704@gmail.com;49984059951
627ed2ea0186720012be;Tania Fátima De Rocco;taniaderoccosmo@gmail.com;49988160340
627ed30d2c999f0013f8;Vanderlei Canesso;vandy_vandi@hotmail.com;49991822945
627edd1c2c999f0013fe;Fernando Pohl;fernando_pohl@yahoo.com.br;49991732400
626dac62e7deb600123b;Thaiza Visintainer;thaizamix@gmail.com;49998141953
627ee3b20186720012c8;Jéssica Hagemann;jessicahagemann@otlook.com;49991104699
627ee7667e45610013fa;Daniel Dos Santos Lima;dsllatao@hotmail.com;49984229543
627ef3989d38c90013a2;Bruna Mariana Conterno Ribeiro;bruribeiro2003@gmail.com;49991033042
627efe8e2c999f00130e;lucas dias;diaslucascarpe@gmail.com;49999027704
628019833e022f0013e6;Edinara Fernandes;edinarafer13@gmail.com;49991052731
62801b006e4d87001316;Luciane Boff Colli;lucianeboff.lb@gmail.com;49988011282
628028c0941dda001245;Tania Maria Drumm Molin;molinsmo@hotmail.com;49999980178
62713b2bd67ebd0015de;Andrei Said Tonetta;andreisaitonetta@gmail.com;49991555331
628029b26f9ee80013ca;Eliane Giombelli;eliane.enori@gmail.com;49999771246
60849c9608a23a001384;Eduarda Imhoff;eduarda.imhoff@gmail.com;49988129738
612ac9e77d82660014e2;Jennifer Carvalho;jennigcarvalho@gmail.com;49999325476
62803333018672001203;Rodrigo Moraes Da Silva;rodrigosilvaold1988@gmail.com;49991817609
6280395c941dda001251;Fabiane Tomiozzo;fabiane.tomiozzo@sesisc.org.br;49988546311
62798cf1029e9000148e;Fernanda Coral Dos Santos De Souza Limas;nandadesouza456@gmail.com;49991596880
626467891fa9440014a2;Marcieli Schabarum;marcielischabarum@gmail.com;49991124852
6269d4e7f9202300130c;Teylor Fabyano Hennicka;teylorhennicka18@gmail.com;49992029036
62818cc1eda323001271;Vitoria Postay;vitoriabreier@icloud.com;49991688905
6283aede92d8640012e6;josiane da costa;josianedacosta90@gmail.com;49991418907
6060fe155183be00128a;Renan Henrique;renanvedana@hotmail.com;49999100903
623ba01041182d0013cb;Uiliton Baiardi;baiardibsb@gmail.com;49999354804
62745a71c2ac8d00123f;Cassiana Patricia Blau;cassiana_blau@hotmail.com;49999611296
626db9539c9a15001391;Fernanda Lethicia Locatelli Pereira;fernandalocatelli88@hotmail.com;65999547848
6286d1db8025750012f3;Kaiane Bergmann;contato@tocawebdesign.com;49991782077
600964806b8b92001440;Giseli Dauernheimer;giselidm@gmail.com;49991424214
627ed8039d38c9001394;Guilherme Cerezer;guilhermecerezer@gmail.com;49991526728
62882069482be7001306;Ana Paula De Moraes;cympgdrc5p@privaterelay.appleid.com;49991362410
62881f9b482be7001306;Arthur Roth Lucca;bombabombinha157@gmail.com;49988331989
6287fc957c73d90012a7;Eliseu Paulus;eliseunaparati@gmail.com;49999075331
62884192482be7001314;Ori Pessoni;cadeirasconfortaveis@gmail.com;49989273380
627aa8c3529d4f001328;Alessandra Paloschi;alessandra-paloschi@hotmail.com;49988403975
61f58e27379ac9001256;Dani Spagnol;spagnoldaniela056@gmail.com;49991656544
61c505426c2a85001250;Iriel Fernando Matiello;irielmatielloof@gmail.com;49991556231
6289768a7c73d90012f4;Diogo Kunst;diogokunst0007@gmail.com;49991042326
62897871a0e7920013b6;Dos Santos Jeovane;dossantosjeovane5@gmail.com;49991350796
600d8d20d22cb000126f;Amanda Gabriela Diesel;amandag.smo@gmail.com;49991071681
62842810937ee8001250;Marisa De Fatima Nunes;marinunes1530@gmail.com;45999002079
628a8ff87c73d900120f;Vanis Dalvana Ribeiro Roberti;vaisrobertt@icloud.com;49998250235
628966faafbac40013c0;Cesar Manoel Orso;cesarorsosmo@hotmail.com;49988158843
62895d31f3d88b0014ac;Matheus Frare;frare209@gmail.com;49999848326
628e9d65dc0fd40013a8;Nancy Presse;p26crcqxtt@privaterelay.appleid.com;49999153508
60985288c57eea0013b2;Darli Bortoli;darlibortoli@yahoo.com.br;49991287009
628eb21ddc0fd40013b0;Deise Cristiane blasi da silva;deiseblasi426@gmail.com;49988982477
629001101855200013b4;Cristiane Gallon;cristianealba@yahoo.com.br;49999979657
6261fd57047a9600145e;Maíra Ribeiro;mairaribeirouno@gmail.com;49998406981
6291423fd248580013aa;Giovana Garlet;giovana.garlet08@gmail.com;55999321519
6291473aef5739001337;Caetano Besutti;caetanomoraesbesutti@gmail.com;49999737260
609f30922236c200139f;Antonio Cesar;antoniocesarfagundes@yahoo.com.br;49984284119
62914f24c41d6a0012f8;Rafael Sabino;rafesporte@gmail.com;49984148286
60174d5e9f5f700012e5;Rainan Shafer;rainanschafer0@gmail.com;49991717295
6025a8008cea41001465;Fernanda Junges Da Silva;fernandajungmh@icloud.com;55992142988
600c40d32cfc8d001394;Daniela Gnoatto;daniela.gnoatto@gmail.com;49991762842
62928f3671e27c001338;Edijeferson PROBST;probst1974@yahoo.com.br;49984180487
62791828aab7550012ab;Fábio Brunetto;fabiobrnt@gmail.com;49984007568
62929186745357001360;Gabriela Borges Perotto;gabi.bb67@gmail.com;49991496456
6272e6b20233fa0013b5;Joice Chielle De Oliveira;joice_oliveira9802@hotmail.com;49991652446
6019a66324a4b70013d4;Camila Fernandes;myllaafernandess24@gmail.com;49998148322
6292b2e071e27c001350;José Bruno Miranda Leal;josebruno.bruno9@gmail.com;49988974152
6293ea69c41d6a001281;Alexssandra Barbieri;alexssandrab12@icloud.com;49999625708
6293ee6ec41d6a001283;Caroline Scariot;scariotcaroline4@gmail.com;49998058351
6293edaf7453570013b0;Suyane De Moura Honorato;suyanedemoura12@gmail.com;49992005211
6293fdc47453570013b8;Vitor Gabriel Mocellin;nsnsfkyf8y@privaterelay.appleid.com;49991644540
6293ff00ef57390013cf;Fabrício Kasper;fbrckasper@gmail.com;49999819483
6010b8d02d807500125d;Eloisa Bido;eloisabido22@gmail.com;49992001201
629459967453570013c4;Eduarda Zanata;zanataeduarda20@gmail.com;49999304144
5b8aafa7cc8e16000fee;Gabriela Barbieri;gabriela-barbieri@hotmail.com;49991866206
62979e6b13470f001415;Maikely Brum;weltonrech@gmail.com;49988735096
600b8345ce4f270012f3;Alexsandro De Bona;asandrodebona@gmail.com;49988015481
629a8bbe0095cb00125c;Yan Gabriel Bettio;yanbettio@hotmail.com;49991914010
629d2c325b9683001214;Fernando Engler;fernandocengler@gmail.com;49991148255
629d31e85b9683001217;Mari Jane Taube;mj.taube@unoesc.edu.br;49991643668
629d34ec22af190013e8;Márcia Baratto;marciabaratto@yahoo.com.br;49991601869
629d3acd60aaf40013b8;Jaqueline Fernanda Postal;jaquepostal@gmail.com;49991966992
629d473b9df0f50013d5;Guilherme Andrade Bastos;guilhermeandrade_bastos@hotmail.com;21972295812
62a3b8966ccf19001334;Vanessa Calasans Kehl;vanessakehl96@hotmail.com;49991205219
62a3cb72339e0b0013fe;Motos Precedência;almirkrauss486@gmail.com;49999660079
62a3d22e339e0b001302;Samuel Miranda;samueldornelessmo@gmail.com;49998232309
629bd18efd6f85001382;Silvio André Gutz;andregutz@hotmail.com;49991682130
62a24073aa4dc0001374;Clarice Zabel Ferraz;clarinhazabelpegoraro.f@gmail.com;49991038275
62a511704cfb21001392;Cristiane Vizentin;kris_mat@hotmail.com;49988116959
62a52310339e0b001340;Everton Borto;evertonbortoncello@hotmail.com;49988942959
62a528464d16240013e6;Débora Rodio;deborarodio6@gmail.com;49999238831
62a52dac6ccf19001384;Arthur Povala;arthurpovala4@gmail.com;49991191723
629bcc23aa0202001241;Leila Wenzel;leilawenzell.lw@gmail.com;49988020408
600f17f20b3f09001280;Leila Maria de Araujo;leila-0311@hotmail.com;49988259527
62a6762c70554700130f;Pablo Delpino;pablodelpino15@gmail.com;49998413220
600d6442fd8bde0012cc;Nayara Nay;nayarafrg98@gmail.com;49999493636
62a26bed0c35a1001385;Luana Kessler;kessler.luana@outlook.com;49991235413
627402b9fce985001337;Cristiano Berwanger;cristianoberwanger84@gmail.com;49998161680
62aba42121fa75001275;Elisandro Rodrigues;tania_elisandro@hotmail.com;49999943304
62aba5b906b297001312;Marinês Fraporti Wolfart;mari3071_@hotmail.com;49999452077
629d2e54de3813001286;Eduarda dos Santos;eduarda_eds15@outlook.com;49991863494
62a64cbd339e0b001368;Gustavo Povala;apoopovala@outlook.com;49991545966
600e1b20d22cb000126f;Leandro Fusieger;leandfusieger@hotmail.com;49991754481
600f4e66ce5c3200127b;Allana Lorenzon;allaana1@hotmail.com;49999155985
62ae63390cbde30013b3;Maia Giulia;maiatoniolli@icloud.com;49991436661
62afa90f19ff7b001378;Diogo Klein;diogoklein69@gmail.com;49984320612
62b26cca81deb20012ba;Noemi De Souza;noemi.lobo1998@gmail.com;49984254147
61f449de6f8dc10012b8;Jéssica Pavan;jess.pavan19@gmail.com;49999735523
62b474fdd75b50001449;Matheus Pellegrini;matheuspellegrinini@gmail.com;49999031587
60b3876bc9c2510013c3;André Gabriel;dededg@gmail.com;21988321112
62b667316f8c9500138e;Katia Krzyzanovski;katiadiones@gmail.com;49998098559
62b4738244c1df00125e;Janieli Prudente;janihprudente@hotmail.com;49999468707
62b7926f7cd29e0013c2;Edson Gustavo Silva;kasper-sound@hotmail.com;49988011215
62842494780b670012ce;Carla Renata Padilha Ciceri;f27ft8vjck@privaterelay.appleid.com;49984141082
61ce37b4d0ccb90019e5;Isabella Furlan;furlanisabella54@gmail.com;49999935370
62b8ce21dc70ea001438;Marjana Thomé damm;marjanathdamm@gmail.com;55999643354
62a177d866c37b001348;Rodrigo Alves;alvesrodrigocco@gmail.com;49998016935
62b8dbf2dc70ea00143e;Victor Boff;victor-boff@hotmail.com;49988450306
62ba26fc40ef42001534;Gabriela Klein Dos Santos;cqn2ymxspp@privaterelay.appleid.com;49998053173
62be36b115cbac0013c9;Adriane Abreu De Araújo;araujoadrianeee@gmail.com;49998054373
62be3acff74296001323;Du Basoti;dudabasoti@hotmail.com;49988777913
62bf71d9a4efa100147a;Franciele Fernandes;francielepaulafernandes@gmail.com;49984010262
626aed41064b5800133e;Eliane Dos Santos;pc55pgsg45@privaterelay.appleid.com;49988130917
626c42ba31c5be0014f6;Franciele Martins;francielemartins287@yahoo.com;49991753581
62ae48ea20db4b00137c;Julia Gabriela;juliasmo321@gmail.com;49988587799
62c0c98f21c82b0013cc;Elisandra Turatti;elisandra_turatti@hotmail.com;49991788432
62c0fcfcc2b102001324;Vitor Gabriel Lora;vitorlorinha@gmail.com;49920013112
62b4decdafc766001386;Jaqueline Baréa;jaquelbarea@hotmail.com;49998078313
62b8757b40ef420015fb;Gisele Cristina Anschau de Godoy;giselegodoy2001@gmail.com;49991967532
62c4bb2beb94a4001325;Robert Taylor;roberttaylor_18floripa@hotmail.com;48991433830
62c4dc63f5a78900136d;Yan Cassio;yan_cassio@outlook.com;49988566369
62c754d43789ee001442;Alan De Assis Sousa;alan12346sm@gmail.com;49991836183
62c760d897755e001399;Victor Miguel Cechinato;vmcechinato@gmail.com;55981000825
61ba7bf43c49fa001227;luis brandao;luisbrandao0708@gmail.com;49999946577
62a4fab684034a001373;Jééh Vs;jeh@icloud.com;49991797705
60a5ac50eab9a9001401;Luizane Lu;luizane_smo@hotmail.com;49991219780
62c8bdcda9496600165f;Sara Raquel Do Nascimento;sararaquel7272@hotmail.com;49999167690
6011ded25c5fb30017d2;Janaina FG Tressoldi;valentynnakauan274@gmail.com;49999325712
62ca0256c3aa6e00132c;Larissa Guimarães;princesssharon_stone@hotmail.com;71993773611
62cb47f4577901001460;Fabio Ferreira;ktyfabio72@gmail.com;49988139264
62acfa3edbeef80012bf;Adriane Simioni;adrisimioni@gmail.com;49991690897
627f0e439d38c90013ac;Edineia Lazareti;edi_sjc13@hotmail.com;49991736551
611ec92266dfcb00121f;Lucas Marcel;marcel_1704@hotmail.com;49991883441
626b09f3afc6ff0012b6;Lilian Vieira De Carvalho Silva;lilianvcarvalhosilva@gmail.com;49991892942
61526025d9ec52001235;Leandro Gaboardi;gaboardileandro@gmail.com;49991630774
629d16ea22af190013db;Tais Cecchin Nunzio;taisnunzio@gmail.com;49988322999
62d47d1466dba10013c3;Vandra Da Costa;vandradacosta@icloud.com;49988193675
62d48c2afab6a70013f6;Rafaela Camera;rafa_smo2@hotmail.com;49991500808
61f4354d75e3bf0013b0;Ricardo Spaniol;ricardolspaniol@gmail.com;51999150578
62d742d1ab7376001480;Tiago Guimarães;tiagoganzer@gmail.com;49999119920
62d892d03f61620013b1;Mário Augusto Pelissari De Christo;mario.1408pelissari@gmail.com;49991843157
604a9c1ab4fc680013dc;Debora Rodio;rodiodebora7@gmail.com;49999238831
62dc7ccb24cae1001326;Rafael P Gossler;farael_26@hotmail.com;49991741929
611f92ecaa52e90012b5;Caroline Rugeri Kurtz;carolinerkurtz@yahoo.com.br;49991559123
62e1c5326077be00132f;Isadora Vitória Schuatz;isadoravitoria1412@gmail.com;49991736341
62e1c6ec6077be001330;viviani schuatz;2yh2x6bw6f@privaterelay.appleid.com;49991806055
62e1c9244b9bc80014e7;Julhya Riffel De Oliveira;luisfabianodeoliveira@gmail.com;49984384911
62e1cba8d7601500149e;Kauã mantovani;kauamantovani03@gmail.com;49991351057
62e30e72d2a8e3001332;Juliana Norberto;juliananorberto@hotmail.com;49998123098
62e30e89d1fd0c00120d;Jacson Andrei Davila;jacsondavila007@gmail.com;49991082495
62df351749f4f6001308;Ediane Dos Santos;ediane_sjc92@hotmail.com;49991367248
62e3159f221a55001387;Gabriela Da Silva;bsg8yxwgtj@privaterelay.appleid.com;49991985708
62e318f7221a55001389;Christofer Seára;christoferseara@hotmail.com;49991172747
62d61b0103300c001315;Jhonatan Junior Dall Agnol Boff;jhonatanboff@outlook.com;49988212588
5d7d72ee092c9e00187d;Tiago Lolato;tiago_lolato@hotmail.com;49991650589
613c0921d9e57b0012d3;Kaw Binder;binderkawanne@gmail.com;49991172962
62e5b284ea6403001383;Marciano Lazarotto;marcianolazarotto@hotmail.com;49991130624
62e5b9c4ab3c710015fd;Bárbara Alves De Mello;barbara1401@hotmail.com;49984113199
61f1dfbb63bf2c00122c;Alexsandro Kilian De Ré;alexsandrodere2021@gmail.com;49985014288
62e5db7fbeb88900144f;Joao Guilherme Gomes De Souza;guilhermesouza3467@gmail.com;11954731993
600ee6a9624b09001704;Laura Toigo Araujo;llaurataraujo@gmail.com;49984164187
62d47afccbcd5200142f;Fabio Patrick Silveira Ramos;nzbr264626@privaterelay.appleid.com;49999069092
62eaf7a61023960014aa;Henrique Rubin;hrubin553@gmail.com;49988237398
62d9f608db8f91001327;Cristiano F Schwertz;cristiano.schwertz@gmail.com;49999415156
6036b70ecb5efe001291;Joice Rodio;joicesamymuca@gmail.com;49991519562
60b558a2efb70d0012db;Julia Pedrassani;juliapedrassani2502@gmail.com;49988736171
6014852e7bb735001655;Laura Juver Mallmann;laurajmallmann@gmail.com;49999830357
62edaf02545d06001339;Gian Carlos;gcbmaria09@gmail.com;49999297707
62f03a58948f5200137d;Daiane Carla Da Silva;daiagiongo@unochapeco.edu.br;49988017760
62f03d73aaf1dd0013f6;Mauricia Santos;mauricias306@gmail.com;49999316856
62673aed8e900100127a;Matheus Paganini;matheuspaganinijbs2@gmail.com;49998171712
60158c71cb778f00127a;Sandra Raquel Santi;santi.sandra23@gmail.com;49988076466
6297a24b062b2e001356;Letícia Vesaro;leticiavesaro@gmail.com;49984134729
62f2d9dea78811001562;Emerson Marcus;emerson_marista@hotmail.com;49999580142
62f4525eb89ad600156d;Julia Borges Dos Santos;julia_borges-santos@estudante.sc.senai.br;49991814111
62f6c6f31c769200142e;Isadora Apolinário;isadoraapolinario2006@gmail.com;49991809127
62e586debeb889001435;Jovana Gerevini;jovana_gerevini@hotmail.com;49988192411
62e08016ff54c00013b1;Kataine Bastos;ka.katty@hotmail.com;49988655645
62f82908bdbbbe0013c0;Jordana Marques Campos;jordanamarquescampos61@gmail.com;55992069898
62f82a935cd8680014ac;Larissa Koltz;koltzlarissa57@gmail.com;49998123810
62f81edaf8e9a70014f2;Gabrieli Aparecida Marca;rzpxdhp296@privaterelay.appleid.com;49984251821
62fac33b3912b30013f6;Jardel Oliveira;jardeloliveira2505@gmail.com;47999866881
62feb0aa04066f00148e;Ana Júlia Pacheco;anajuliapacheco506@gmail.com;49984109474
62719f43e5ae200013fa;Kelvin Querol;kelvin.querol@gmail.com;55996064616
6302a704702f8f0014ac;Jhonatan Mota Alberto;jhou_smo@hotmail.com;49998157488
6302a68da3ff64001433;Marjury Rosa;marjuuryyh@gmail.com;49991753130
62b21adf2703390012a7;Alex Amo;alex.bonetti@amo.delivery;49991137876
6306b7ab8355250013ac;Larissa Kreuzberg De Bairros;luanalarissabairroslarissa@hotmail.com;49991352035
614e5ea0fc3959001235;ROSANE ANDRIOLLO FEIDEN;rosane3112@outlook.com;49988534293
60a198d51b031100126a;Aline Maciel;aline_silva1409@outlook.com;49999188531
630949a82efc300013e3;Carine Cristina Da Costa;dacostacarinecristina@gmail.com;49988958927
630967347f5e5300133e;Guilherme Centenaro Masutti;guimasutti2@gmail.com;49999146330
6276f2c40698d80012df;Tisiane Scheila Dumke;tisianedumke@hotmail.com;49991144399
6312924bd559a400139b;Jose Ortiz;zezovalcenirortiz@gmail.com;49999462076
6312924bd559a400139b;Jose Ortiz;ortizterraplanagem06@gmail.com;49999462076
63129b04533f36001283;Livelton Souza;liveltonsouza2022@hotmail.com;49991353970
6315254e7a3ee9001574;Thiago Belo;thiagobeloemerson@gmail.com;49920016182
6317ea058102290015f3;Fernanda Breier Da Silva;52vwgzfrcq@privaterelay.appleid.com;49992007023
62e49ea584f47f00140c;Maico Cesar Ceconi;maicocesarceconi16@yahoo.com.br;49991184860
6088cdcd70c5ef001295;Eduardo Miguel De Matos Nogueira Zanetti;eduardo_mmnz@hotmail.com;49984366838
63263a4546d7d2001459;Fernanda Faria Da Silva;fernandafaria203@gmail.com;49991808053
62d24525fae44200130a;Sthefani Andreis;sthe123.smo@gmail.com;49988274009
6327a1b43669330015a2;Pablo Casagrande Carossi;pablocarossi00@gmail.com;49999579902
632a426ecfa2610017e2;Fernanda Reckonflanz;fernanda27021998@outllok.com;49991991092
632b20c91fccb9001314;Amabily Moura de Oliveira;amabilyoliveira5@gmail.com;49991240640
61f561bc10628000124f;Ezequiel Silveira;silveiraezequiel98@gmail.com;41991949266
6330da8f312e600014e2;João Vitor;joaovitor18022001@gmail.com;49999827477
6010362e1e0063001304;Sarah Weber;sahwbr@gmail.com;49991573021
6337923379fbf50016a2;Cristian Dillenburg;cristiandillenburg@gmail.com;49984099480
6339efd5bc979d00135d;Bruno Gabriel Guaresi;2f564y8hvp@privaterelay.appleid.com;49991976565
6341fb042546c4001382;Ketlin Kraemer;ketlinkraemer06@gmail.com;49991019915
6343473caeaa80001488;July Maria;jumariapioin@gmail.com;49991173219
6354819ce0c42600138f;Keitili Rocha;h8hj2pvq56@privaterelay.appleid.com;43991045548
6328d9b6fc4032001387;Odirlei Cabral;cbcabralsmo@hotmail.com;49991785130
635829a2a805fd00135a;Indianara Guaresi;indy_guaresi@hotmail.com;49984299400
632e11fa15c5f20013b3;isabelle camargo;isabellecamargo883@gmail.com;49984375099
63701a03843e640013db;Bruno Galeazzi Rech;brunogrech@hotmail.com;49988109094
600e093abf9e1a0012a6;Keila Krzyzanovski;keilinha656@gmail.com;49999213349
6010b1bb2d807500125d;Ivanês Vanzella;ivavanzella@gmail.com;49999474489
6383de309cc799001492;Édina Klein;edinaklein_@hotmail.com;49991135700
638a87dfff2706001559;Vinicius Antônio Pelissari;vapelissari@gmail.com;49991349367
638956982b6e8e001571;Sirlei Tumelero;sirleitumelero@hotmail.com.br;49991858600
63926ba610245d001351;Luca Toledo;lucatoledo93@gmail.com;49991670234
6393c5f216bc18001413;Maria Eduarda Barp;mariabarp.estudante.uni@gmail.com;49984180050
6019e30bda158e00129e;Gabriela Stormoski;gabriela_stormoski@hotmail.com;46988183322
639a3a10a02f340016a6;Bruna  Luísa;luisabruna685@gmail.com;49984043905
600d76901bf0560012bb;Renan Saft;saftrenan@gmail.com;49988077271
63b7500c50a017001c98;Izaah Sansigolo;izaahsansigolo@gmail.com;49991362603
63aa1b2343ca14001823;Livia Mello;liviasantin2201@gmail.com;49991928357
6137ff942569f4001269;stefani Sohn;stefanisohn@gmail.com;49991496397
632666854dcf60001349;Laura Klein Wolff Pereira;laukwp12@gmail.com;49998284332
63c724166b2df300135f;Mylene Wermuth;mylenewermuth23@gmail.com;49984049368
63d45b1e897a4b001370;Evandro Soares;evandrosoaressmo@gmail.com;49991572771
63d5adea0a5251001344;Camile Limberger;camile.limberger@icloud.com;49998338032
6323a583e00074001307;Felipe Slaviero;slavierofelipe7@outlook.com;49999819129
63ec2b471bb78b00132f;Júlia Fontana;juliafontanaju@hotmail.com;55996937117
63f765fc54f91100135d;Sabrina Alves;sabrinaalves2011@gmail.com;49998275555
63a77cd7c63f3d0013e4;Fernando Fritzen;fritzen.nando@gmail.com;49988160685
64309435527d1c00131b;Daniela Ferreira Da Silva Quadro;danielaquadro2015@gmail.com;49991898032
63b5851a29d1b20013a3;Joseane Pavan;josi_pavan1907@hotmail.com;49999765204
643b40412a08a200138e;Adriano Silva;adriano589vendas@live.com;49999558150
613906e37d6fba0012a988f4;Dioni Marcos Gromann;dioni.gromann@amo.delivery;54999455573
